mint,symbol,discovered_at,decision_time,observation_started_at,observation_exit_reason,tier1_passed,tier1_reason,rejection_reason,lp_locked_burned,age_minutes,liquidity_usd,market_cap_usd,buys,sells,wash_multiplier,buy_sell_ratio,total_txns,lp_burn_pct,n_snaps,price_first,price_peak,price_last,liq_first,liq_last,peak_return,final_return,post_accept_return_5m,post_accept_return_15m,post_accept_return_30m,post_accept_return_full,post_reject_return_5m,post_reject_return_15m,post_reject_return_30m,post_reject_return_full,scorer_score,scorer_bp_trend,scorer_vm_trend,scorer_reason,scorer_version,scorer_bp_component,scorer_vm_component,scorer_vlr_component,scorer_bp_p1,scorer_bp_p2,scorer_bp_p3,scorer_vm_p1,scorer_vm_p2,scorer_vm_p3,s1_buy_pressure,s1_reason
6iVQbtBvYCrxaCTy3C8TQsAn81KoATHspqRPpkoVpump,LEGO,2026-09-20T07:39:22.099449+00:00,2026-09-20T07:39:22.099449+00:00,,,False,WASH_TRADING,TIER2_DISCARD:score=4.19,True,0.62,49481.61601370505,320378.14439746685,34,0,34.0,,34,100,3,0.000321819156,0.000332138741,0.000332138741,49592.771738,50390.181285,0.032066409993319445,0.032066409993319445,0.032066409993319445,0.032066409993319445,0.032066409993319445,0.032066409993319445,,,,,4.19,FLAT,FLAT,discard,,,,,,,,,,,,
JBuZGvh6Kf6NSUarom37cqtfg1vUVKv29anAJDc7Gaof,SpaceX,2026-09-20T07:39:22.282310+00:00,2026-09-20T07:39:22.282310+00:00,,,False,LP_NOT_BURNED,OBSERVE_WINDOW_ELAPSED,False,3.09,22501.372034247273,56364.44944951214,305,2,152.5,152.5,307,0,3,5.636808e-05,5.6502369e-05,5.6502369e-05,22502.097695,22532.724509,0.0023823589520877153,0.0023823589520877153,0.0023823589520877153,0.0023823589520877153,0.0023823589520877153,0.0023823589520877153,,,,,,,,,,,,,,,,,,,,
D8xF2LHWCwA413REGLRHbq1Ppm8T3QoAr37kmwf4pump,NICKI,2026-09-20T07:39:22.510022+00:00,2026-09-20T07:39:22.510022+00:00,,,True,,TIER2_DISCARD:score=4.55,True,5.51,71357.27781301423,665951.499686997,1632,1303,1.2525,1.2524942440521873,2935,100,5,0.000695262219,0.000768768455,0.000129532241,72925.770024,31530.762223,0.10572447918387473,-0.8136929672572932,0.10572447918387473,0.10572447918387473,0.10572447918387473,0.10572447918387473,,,,,4.55,FLAT,DECELERATING,discard,,,,,,,,,,,0.5552,skip_no_signal
3XfwgXJSsGonXn2myxt4icQdJi9hKdyTWUuPPhqGe1rk,PORNHUB,2026-09-20T07:39:22.669965+00:00,2026-09-20T07:39:22.669965+00:00,,,False,LP_NOT_BURNED,OBSERVE_WINDOW_ELAPSED,False,5.82,25582.880841041155,68512.71218023279,3940,73,53.9726,53.97260273972603,4013,0,2,6.883483e-05,6.883483e-05,6.8750198e-05,25648.146027,25633.22925,0.0,-0.0012294938478093487,0.0,0.0,0.0,0.0,,,,,,,,,,,,,,,,,,,,
GrQJ1BqS8oUSvmxnara8rG3Fgrw5hF2UvGMp4GFpump,neet,2026-09-20T07:39:22.801062+00:00,2026-09-20T07:39:22.801062+00:00,,,True,,TIER2_DISCARD:score=4.04,True,7.36,52126.6645525003,355010.6019377147,2037,1815,1.1223,1.122314049586777,3852,100,6,0.000370474339,0.000419264093,0.000419264093,53260.86798,56670.484139,0.13169536689557337,0.13169536689557337,0.13169536689557337,0.13169536689557337,0.13169536689557337,0.13169536689557337,,,,,4.04,FLAT,FLAT,discard,,,,,,,,,,,0.5289,skip_no_signal
9vByBALakH19cSvaqvxAXPJHw1m2xYHC34kaR33zpump,musebook,2026-09-20T07:39:22.905374+00:00,2026-09-20T07:39:22.905374+00:00,,,True,,TIER2_DISCARD:score=4.31,True,9.18,16869.902239868185,37060.46652178467,1227,1125,1.0907,1.0906666666666667,2352,100,3,3.7966009e-05,4.3872076e-05,4.1023189e-05,17078.390376,17753.370393,0.15556196596803207,0.08052413410111137,0.15556196596803207,0.15556196596803207,0.15556196596803207,0.15556196596803207,,,,,4.31,FLAT,FLAT,discard,,,,,,,,,,,0.5208,skip_no_signal
HJzvr7MiTmQRHS2DvDuVhhQAsjRZYZyQ1SXnHLJqpump,fomo,2026-09-20T07:39:23.058249+00:00,2026-09-20T07:39:23.058249+00:00,,,True,,TIER2_DISCARD:score=4.28,True,9.39,59359.470739160475,460833.5701338444,3193,1486,2.1487,2.148721399730821,4679,100,6,0.000466484992,0.000493354715,0.000493354715,59730.862619,61439.098548,0.05760040185815862,0.05760040185815862,0.05760040185815862,0.05760040185815862,0.05760040185815862,0.05760040185815862,,,,,4.28,FLAT,FLAT,discard,,,,,,,,,,,0.6644,skip_no_signal
BVbbnketJLQsHsHT45VKnosorgK6wPE1aAN4JrxPpump,COOLJAK,2026-09-20T07:39:23.450444+00:00,2026-09-20T07:39:23.450444+00:00,,,True,,TIER2_DISCARD:score=4.82,True,9.97,36107.21560897528,163078.6761318173,1361,1098,1.2395,1.2395264116575593,2459,100,3,0.000146771533,0.000146771533,0.000106248992,34228.547323,29187.825081,0.0,-0.27609264665785027,0.0,0.0,0.0,0.0,,,,,4.82,FLAT,DECELERATING,discard,,,,,,,,,,,0.553,skip_no_signal
21La252xiAfugNfaa7B7MTRaR2AQ97wvzmvixznMpump,USDF,2026-09-20T07:39:23.734749+00:00,2026-09-20T07:39:23.734749+00:00,,,False,WASH_TRADING,OBSERVE_WINDOW_ELAPSED,True,11.9,672891.5599411838,59201797.05348371,2617,35,74.7714,74.77142857142857,2652,100,2,0.059238584294,0.059279814493,0.059279814493,673209.794838,673446.017532,0.000696002436441967,0.000696002436441967,0.000696002436441967,0.000696002436441967,0.000696002436441967,0.000696002436441967,,,,,,,,,,,,,,,,,,,,
2dXtN29yKhZBGRapcn4ZYPrk6SsJPh8MXoMTLhRbpump,YouTube,2026-09-20T07:39:23.941061+00:00,2026-09-20T07:39:23.941061+00:00,,,True,,TIER2_DISCARD:score=4.26,True,11.96,60416.5066102979,476364.73344641173,3662,1827,2.0044,2.0043787629994525,5489,100,43,0.00051400851,0.000675703393,0.000675703393,62704.614681,71938.639972,0.3145762761787738,0.3145762761787738,0.09615511229570894,0.18497300754806578,0.3145762761787738,0.3145762761787738,,,,,4.26,FLAT,FLAT,discard,,,,,,,,,,,0.6518,skip_no_signal
kZgFK39Tvid7APR9ja6tH8txKC5TqjG3h7Eid8Qpump,EVO,2026-09-20T07:39:24.231497+00:00,2026-09-20T07:39:24.231497+00:00,,,True,,TIER2_DISCARD:score=4.09,True,25.2,139082.62635858307,2527413.464605453,3739,3136,1.1923,1.1922831632653061,6875,100,3,0.002530408873,0.002535057839,0.002535057839,139139.106485,139267.412931,0.0018372390523939686,0.0018372390523939686,0.0018372390523939686,0.0018372390523939686,0.0018372390523939686,0.0018372390523939686,,,,,4.09,FLAT,FLAT,discard,,,,,,,,,,,0.5438,skip_no_signal
4cFAGsZ1x7cHMgGvMAq9xfUFLCro5m1MjHcWCGPHpump,MeiMei,2026-09-20T07:41:07.103832+00:00,2026-09-20T07:41:07.103832+00:00,,,True,,TIER2_DISCARD:score=3.83,True,0.67,20056.664167950337,52598.3746188058,126,70,1.8,1.8,196,100,6,4.9951003e-05,6.1195247e-05,5.9455713e-05,19546.607699,21356.502671,0.22510546985412883,0.19028066363352103,0.22510546985412883,0.22510546985412883,0.22510546985412883,0.22510546985412883,,,,,3.83,DECELERATING,DECELERATING,discard,,,,,,,,,,,0.6425,skip_no_signal
HW9qNzrbFktEkPtTwq1tNmnHyffv5qHWvQQgB87Hpump,CAPY,2026-09-20T07:42:07.119207+00:00,2026-09-20T07:42:07.119207+00:00,,,False,WASH_TRADING,OBSERVE_WINDOW_ELAPSED,True,0.43,17190.94825576584,38696.75739397194,77,9,8.5556,8.555555555555555,86,100,3,3.8996207e-05,3.8996207e-05,1.5361755e-05,17257.350355,10834.612112,0.0,-0.6060705339880876,0.0,0.0,0.0,0.0,,,,,,,,,,,,,,,,,,,,
C2FqE2MheUAAKYWNYGvKJD9iSGUJPfQLNKaTJ8ePpump,WOTF,2026-09-20T07:43:07.103752+00:00,2026-09-20T07:43:07.103752+00:00,,,False,WASH_TRADING,OBSERVE_WINDOW_ELAPSED,True,0.11,212097.27190253482,5880110.243993299,10,0,10.0,,10,100,3,0.005887070705,0.005930730799,0.005930730799,212222.767687,213056.231469,0.007416267985862479,0.007416267985862479,0.007416267985862479,0.007416267985862479,0.007416267985862479,0.007416267985862479,,,,,,,,,,,,,,,,,,,,
HfRCqW8kwVBU2X5cC8w9a14PneaasoySZsVpbjACtBht,Polymarket,2026-09-20T07:45:06.793893+00:00,2026-09-20T07:45:06.793893+00:00,,,False,LP_NOT_BURNED,OBSERVE_WINDOW_ELAPSED,False,0.53,21479.394006982682,53712.89938504544,6,1,6.0,6.0,7,0,3,5.372714e-05,5.3800204e-05,5.3800204e-05,21482.244801,21491.005129,0.0013599086048503572,0.0013599086048503572,0.0013599086048503572,0.0013599086048503572,0.0013599086048503572,0.0013599086048503572,,,,,,,,,,,,,,,,,,,,
YCtdXN6K3szZYweTAwxm259SYM2QPQAAKyZx1Yepump,Instagram,2026-09-20T07:47:06.810632+00:00,2026-09-20T07:47:06.810632+00:00,,,False,WASH_TRADING,OBSERVE_WINDOW_ELAPSED,True,0.29,67261.07339177825,591526.7195749386,94,0,94.0,,94,100,3,0.000603230438,0.000635294262,0.000635294262,67923.758938,69698.468491,0.053153524723167145,0.053153524723167145,0.053153524723167145,0.053153524723167145,0.053153524723167145,0.053153524723167145,,,,,,,,,,,,,,,,,,,,
GLynNJ4WT23V6EH6mbbg3b2EkvoW87c5JkjiAzSZpump,ZJEANPHIL,2026-09-20T07:47:06.936377+00:00,2026-09-20T07:47:06.936377+00:00,,,False,WASH_TRADING,OBSERVE_WINDOW_ELAPSED,True,0.43,18729.319562852586,45855.25335464781,104,29,3.5862,3.586206896551724,133,100,3,5.0767698e-05,5.2638875e-05,1.0728984e-05,19714.125503,9088.413873,0.03685762943200621,-0.788665146881389,0.03685762943200621,0.03685762943200621,0.03685762943200621,0.03685762943200621,,,,,,,,,,,,,,,,,,,,
XHRuv7w48a4Q7sksvKqJqqaF84MN85TyB753kmzpump,ECTF,2026-09-20T07:48:06.758875+00:00,2026-09-20T07:48:06.758875+00:00,,,False,WASH_TRADING,OBSERVE_WINDOW_ELAPSED,True,0.08,179746.63431048713,4223951.345105017,11,0,11.0,,11,100,3,0.004227585015,0.004265205327,0.004265205327,179819.531645,180608.350079,0.008898771252740856,0.008898771252740856,0.008898771252740856,0.008898771252740856,0.008898771252740856,0.008898771252740856,,,,,,,,,,,,,,,,,,,,
7udFXkoiRreEBaVhxKnAiCwU6XkWHoFpXs1QNCVGpump,USDF,2026-09-20T07:48:06.867683+00:00,2026-09-20T07:48:06.867683+00:00,,,True,,TIER2_DISCARD:score=4.11,True,0.48,126015.90729509824,2076282.6407024907,66,30,2.2,2.2,96,100,3,0.002081333888,0.002109551216,0.002109551216,126166.023197,127011.856732,0.013557328866208307,0.013557328866208307,0.013557328866208307,0.013557328866208307,0.013557328866208307,0.013557328866208307,,,,,4.11,FLAT,FLAT,discard,,,,,,,,,,,0.6409,skip_no_signal
67qKGzMAHviNKsiwyNWbSe8Hc1vnkkeHLmqs1q8Rpump,MONTY,2026-09-20T07:48:06.996097+00:00,2026-09-20T07:48:06.996097+00:00,,,True,,TIER2_DISCARD:score=4.79,True,0.91,19502.27902371297,49647.7643972556,123,74,1.6622,1.662162162162162,197,100,6,5.4303971e-05,7.017059e-05,5.533444e-05,20404.475484,20713.98035,0.2921815607186442,0.018975941925130968,0.2921815607186442,0.2921815607186442,0.2921815607186442,0.2921815607186442,,,,,4.79,FLAT,DECELERATING,discard,,,,,,,,,,,0.6074,skip_no_signal
GN33EHg5qZ7yRGKZNhn7judn8uqM7nXqMoEivPLpump,SAI,2026-09-20T07:49:06.769486+00:00,2026-09-20T07:49:06.769486+00:00,,,False,WASH_TRADING,OBSERVE_WINDOW_ELAPSED,True,0.91,134880.04615830648,2378721.957463896,17,0,17.0,,17,100,3,0.002385864732,0.002401564005,0.002401564005,135075.207496,135495.49502,0.006580118641864585,0.006580118641864585,0.006580118641864585,0.006580118641864585,0.006580118641864585,0.006580118641864585,,,,,,,,,,,,,,,,,,,,
2E1pwDAbTSM26kzA6ApW8cjDGNi165STRHgRubpS3wJG,XIAOMI,2026-09-20T07:55:07.100079+00:00,2026-09-20T07:55:07.100079+00:00,,,False,LP_NOT_BURNED,OBSERVE_WINDOW_ELAPSED,False,0.94,22371.689272484466,55956.492006391505,52,2,26.0,26.0,54,0,3,5.5982287e-05,5.6882272e-05,5.6882272e-05,22376.851598,22556.366147,0.016076245688211976,0.016076245688211976,0.016076245688211976,0.016076245688211976,0.016076245688211976,0.016076245688211976,,,,,,,,,,,,,,,,,,,,
54XjwWQx4cCkPHMtHRokmGPZinanhqHpKzB73ZTLpump,BABYZCAT,2026-09-20T08:00:07.007452+00:00,2026-09-20T08:00:07.007452+00:00,,,False,WASH_TRADING,OBSERVE_WINDOW_ELAPSED,True,0.11,19048.94329892986,47558.10241778473,21,3,7.0,7.0,24,100,3,4.5599298e-05,4.5599298e-05,1.8106338e-05,18656.230432,11775.649055,0.0,-0.6029250713464931,0.0,0.0,0.0,0.0,,,,,,,,,,,,,,,,,,,,
5S27UsNhSY8CriDQjZXg8bGwbDYcvG93GSTCXPPspump,fomo,2026-09-20T08:02:07.137227+00:00,2026-09-20T08:02:07.137227+00:00,,,False,WASH_TRADING,OBSERVE_WINDOW_ELAPSED,True,0.16,54534.16204741941,389012.2997852903,16,0,16.0,,16,100,3,0.000392986242,0.000402571379,0.000402571379,54808.877323,55474.185182,0.024390515431835347,0.024390515431835347,0.024390515431835347,0.024390515431835347,0.024390515431835347,0.024390515431835347,,,,,,,,,,,,,,,,,,,,
ENJom9qBf8uNzV3yE334auBoUXJbr28TdvMuFrAqxc9f,PENIS,2026-09-20T08:02:07.262021+00:00,2026-09-20T08:02:07.262021+00:00,,,False,LP_NOT_BURNED,OBSERVE_WINDOW_ELAPSED,False,0.54,20827.160097082688,52081.86258114173,5,1,5.0,5.0,6,0,3,5.2107107e-05,5.2194383e-05,5.2194383e-05,20831.003503,20848.77489,0.0016749346687008337,0.0016749346687008337,0.0016749346687008337,0.0016749346687008337,0.0016749346687008337,0.0016749346687008337,,,,,,,,,,,,,,,,,,,,
6j6cgsMU2Fg5CefZeSM3HMwisdFWvUdBRvJuZSUopump,PIKACHU,2026-09-20T08:04:07.118769+00:00,2026-09-20T08:04:07.118769+00:00,,,False,WASH_TRADING,OBSERVE_WINDOW_ELAPSED,True,0.12,61324.52422536366,491646.4379868612,6,0,6.0,,6,100,3,0.000497881777,0.000509491395,0.000509491395,61726.589873,62442.017944,0.02331802153907714,0.02331802153907714,0.02331802153907714,0.02331802153907714,0.02331802153907714,0.02331802153907714,,,,,,,,,,,,,,,,,,,,
icqJ6cSioYdoadPYb278oWAGPwJASzXYVHYsTy3ypqx,OpenSea,2026-09-20T08:06:07.118243+00:00,2026-09-20T08:06:07.118243+00:00,,,False,LP_NOT_BURNED,OBSERVE_WINDOW_ELAPSED,False,0.72,22633.578074982775,56607.63505452928,29,1,29.0,29.0,30,0,3,5.6605141e-05,5.6666996e-05,5.6666996e-05,22624.91002,22634.102771,0.0010927452684907912,0.0010927452684907912,0.0010927452684907912,0.0010927452684907912,0.0010927452684907912,0.0010927452684907912,,,,,,,,,,,,,,,,,,,,
Kx96koVv3F9MjTGqBTTifW45LqKZ95GTTh5xAXApump,fomo,2026-09-20T08:07:07.600409+00:00,2026-09-20T08:07:07.600409+00:00,,,False,WASH_TRADING,OBSERVE_WINDOW_ELAPSED,True,0.87,234960.36024249962,7218556.374312042,71,0,71.0,,71,100,2,0.007187494375,0.007261054615,0.007261054615,234456.056617,235653.683298,0.01023447618350315,0.01023447618350315,0.01023447618350315,0.01023447618350315,0.01023447618350315,0.01023447618350315,,,,,,,,,,,,,,,,,,,,
8iiwv8kdi6LuVXM1WJSruorA1c1e1FybfuHuRn6Upump,JEANKITTY,2026-09-20T08:12:07.100180+00:00,2026-09-20T08:12:07.100180+00:00,,,False,WASH_TRADING,OBSERVE_WINDOW_ELAPSED,True,0.51,19736.839257724314,50908.08446218417,129,35,3.6857,3.6857142857142855,164,100,3,5.7575658e-05,6.9200507e-05,5.8922116e-05,20993.222614,21331.664693,0.20190562129572176,0.023385889918965397,0.20190562129572176,0.20190562129572176,0.20190562129572176,0.20190562129572176,,,,,,,,,,,,,,,,,,,,
GAvv5tCMUQJGGUYouFYaQoaYEEii7N1pK2UvTHeKoHhA,PIKACHU,2026-09-20T08:12:07.220367+00:00,2026-09-20T08:12:07.220367+00:00,,,False,LP_NOT_BURNED,OBSERVE_WINDOW_ELAPSED,False,0.54,24317.50255075615,61884.252365511726,373,2,186.5,186.5,375,0,3,6.19478e-07,6.40509e-07,6.40509e-07,24330.007698,24744.368385,0.033949551073645834,0.033949551073645834,0.033949551073645834,0.033949551073645834,0.033949551073645834,0.033949551073645834,,,,,,,,,,,,,,,,,,,,
9ecUmc9Mdea1DkHkQsucVXCLD1vm152ARK6kphtuYRT3,DISNEY,2026-09-20T08:15:07.261234+00:00,2026-09-20T08:15:07.261234+00:00,,,False,LP_NOT_BURNED,OBSERVE_WINDOW_ELAPSED,False,0.58,21703.90204781905,54269.27437037362,9,2,4.5,4.5,11,0,3,5.4277882e-05,5.4373008e-05,5.4373008e-05,21705.625386,21725.482002,0.0017525739121506678,0.0017525739121506678,0.0017525739121506678,0.0017525739121506678,0.0017525739121506678,0.0017525739121506678,,,,,,,,,,,,,,,,,,,,
D2yBVc2S2945vsZ8qrzx5DamFKgMY8qfmmnDMBB9tBn3,CURTIS,2026-09-20T08:17:07.142917+00:00,2026-09-20T08:17:07.142917+00:00,,,True,,TIER2_DISCARD:score=4.76,True,0.96,21842.700703301005,62184.21143125451,151,93,1.6237,1.6236559139784945,244,100,5,5.628351e-05,7.8220637e-05,6.4679692e-05,20788.06218,22441.318494,0.389761175164804,0.14917658831156766,0.389761175164804,0.389761175164804,0.389761175164804,0.389761175164804,,,,,4.76,FLAT,DECELERATING,discard,,,,,,,,,,,0.6264,skip_no_signal
CnGaGpkQg1APy4Y4ZmAmPFmwSCQyL3pZX8Swu6i2Moxt,Pigeon,2026-09-20T08:17:07.365142+00:00,2026-09-20T08:17:07.365142+00:00,,,False,LP_NOT_BURNED,OBSERVE_WINDOW_ELAPSED,False,0.97,24397.77129175819,62271.09147203083,699,5,139.8,139.8,704,0,3,6.2515922e-05,6.4560947e-05,6.4560947e-05,24445.74642,24841.741167,0.03271206653562597,0.03271206653562597,0.03271206653562597,0.03271206653562597,0.03271206653562597,0.03271206653562597,,,,,,,,,,,,,,,,,,,,
xxXoupYsst3ab6dHShvFifgDWo1qFaJnsLwsPW8pump,Batman,2026-09-20T08:20:07.257274+00:00,2026-09-20T08:20:07.257274+00:00,,,False,WASH_TRADING,OBSERVE_WINDOW_ELAPSED,True,0.13,66222.57326397032,573345.7653240644,11,0,11.0,,11,100,3,0.000583563786,0.000625816419,0.000625816419,66810.50091,69169.710614,0.07240448090450902,0.07240448090450902,0.07240448090450902,0.07240448090450902,0.07240448090450902,0.07240448090450902,,,,,,,,,,,,,,,,,,,,
zsuLoqE42Lu4xiZ7x2ssbN3ZC8RyxGzk9F1UHArpump,SATURNUS,2026-09-20T08:20:07.456886+00:00,2026-09-20T08:20:07.456886+00:00,,,False,WASH_TRADING,OBSERVE_WINDOW_ELAPSED,True,0.38,19271.607128399446,48530.86633573681,42,13,3.2308,3.230769230769231,55,100,3,5.8301127e-05,5.8301127e-05,5.0296707e-05,21114.101251,19673.21029,0.0,-0.13729443000304253,0.0,0.0,0.0,0.0,,,,,,,,,,,,,,,,,,,,
BDw3RaSq19s49NEXDQWSbBeqp7Qvyj6p5kkQSMgXpump,Vmaxsolana,2026-09-20T08:20:07.570971+00:00,2026-09-20T08:20:07.570971+00:00,,,False,WASH_TRADING,OBSERVE_WINDOW_ELAPSED,True,0.42,19405.17929751116,49189.041489304676,26,10,2.6,2.6,36,100,3,4.4901889e-05,5.1508582e-05,5.1508582e-05,18526.319522,19857.226002,0.14713619286707513,0.14713619286707513,0.14713619286707513,0.14713619286707513,0.14713619286707513,0.14713619286707513,,,,,,,,,,,,,,,,,,,,
P2jSw3pyRjWtnKYqew8qeLnLiHQtxJSwYGdKwWApump,WTOF,2026-09-20T08:20:07.798944+00:00,2026-09-20T08:20:07.798944+00:00,,,False,WASH_TRADING,OBSERVE_WINDOW_ELAPSED,True,0.58,134644.15237183258,2369315.7321555205,32,0,32.0,,32,100,3,0.00237238386,0.002395564376,0.002395564376,134726.32351,135344.269347,0.009770980316819333,0.009770980316819333,0.009770980316819333,0.009770980316819333,0.009770980316819333,0.009770980316819333,,,,,,,,,,,,,,,,,,,,
E61sZPon1q5uMvGLos7maK5mKHjBrLPDZxppsGbXd7ad,PORNHUB,2026-09-20T08:23:07.155885+00:00,2026-09-20T08:23:07.155885+00:00,,,False,LP_NOT_BURNED,OBSERVE_WINDOW_ELAPSED,False,0.96,21089.829125966848,52761.78278330119,55,1,55.0,55.0,56,0,3,5.2776163e-05,5.2844286e-05,5.2844286e-05,21092.706062,21101.989552,0.001290791071719255,0.001290791071719255,0.001290791071719255,0.001290791071719255,0.001290791071719255,0.001290791071719255,,,,,,,,,,,,,,,,,,,,
F5Wk7x1A2X8tMatZ2qLtMoRmM7nq5kRT2tN3Dn94ysgM,DISNEY,2026-09-20T08:23:07.278748+00:00,2026-09-20T08:23:07.278748+00:00,,,False,LP_NOT_BURNED,OBSERVE_WINDOW_ELAPSED,False,0.99,36764.17749466041,92751.96358588645,495,0,495.0,,495,0,3,9.305413e-05,9.4715197e-05,9.4715197e-05,36824.087959,37144.067534,0.01785054569850897,0.01785054569850897,0.01785054569850897,0.01785054569850897,0.01785054569850897,0.01785054569850897,,,,,,,,,,,,,,,,,,,,
EiTkygVu3GcYhKGf8N5YeQnCTVa2ViipdjnmefWrpump,RICH,2026-09-20T08:24:07.016351+00:00,2026-09-20T08:24:07.016351+00:00,,,False,WASH_TRADING,OBSERVE_WINDOW_ELAPSED,True,0.17,188194.35078137316,4636581.960135228,23,0,23.0,,23,100,3,0.004647261621,0.004676382449,0.004676382449,188390.59401,188926.400388,0.006266233832932677,0.006266233832932677,0.006266233832932677,0.006266233832932677,0.006266233832932677,0.006266233832932677,,,,,,,,,,,,,,,,,,,,
8bmdgtTrNBXDDcerKxaHGumMuW8M6tcTPS9pZPKUpump,JEANW,2026-09-20T08:26:07.041206+00:00,2026-09-20T08:26:07.041206+00:00,,,False,WASH_TRADING,OBSERVE_WINDOW_ELAPSED,True,0.18,19579.068516892934,50298.608358291356,22,6,3.6667,3.6666666666666665,28,100,3,5.0975602e-05,5.923344e-05,5.923344e-05,19718.46982,21297.936567,0.16199588971994872,0.16199588971994872,0.16199588971994872,0.16199588971994872,0.16199588971994872,0.16199588971994872,,,,,,,,,,,,,,,,,,,,
BBGEZnzpGwYTorjGthVPYK6Hbe8uaAcudvt81Yhc2tZq,TikTok,2026-09-20T08:28:07.141458+00:00,2026-09-20T08:28:07.141458+00:00,,,False,LP_NOT_BURNED,OBSERVE_WINDOW_ELAPSED,False,0.04,22032.971432829632,55095.79578998184,2,0,2.0,,2,0,3,5.5115222e-05,5.5197025e-05,5.5197025e-05,22036.852615,22057.805788,0.0014842179171483671,0.0014842179171483671,0.0014842179171483671,0.0014842179171483671,0.0014842179171483671,0.0014842179171483671,,,,,,,,,,,,,,,,,,,,
FaqMJSDaBw7otnvaffD8PAQt79wUykH5cMgorv5iMLd8,HIKIKOMORI,2026-09-20T08:28:07.383310+00:00,2026-09-20T08:28:07.383310+00:00,,,False,LP_NOT_BURNED,OBSERVE_WINDOW_ELAPSED,False,0.93,24305.41928291015,62017.942085910174,619,4,154.75,154.75,623,0,3,6.2633156e-05,6.4445368e-05,6.4445368e-05,24425.818397,24782.244747,0.02893374876399335,0.02893374876399335,0.02893374876399335,0.02893374876399335,0.02893374876399335,0.02893374876399335,,,,,,,,,,,,,,,,,,,,
7XtU24wotBC69DP55rLkUYLNjC2mQxRpvFWrJjSFpump,LONELYCAT,2026-09-20T08:30:07.157808+00:00,2026-09-20T08:30:07.157808+00:00,,,True,,TIER2_DISCARD:score=4.73,True,0.33,20592.59784027343,55468.87394710312,42,20,2.1,2.1,62,100,3,6.3201684e-05,6.3201684e-05,4.8142008e-05,21967.057626,19232.007024,0.0,-0.23827966356086328,0.0,0.0,0.0,0.0,,,,,4.73,DECELERATING,FLAT,discard,,,,,,,,,,,0.641,skip_no_signal
A1jF6Gto4JEKBo8JLXUXn8KkUNmpHW7KE5nsahADB6iq,LUNARIS,2026-09-20T08:30:07.271031+00:00,2026-09-20T08:30:07.271031+00:00,,,False,LP_NOT_BURNED,OBSERVE_WINDOW_ELAPSED,False,0.87,24361.29255127741,62283.16352515778,848,4,212.0,212.0,852,0,3,6.3353684e-05,6.5302735e-05,6.5302735e-05,24570.023135,24942.996023,0.030764603996825013,0.030764603996825013,0.030764603996825013,0.030764603996825013,0.030764603996825013,0.030764603996825013,,,,,,,,,,,,,,,,,,,,
DB9pfNV9kaktNxoc1b1DHKGhQ8seKDQJbrTHxHddpump,JEANWHALE,2026-09-20T08:35:07.173771+00:00,2026-09-20T08:35:07.173771+00:00,,,False,WASH_TRADING,OBSERVE_WINDOW_ELAPSED,True,0.22,19261.086779031,48739.142469698,28,6,4.6667,4.666666666666667,34,100,3,5.6421401e-05,5.977269e-05,5.977269e-05,20736.723685,21394.24423,0.05939747933589956,0.05939747933589956,0.05939747933589956,0.05939747933589956,0.05939747933589956,0.05939747933589956,,,,,,,,,,,,,,,,,,,,
7dWfisegCRAaTcWN2WHvf6G6GiMLPZm7vktV7fetpump,BUYBACK,2026-09-20T08:36:07.175030+00:00,2026-09-20T08:36:07.175030+00:00,,,True,,TIER2_DISCARD:score=4.76,True,0.4,17931.50009682532,33924.751353629035,33,49,0.6735,0.673469387755102,82,100,5,3.4805633e-05,4.0055128e-05,4.0055128e-05,18040.947172,19364.232308,0.15082314405831942,0.15082314405831942,0.15082314405831942,0.15082314405831942,0.15082314405831942,0.15082314405831942,,,,,4.76,FLAT,DECELERATING,discard,,,,,,,,,,,0.5164,skip_no_signal
LQU3KbwmT5HKVzLqQD6zrGprJXBWtdU9aJE2xsMpump,Samsung,2026-09-20T08:36:07.303919+00:00,2026-09-20T08:36:07.303919+00:00,,,False,WASH_TRADING,OBSERVE_WINDOW_ELAPSED,True,0.55,67633.98179619509,600018.8384089975,230,45,5.1111,5.111111111111111,275,100,3,0.000615447775,0.00064680444,0.00064680444,68501.1866,70226.993841,0.050949351470155335,0.050949351470155335,0.050949351470155335,0.050949351470155335,0.050949351470155335,0.050949351470155335,,,,,,,,,,,,,,,,,,,,
136j4dDXJRG2qQyQcdPrmLoA9Hxrm9q8Zb6bdDy4pump,Caton,2026-09-20T08:37:07.040066+00:00,2026-09-20T08:37:07.040066+00:00,,,False,WASH_TRADING,OBSERVE_WINDOW_ELAPSED,True,0.1,19191.326692613264,48372.82706034881,13,3,4.3333,4.333333333333333,16,100,3,4.6715747e-05,5.3868649e-05,5.2801256e-05,18866.359201,20066.837545,0.15311543664280913,0.13026675994285175,0.15311543664280913,0.15311543664280913,0.15311543664280913,0.15311543664280913,,,,,,,,,,,,,,,,,,,,
HnEiwFqfGgubKdnn9WjF92c5JNvi46dW6pUT2F9epump,Regulus,2026-09-20T08:37:07.153289+00:00,2026-09-20T08:37:07.153289+00:00,,,False,WASH_TRADING,OBSERVE_WINDOW_ELAPSED,True,0.57,21087.885693827317,58391.08522687193,45,10,4.5,4.5,55,100,3,6.4321627e-05,7.1014063e-05,7.1014063e-05,22133.924786,23254.829463,0.10404643526818758,0.10404643526818758,0.10404643526818758,0.10404643526818758,0.10404643526818758,0.10404643526818758,,,,,,,,,,,,,,,,,,,,
7iNSvdxUvvGsbYPkDnnA84w18SQ8mzLpjJVk5J9naoDE,Redbull,2026-09-20T08:37:07.275032+00:00,2026-09-20T08:37:07.275032+00:00,,,False,LP_NOT_BURNED,OBSERVE_WINDOW_ELAPSED,False,1.0,22170.655306352663,55443.18453389449,7,1,7.0,7.0,8,0,3,5.5472018e-05,5.5617283e-05,5.5617283e-05,22176.426156,22201.477408,0.0026187076879011784,0.0026187076879011784,0.0026187076879011784,0.0026187076879011784,0.0026187076879011784,0.0026187076879011784,,,,,,,,,,,,,,,,,,,,
6MyS46zzASB321ofiptouxASKBnQyE8TrMRhGs3upump,alby,2026-09-20T08:41:07.524034+00:00,2026-09-20T08:41:07.524034+00:00,,,False,WASH_TRADING,OBSERVE_WINDOW_ELAPSED,True,0.34,20105.734648277234,53069.71617030097,77,16,4.8125,4.8125,93,100,3,5.0761238e-05,6.4050936e-05,6.4050936e-05,19677.844183,22163.737906,0.261807996093397,0.261807996093397,0.261807996093397,0.261807996093397,0.261807996093397,0.261807996093397,,,,,,,,,,,,,,,,,,,,
69zhGTgkVBN381SGjNa6LnMhysckFcAUPAsB2rZs3wxY,DIH,2026-09-20T08:43:07.181860+00:00,2026-09-20T08:43:07.181860+00:00,,,False,LP_NOT_BURNED,OBSERVE_WINDOW_ELAPSED,False,0.4,25571.616737969533,64143.83346123224,165,5,33.0,33.0,170,0,3,6.4699976e-05,6.5835854e-05,6.5835854e-05,25679.397797,25901.262785,0.017556080700864563,0.017556080700864563,0.017556080700864563,0.017556080700864563,0.017556080700864563,0.017556080700864563,,,,,,,,,,,,,,,,,,,,
EbQDNUNStRYTs8a1hTLJ7zvXVETHKjHGBKDafixkfJX7,Fartcoin,2026-09-20T08:43:07.300518+00:00,2026-09-20T08:43:07.300518+00:00,,,False,LP_NOT_BURNED,OBSERVE_WINDOW_ELAPSED,False,0.64,21041.525171016146,52625.866883250426,17,1,17.0,17.0,18,0,3,5.2654476e-05,5.2729905e-05,5.2729905e-05,21044.813308,21057.571252,0.0014325277873812325,0.0014325277873812325,0.0014325277873812325,0.0014325277873812325,0.0014325277873812325,0.0014325277873812325,,,,,,,,,,,,,,,,,,,,
8TaZj4fVAoNmSgyCjx6SuZMergcd1au51NJjdkB3pump,WIFG,2026-09-20T08:44:07.040401+00:00,2026-09-20T08:44:07.040401+00:00,,,True,,TIER2_DISCARD:score=4.71,True,0.04,18715.18479400262,46110.7928885313,5,3,1.6667,1.6666666666666667,8,100,3,4.865967e-05,5.4698396e-05,5.4698396e-05,19238.956753,20481.809671,0.12410125263899241,0.12410125263899241,0.12410125263899241,0.12410125263899241,0.12410125263899241,0.12410125263899241,,,,,4.71,DECELERATING,FLAT,discard,,,,,,,,,,,0.736,skip_no_signal
J9ceaF6mz9oi27snkYF481VdNijXN8XCHgWsZU2vpump,Cta,2026-09-20T08:47:07.724040+00:00,2026-09-20T08:47:07.724040+00:00,,,True,,TIER2_DISCARD:score=4.79,True,0.94,19291.36663397605,48824.28845398636,115,76,1.5132,1.513157894736842,191,100,4,4.3348221e-05,6.6006697e-05,4.2015141e-05,18179.91501,17914.765612,0.5227083252159299,-0.030752819129532316,0.5227083252159299,0.5227083252159299,0.5227083252159299,0.5227083252159299,,,,,4.79,FLAT,DECELERATING,discard,,,,,,,,,,,0.61,skip_no_signal
ivARtbfLrccMxqahqgua1xNgJ9PHP19CTxCmA4Dpump,Mercedes,2026-09-20T08:49:07.157467+00:00,2026-09-20T08:49:07.157467+00:00,,,False,WASH_TRADING,OBSERVE_WINDOW_ELAPSED,True,0.6,69527.61229632332,636102.6331653114,241,39,6.1795,6.17948717948718,280,100,2,0.00065988649,0.000674015134,0.000674015134,70815.731507,71568.802005,0.021410718682844943,0.021410718682844943,0.021410718682844943,0.021410718682844943,0.021410718682844943,0.021410718682844943,,,,,,,,,,,,,,,,,,,,
DCYXEFf1vPyuaaCsdGUSzYEwUxqvMgmoFUFtcTjrNFmd,MCAT,2026-09-20T08:50:07.195582+00:00,2026-09-20T08:50:07.195582+00:00,,,False,LP_NOT_BURNED,OBSERVE_WINDOW_ELAPSED,False,0.7,24225.483187820973,61816.698890852014,551,2,275.5,275.5,553,0,3,6.1914e-07,6.37001e-07,6.37001e-07,24244.566012,24581.67885,0.028848079594276044,0.028848079594276044,0.028848079594276044,0.028848079594276044,0.028848079594276044,0.028848079594276044,,,,,,,,,,,,,,,,,,,,
DViRpLmzrfJFzR2fLG4MFGGsKJHixM5ZGPEgnRV2kbBd,Redbull,2026-09-20T08:51:07.083605+00:00,2026-09-20T08:51:07.083605+00:00,,,False,LP_NOT_BURNED,OBSERVE_WINDOW_ELAPSED,False,0.43,24141.56950325074,61448.00271064679,243,2,121.5,121.5,245,0,3,6.1721229e-05,6.371028e-05,6.371028e-05,24195.249428,24581.922885,0.03222636736543283,0.03222636736543283,0.03222636736543283,0.03222636736543283,0.03222636736543283,0.03222636736543283,,,,,,,,,,,,,,,,,,,,
3EyRbcHCAzQHViLsKuuvMMJaRDoAKKJsAqjCZ1gmnncM,OpenClaw,2026-09-20T08:51:07.212803+00:00,2026-09-20T08:51:07.212803+00:00,,,False,LP_NOT_BURNED,OBSERVE_WINDOW_ELAPSED,False,0.8,22053.675234097285,55153.56324740447,37,3,12.3333,12.333333333333334,40,0,3,5.5157427e-05,5.5243467e-05,5.5243467e-05,22054.448666,22071.137199,0.0015598987240648121,0.0015598987240648121,0.0015598987240648121,0.0015598987240648121,0.0015598987240648121,0.0015598987240648121,,,,,,,,,,,,,,,,,,,,
DB3kajxPUXuWSAfMZcx9KaPeFpty9QWDsBPLBrBtpump,KITTY,2026-09-20T08:51:07.415281+00:00,2026-09-20T08:51:07.415281+00:00,,,True,,TIER2_DISCARD:score=4.86,True,1.02,23952.703408519017,74581.87291892701,784,454,1.7269,1.7268722466960353,1238,100,7,6.4863352e-05,0.000214273545,0.000212774917,22348.852426,41318.416725,2.3034608664689427,2.280356479264285,2.3034608664689427,2.3034608664689427,2.3034608664689427,2.3034608664689427,,,,,4.86,FLAT,DECELERATING,discard,,,,,,,,,,,0.6301,skip_no_signal
9dLg22TsRMWeiJ44QAteav1Jq67QLyYZVQvYDF9kpump,NTDA,2026-09-20T08:53:07.246663+00:00,2026-09-20T08:53:07.246663+00:00,,,False,WASH_TRADING,OBSERVE_WINDOW_ELAPSED,True,0.46,211353.4502877253,5871620.369999533,23,0,23.0,,23,100,3,0.005875113075,0.005915038917,0.005915038917,211416.365047,212052.40962,0.006795757203362562,0.006795757203362562,0.006795757203362562,0.006795757203362562,0.006795757203362562,0.006795757203362562,,,,,,,,,,,,,,,,,,,,
HohQ3f44PyDTqgAZLSCNLv3qt2SAQkNcTpA4cFAtKcSe,MONA,2026-09-20T08:54:07.249022+00:00,2026-09-20T08:54:07.249022+00:00,,,False,LP_NOT_BURNED,OBSERVE_WINDOW_ELAPSED,False,0.75,42020.749562754805,236851.9202612547,165,111,1.4865,1.4864864864864864,276,0,3,0.000235809636,0.000235809636,0.000215059662,41997.077144,40761.54188,0.0,-0.08799459747268334,0.0,0.0,0.0,0.0,,,,,,,,,,,,,,,,,,,,
5i3Yz6WJa8accv8xoyBtkD5bBtntsw8VKNjcqYk5pump,CASHTIGRO,2026-09-20T08:56:07.213968+00:00,2026-09-20T08:56:07.213968+00:00,,,True,,TIER2_DISCARD:score=4.78,True,0.87,23663.004128464825,73430.75050890988,129,96,1.3438,1.34375,225,100,3,7.603469e-05,8.6468079e-05,7.4811121e-05,24084.337142,23918.191826,0.13721880104988915,-0.016092246841540425,0.13721880104988915,0.13721880104988915,0.13721880104988915,0.13721880104988915,,,,,4.78,FLAT,DECELERATING,discard,,,,,,,,,,,0.5772,skip_no_signal
4hMTbUpvFpDsv5KdmEnjfXydN814ZcosoitxPE1apump,GIGAJEAN,2026-09-20T08:57:07.228601+00:00,2026-09-20T08:57:07.228601+00:00,,,False,WASH_TRADING,OBSERVE_WINDOW_ELAPSED,True,0.26,20247.556303097073,53960.368751595866,43,14,3.0714,3.0714285714285716,57,100,3,5.9225722e-05,6.6719278e-05,6.6719278e-05,21220.302181,22542.415856,0.126525363422332,0.126525363422332,0.126525363422332,0.126525363422332,0.126525363422332,0.126525363422332,,,,,,,,,,,,,,,,,,,,
Cjk5Jp2iUY4vQvLQETujKLhrNyxgekBBB56xgVg1fBe6,CEST,2026-09-20T08:58:07.197089+00:00,2026-09-20T08:58:07.197089+00:00,,,False,LP_NOT_BURNED,OBSERVE_WINDOW_ELAPSED,False,0.79,24303.458575309603,62148.72984173689,621,2,310.5,310.5,623,0,3,6.2727374e-05,6.4489807e-05,6.4489807e-05,24417.321883,24762.926875,0.028096712609075647,0.028096712609075647,0.028096712609075647,0.028096712609075647,0.028096712609075647,0.028096712609075647,,,,,,,,,,,,,,,,,,,,
6aBmoe32XfLqAn6bRzqntJKgEePc8C5uXkEzLHwFoQe2,PORNHUB,2026-09-20T08:58:07.329275+00:00,2026-09-20T08:58:07.329275+00:00,,,False,LP_NOT_BURNED,OBSERVE_WINDOW_ELAPSED,False,0.92,21758.473719736096,54815.10267735504,394,4,98.5,98.5,398,0,3,5.5058677e-05,5.664885e-05,5.664885e-05,21807.576625,22124.693242,0.028881424085072105,0.028881424085072105,0.028881424085072105,0.028881424085072105,0.028881424085072105,0.028881424085072105,,,,,,,,,,,,,,,,,,,,
7ug9Zho6iqyVUMQ1cMHTi5thjSr8V7EiMm8hoywv2dzE,KITTY,2026-09-20T08:59:07.202849+00:00,2026-09-20T08:59:07.202849+00:00,,,False,LP_NOT_BURNED,OBSERVE_WINDOW_ELAPSED,False,0.33,24363.564767360753,124980.5982855952,33,1,33.0,33.0,34,0,3,6.8499709e-05,0.00010118695,0.00010118695,18068.542687,22104.077909,0.47718802717833464,0.47718802717833464,0.47718802717833464,0.47718802717833464,0.47718802717833464,0.47718802717833464,,,,,,,,,,,,,,,,,,,,
BsmPx4ddgLpemZjgjxuJuhRNzFKRjSjiR1Zim5YimC5Y,Coinbase,2026-09-20T08:59:07.331833+00:00,2026-09-20T08:59:07.331833+00:00,,,False,LP_NOT_BURNED,OBSERVE_WINDOW_ELAPSED,False,0.86,22082.836198991215,55226.868930126824,41,1,41.0,41.0,42,0,3,5.5266964e-05,5.5366655e-05,5.5366655e-05,22094.895172,22115.899131,0.001803808148390429,0.001803808148390429,0.001803808148390429,0.001803808148390429,0.001803808148390429,0.001803808148390429,,,,,,,,,,,,,,,,,,,,
A3dZJJDm7kjoYsKZZWWprYTztE5uprKAHY8BYefMpump,Cbd,2026-09-20T09:00:07.087778+00:00,2026-09-20T09:00:07.087778+00:00,,,False,WASH_TRADING,OBSERVE_WINDOW_ELAPSED,True,0.16,18520.431138930886,45081.32417340869,20,5,4.0,4.0,25,100,3,1.0934268e-05,1.0934268e-05,1.0668e-05,9127.065838,9015.341928,0.0,-0.024351698714536796,0.0,0.0,0.0,0.0,,,,,,,,,,,,,,,,,,,,
5AJE9v2YzfsGaHncpRFnBcKUXsR12WWYfjckE1DN1at6,KITTY,2026-09-20T09:00:07.301867+00:00,2026-09-20T09:00:07.301867+00:00,,,False,LP_NOT_BURNED,OBSERVE_WINDOW_ELAPSED,False,0.84,24339.138416852365,62298.43041501162,642,0,642.0,,642,0,3,6.3059395e-05,6.5397423e-05,6.5397423e-05,24487.58842,24937.960308,0.037076600560471684,0.037076600560471684,0.037076600560471684,0.037076600560471684,0.037076600560471684,0.037076600560471684,,,,,,,,,,,,,,,,,,,,
FrQiTSchJwGix365BZRznt2bPWoF7qTtJ2svcHCGpump,Spider-Man,2026-09-20T09:02:07.237815+00:00,2026-09-20T09:02:07.237815+00:00,,,True,,TIER2_DISCARD:score=4.07,True,0.29,66487.6774517885,580626.9039205004,53,26,2.0385,2.0384615384615383,79,100,3,0.00058239633,0.000592838055,0.000592838055,66588.866128,67198.937612,0.01792889903684669,0.01792889903684669,0.01792889903684669,0.01792889903684669,0.01792889903684669,0.01792889903684669,,,,,4.07,FLAT,FLAT,discard,,,,,,,,,,,0.6058,skip_no_signal
9wdFdjQA6kJcLrrp6UbSNk7rU2mcRwLTXvNAFgeBpump,Tilcayo,2026-09-20T09:05:07.493282+00:00,2026-09-20T09:05:07.493282+00:00,,,False,WASH_TRADING,OBSERVE_WINDOW_ELAPSED,True,0.08,61748.743112363474,500510.47548883274,12,0,12.0,,12,100,3,0.000511570547,0.000547749006,0.000547749006,62427.927137,64600.237275,0.07072037124138819,0.07072037124138819,0.07072037124138819,0.07072037124138819,0.07072037124138819,0.07072037124138819,,,,,,,,,,,,,,,,,,,,
6XDeTrMeXxQrHYUVpa5zmjCxFe7WH8aJkJASU2SduGsq,CRCL,2026-09-20T09:08:07.748908+00:00,2026-09-20T09:08:07.748908+00:00,,,False,LP_NOT_BURNED,OBSERVE_WINDOW_ELAPSED,False,0.63,22389.538630837487,55980.40845048405,5,3,1.6667,1.6666666666666667,8,0,3,5.5980408e-05,5.6073964e-05,5.6073964e-05,22389.538631,22411.430159,0.0016712275480379457,0.0016712275480379457,0.0016712275480379457,0.0016712275480379457,0.0016712275480379457,0.0016712275480379457,,,,,,,,,,,,,,,,,,,,
GjWrntpWEfKsgkkFgP4hLdxtu4U7RYBpv64DgJDEpump,WTIGRINO,2026-09-20T09:10:07.242127+00:00,2026-09-20T09:10:07.242127+00:00,,,False,WASH_TRADING,OBSERVE_WINDOW_ELAPSED,True,0.87,17773.842155192448,41167.48650064539,185,58,3.1897,3.189655172413793,243,100,3,1.1109383e-05,1.1497361e-05,1.1067809e-05,9209.405186,9190.889059,0.034923451644434333,-0.003742242030902898,0.034923451644434333,0.034923451644434333,0.034923451644434333,0.034923451644434333,,,,,,,,,,,,,,,,,,,,
27DHvmRNp5Qu2aMpkd5KWmU57XSLoUX9o1sWGfFjpump,SNC,2026-09-20T09:11:07.254085+00:00,2026-09-20T09:11:07.254085+00:00,,,False,WASH_TRADING,OBSERVE_WINDOW_ELAPSED,True,0.36,20268.110423779508,53922.591909511335,30,6,5.0,5.0,36,100,3,5.0679017e-05,5.2289474e-05,5.2289474e-05,19649.707861,19979.81371,0.031777589529804695,0.031777589529804695,0.031777589529804695,0.031777589529804695,0.031777589529804695,0.031777589529804695,,,,,,,,,,,,,,,,,,,,
EP4aq9M82HyXPyUnuNHuRvxQoG3rx3QFanxgSDFgpump,Apple,2026-09-20T09:12:07.100394+00:00,2026-09-20T09:12:07.100394+00:00,,,True,,TIER2_DISCARD:score=4.25,True,0.75,54855.80731835567,394808.9502965928,172,131,1.313,1.3129770992366412,303,100,7,0.000399939093,0.000424533145,0.000424533145,55213.576535,56862.402696,0.061494493612806345,0.061494493612806345,0.061494493612806345,0.061494493612806345,0.061494493612806345,0.061494493612806345,,,,,4.25,FLAT,FLAT,discard,,,,,,,,,,,0.519,skip_no_signal
J8qdnrmc4aY8LttSupXt1ouWqdugy8CkENAiTqyUpump,MLB,2026-09-20T09:13:07.291466+00:00,2026-09-20T09:13:07.291466+00:00,,,True,,TIER2_DISCARD:score=4.07,True,0.87,59574.21031631632,465580.9393966676,240,174,1.3793,1.3793103448275863,414,100,3,0.000469229251,0.000480786244,0.000480786244,59804.002671,60523.316485,0.024629736904445476,0.024629736904445476,0.024629736904445476,0.024629736904445476,0.024629736904445476,0.024629736904445476,,,,,4.07,FLAT,FLAT,discard,,,,,,,,,,,0.5667,skip_no_signal
3htq7M6NhPrLhkwrudJPGQnhus3kjWVSx91XqwYj424m,Gemini AI,2026-09-20T09:16:07.153375+00:00,2026-09-20T09:16:07.153375+00:00,,,False,LP_NOT_BURNED,OBSERVE_WINDOW_ELAPSED,False,0.68,21553.82186707302,53899.601307555706,22,1,22.0,22.0,23,0,3,5.3932429e-05,5.4064132e-05,5.4064132e-05,21560.06998,21594.600436,0.0024420001554166237,0.0024420001554166237,0.0024420001554166237,0.0024420001554166237,0.0024420001554166237,0.0024420001554166237,,,,,,,,,,,,,,,,,,,,
Ggw4xf4AMYFpiwNubY1pnUxQZ7ctFfUJjGEEVqdNpump,FOMO,2026-09-20T09:17:07.275956+00:00,2026-09-20T09:17:07.275956+00:00,,,False,WASH_TRADING,OBSERVE_WINDOW_ELAPSED,True,0.86,19100.729920121834,47928.9565656619,24,5,4.8,4.8,29,100,3,4.9651105e-05,5.3978893e-05,5.3978893e-05,19441.815757,20271.819237,0.08716398154683569,0.08716398154683569,0.08716398154683569,0.08716398154683569,0.08716398154683569,0.08716398154683569,,,,,,,,,,,,,,,,,,,,
FKhonptDpyyeAH94TkQz2Cy9A1tmmL72TrfjUio4pump,FAUCET,2026-09-20T09:18:07.264703+00:00,2026-09-20T09:18:07.264703+00:00,,,True,,TIER2_DISCARD:score=4.83,True,0.79,18231.869782351147,43540.30813021336,349,252,1.3849,1.3849206349206349,601,100,3,4.1433227e-05,4.48029e-05,3.4205816e-05,17786.171701,16167.882593,0.08132779520166245,-0.17443514597595788,0.08132779520166245,0.08132779520166245,0.08132779520166245,0.08132779520166245,,,,,4.83,FLAT,DECELERATING,discard,,,,,,,,,,,0.5649,skip_no_signal
A3qaTxisRjAXHnrbWaEh1THJnvaWYnsGiq9schPbpump,RICH,2026-09-20T09:18:07.462799+00:00,2026-09-20T09:18:07.462799+00:00,,,False,WASH_TRADING,OBSERVE_WINDOW_ELAPSED,True,0.86,554849.1526041781,40367646.00419978,15,1,15.0,15.0,16,100,3,0.040415008711,0.040537218767,0.040537218767,555175.239188,556123.044375,0.00302387800715076,0.00302387800715076,0.00302387800715076,0.00302387800715076,0.00302387800715076,0.00302387800715076,,,,,,,,,,,,,,,,,,,,
6FLmVAR5jWTwYstvZmQRAMC42T4ignUWXcxaUSdKpump,Vmaxsolana,2026-09-20T09:20:07.163064+00:00,2026-09-20T09:20:07.163064+00:00,,,False,WASH_TRADING,OBSERVE_WINDOW_ELAPSED,True,0.39,20550.183456763298,55265.62919016589,24,8,3.0,3.0,32,100,3,5.4074661e-05,5.4074661e-05,5.3602136e-05,20303.974594,20238.455818,0.0,-0.008738381180050325,0.0,0.0,0.0,0.0,,,,,,,,,,,,,,,,,,,,
9DMPCTh8TLsrkNMsA397eJCkv8bbVyiEi4SXq5YYpump,BULBATT,2026-09-20T09:23:07.287428+00:00,2026-09-20T09:23:07.287428+00:00,,,False,WASH_TRADING,OBSERVE_WINDOW_ELAPSED,True,0.25,19751.525581540263,51169.37777624426,26,5,5.2,5.2,31,100,2,5.2265715e-05,5.2265715e-05,1.2680957e-05,19982.374044,9853.524934,0.0,-0.7573752315451917,0.0,0.0,0.0,0.0,,,,,,,,,,,,,,,,,,,,
5MQpVUns2J5Ep2Teex75cibNjhPGor2PLvPzvoJXRTdj,Huawei,2026-09-20T09:24:07.277466+00:00,2026-09-20T09:24:07.277466+00:00,,,False,LP_NOT_BURNED,OBSERVE_WINDOW_ELAPSED,False,0.46,20915.365058454256,52295.51148844332,6,3,2.0,2.0,9,0,2,5.2334334e-05,5.2348909e-05,5.2348909e-05,20922.89545,20920.227464,0.000278497859550475,0.000278497859550475,0.000278497859550475,0.000278497859550475,0.000278497859550475,0.000278497859550475,,,,,,,,,,,,,,,,,,,,
A55rgv28Bek5zkwaA7gW9NNF4Sb7hidQf3GPX9Hvpump,SpongeBob,2026-09-20T09:24:07.408209+00:00,2026-09-20T09:24:07.408209+00:00,,,True,,TIER2_DISCARD:score=4.57,True,0.82,67111.36119388494,590073.5430453437,204,152,1.3421,1.3421052631578947,356,100,3,0.000598889808,0.000621946888,0.000621946888,67610.125855,68878.366715,0.03849970343793174,0.03849970343793174,0.03849970343793174,0.03849970343793174,0.03849970343793174,0.03849970343793174,,,,,4.57,FLAT,FLAT,discard,,,,,,,,,,,0.5628,skip_no_signal
9pByTeQwGw5bMxtQownz7totcY2s8wBbfJ75RttJpump,PSTATION,2026-09-20T09:24:07.528809+00:00,2026-09-20T09:24:07.528809+00:00,,,True,,TIER2_DISCARD:score=3.49,True,0.83,19747.803922909327,51082.72084592699,65,38,1.7105,1.7105263157894737,103,100,8,4.8176818e-05,5.9379708e-05,5.246848e-06,19193.075235,6399.920153,0.23253694339049136,-0.8910918525171172,0.23253694339049136,0.23253694339049136,0.23253694339049136,0.23253694339049136,,,,,3.49,DECELERATING,DECELERATING,discard,,,,,,,,,,,0.6034,skip_no_signal
BMusPdkzCTrkNtwfz9pmiEmctxM4WRqy7RWhhyXdpump,FOMO,2026-09-20T09:25:07.321821+00:00,2026-09-20T09:25:07.321821+00:00,,,False,WASH_TRADING,OBSERVE_WINDOW_ELAPSED,True,0.37,49127.98160958904,316446.7154191675,13,0,13.0,,13,100,3,0.000316446715,0.000324545278,0.000324545278,49127.98161,49750.966422,0.02559218540157704,0.02559218540157704,0.02559218540157704,0.02559218540157704,0.02559218540157704,0.02559218540157704,,,,,,,,,,,,,,,,,,,,
CyzfF7W8ScR7KotTmEH7gHomv3mfX8wnDJtX8g4Upump,JEANPHIL,2026-09-20T09:25:07.619581+00:00,2026-09-20T09:25:07.619581+00:00,,,False,WASH_TRADING,OBSERVE_WINDOW_ELAPSED,True,0.76,339736.547758844,15123334.993265623,10,0,10.0,,10,100,3,0.015123961929,0.015179289171,0.015179289171,339743.596591,340352.893124,0.0036582505470281745,0.0036582505470281745,0.0036582505470281745,0.0036582505470281745,0.0036582505470281745,0.0036582505470281745,,,,,,,,,,,,,,,,,,,,
2ZKMGehcZqJq8EYDSdrGcmSVtipqj6atvwMKpv2Jpump,Spermy,2026-09-20T09:25:07.829375+00:00,2026-09-20T09:25:07.829375+00:00,,,True,,TIER2_DISCARD:score=3.65,True,0.99,15142.098297256947,30076.913270492627,180,134,1.3433,1.3432835820895523,314,100,3,2.6939384e-05,2.6939384e-05,2.4860533e-05,14330.742861,13768.719119,0.0,-0.07716772588415532,0.0,0.0,0.0,0.0,,,,,3.65,FLAT,FLAT,discard,,,,,,,,,,,0.5618,skip_no_signal
D8Yn7V41gCErK11CVDxQESg7raqumftf1za3psrrc5GW,Minecraft,2026-09-20T09:28:07.135701+00:00,2026-09-20T09:28:07.135701+00:00,,,False,LP_NOT_BURNED,OBSERVE_WINDOW_ELAPSED,False,0.42,21564.05274940405,53923.28929447214,2,0,2.0,,2,0,3,5.3911458e-05,5.3993233e-05,5.3993233e-05,21561.665507,21577.465687,0.001516838962136724,0.001516838962136724,0.001516838962136724,0.001516838962136724,0.001516838962136724,0.001516838962136724,,,,,,,,,,,,,,,,,,,,
CRoCsJiFanKmRtHcQwpbPDhriHrcttS7BFZbQWnAqCw1,CROC,2026-09-20T09:29:07.264621+00:00,2026-09-20T09:29:07.264621+00:00,,,True,,TIER2_DISCARD:score=4.84,True,0.18,18959.496018646787,47140.0034551825,30,19,1.5789,1.5789473684210527,49,100,3,5.9114413e-05,7.8423827e-05,5.3237135e-05,21249.360228,20279.315006,0.32664477273926407,-0.09942208171804057,0.32664477273926407,0.32664477273926407,0.32664477273926407,0.32664477273926407,,,,,4.84,FLAT,DECELERATING,discard,,,,,,,,,,,0.637,skip_no_signal
EYm9EKtrGm8G6E1eXyUHhKdzPyTyPYnhgVSBj1eepump,DVL,2026-09-20T09:31:07.292461+00:00,2026-09-20T09:31:07.292461+00:00,,,True,,TIER2_DISCARD:score=3.69,True,1.34,12782.861956976602,21245.973656604743,34,31,1.0968,1.096774193548387,65,100,3,2.0335145e-05,2.0335145e-05,1.9918079e-05,12461.026736,12333.633644,0.0,-0.020509615249854396,0.0,0.0,0.0,0.0,,,,,3.69,DECELERATING,DECELERATING,discard,,,,,,,,,,,0.5075,skip_no_signal
7TQFpXmrZW1mryannJxJDLCys6iZiFe3uw2B2N2qpump,JEANWIFHAT,2026-09-20T09:37:07.164933+00:00,2026-09-20T09:37:07.164933+00:00,,,True,,TIER2_DISCARD:score=4.82,True,0.66,19703.761549170016,50809.318369293156,90,40,2.25,2.25,130,100,5,4.9530733e-05,5.6781182e-05,5.6781182e-05,19465.785838,20975.381786,0.14638283265462682,0.14638283265462682,0.14638283265462682,0.14638283265462682,0.14638283265462682,0.14638283265462682,,,,,4.82,FLAT,DECELERATING,discard,,,,,,,,,,,0.6441,skip_no_signal
3beENQTGurVUXpsijUaZKkh5T1LCQAE8zndhBmzHpump,HELLPAID,2026-09-20T09:37:07.272287+00:00,2026-09-20T09:37:07.272287+00:00,,,False,WASH_TRADING,OBSERVE_WINDOW_ELAPSED,True,0.81,20381.12925895572,54199.34363057115,40,12,3.3333,3.3333333333333335,52,100,3,5.400133e-05,5.900359e-05,5.6077872e-05,20302.188396,20753.695954,0.09263216294857912,0.03845353438517152,0.09263216294857912,0.09263216294857912,0.09263216294857912,0.09263216294857912,,,,,,,,,,,,,,,,,,,,
2Dgas9U53fdpR3qPKRx1Wj2DNFgDJpyJY9cpQjF6fjRX,META,2026-09-20T09:37:07.402942+00:00,2026-09-20T09:37:07.402942+00:00,,,False,LP_NOT_BURNED,OBSERVE_WINDOW_ELAPSED,False,0.92,20909.80636081044,52308.09718498088,51,1,51.0,51.0,52,0,3,5.2338279e-05,5.2436505e-05,5.2436505e-05,20918.458016,20940.402995,0.0018767525772100946,0.0018767525772100946,0.0018767525772100946,0.0018767525772100946,0.0018767525772100946,0.0018767525772100946,,,,,,,,,,,,,,,,,,,,
Hc6JxdtVWQXiZAWYDGKfUjKuzMq785ujWBzxzemepump,GIL,2026-09-20T09:40:07.180633+00:00,2026-09-20T09:40:07.180633+00:00,,,False,WASH_TRADING,OBSERVE_WINDOW_ELAPSED,True,0.98,20964.955063532172,57073.604374712704,39,15,2.6,2.6,54,100,3,5.4646695e-05,5.4646695e-05,1.5079342e-05,20439.216543,10762.985816,0.0,-0.7240575665188902,0.0,0.0,0.0,0.0,,,,,,,,,,,,,,,,,,,,
9aSNoUtKN5sFyAFNKFbcLk5SD3ewqfwvMuuVU1h3oasb,AMD,2026-09-20T09:44:07.150938+00:00,2026-09-20T09:44:07.150938+00:00,,,False,LP_NOT_BURNED,OBSERVE_WINDOW_ELAPSED,False,0.29,22686.884084841964,56740.78036108185,4,0,4.0,,4,0,3,5.6745864e-05,5.6822343e-05,5.6822343e-05,22691.465678,22704.441354,0.0013477458022315147,0.0013477458022315147,0.0013477458022315147,0.0013477458022315147,0.0013477458022315147,0.0013477458022315147,,,,,,,,,,,,,,,,,,,,
Fsd6Lea5QNXzCA8kG5L2NYPLtZ2isEL2cStzTsGypump,DY,2026-09-20T09:49:07.345354+00:00,2026-09-20T09:49:07.345354+00:00,,,True,,TIER2_DISCARD:score=4.07,True,0.54,59662.498047323825,465833.97042267944,149,99,1.5051,1.505050505050505,248,100,3,0.000467474853,0.000476509147,0.000476509147,59767.500766,60338.119834,0.019325732586518374,0.019325732586518374,0.019325732586518374,0.019325732586518374,0.019325732586518374,0.019325732586518374,,,,,4.07,FLAT,FLAT,discard,,,,,,,,,,,0.5878,skip_no_signal
CVmHzakpyozB8FkZDYQVRBYqhyDA9UkqRoBwTXLppump,Vmaxsolana,2026-09-20T09:50:07.163348+00:00,2026-09-20T09:50:07.163348+00:00,,,True,,TIER2_DISCARD:score=3.55,True,0.55,20219.988978507965,53410.34504388311,44,21,2.0952,2.0952380952380953,65,100,3,4.7178343e-05,4.8735126e-05,1.2195801e-05,18988.103,9660.727342,0.03299783122946898,-0.7414957748728055,0.03299783122946898,0.03299783122946898,0.03299783122946898,0.03299783122946898,,,,,3.55,DECELERATING,DECELERATING,discard,,,,,,,,,,,0.6036,skip_no_signal
Au8Xh5NvATLNVD3sEdoj5AthrjZA2L6VxE31WxjuMbbD,MSFT,2026-09-20T09:52:07.291074+00:00,2026-09-20T09:52:07.291074+00:00,,,False,LP_NOT_BURNED,OBSERVE_WINDOW_ELAPSED,False,0.28,21143.63066840416,52865.96847193653,5,3,1.6667,1.6666666666666667,8,0,3,5.2869313e-05,5.2951268e-05,5.2951268e-05,21144.300249,21160.199784,0.0015501430858388954,0.0015501430858388954,0.0015501430858388954,0.0015501430858388954,0.0015501430858388954,0.0015501430858388954,,,,,,,,,,,,,,,,,,,,
ER3uPHB69w7ZQYhC9Aj5LAudkxR9wFWRkKiGbgWQpump,USDW,2026-09-20T09:52:07.399688+00:00,2026-09-20T09:52:07.399688+00:00,,,True,,TIER2_DISCARD:score=4.81,True,0.98,22819.368112676464,67879.22517747854,278,151,1.8411,1.8410596026490067,429,100,8,7.3273135e-05,8.4830904e-05,7.866898e-05,23742.573438,24897.700738,0.15773542376752414,0.07364015474430019,0.15773542376752414,0.15773542376752414,0.15773542376752414,0.15773542376752414,,,,,4.81,FLAT,DECELERATING,discard,,,,,,,,,,,0.6416,skip_no_signal
7RpzKG8n8PfshpHC6ErogU9ntQAzBHK79Zog2LGzpump,RM,2026-09-20T09:54:07.359465+00:00,2026-09-20T09:54:07.359465+00:00,,,False,WASH_TRADING,OBSERVE_WINDOW_ELAPSED,True,0.08,64294.70125467493,541200.3887379882,9,1,9.0,9.0,10,100,3,0.000547978737,0.000559713788,0.000559713788,64695.795495,65376.756001,0.021415157573897003,0.021415157573897003,0.021415157573897003,0.021415157573897003,0.021415157573897003,0.021415157573897003,,,,,,,,,,,,,,,,,,,,
6aEAkJGtazLx42kMn3nxpQTP5HoBGppt3Jr8opbqpump,FLAMY,2026-09-20T09:58:07.362488+00:00,2026-09-20T09:58:07.362488+00:00,,,False,WASH_TRADING,OBSERVE_WINDOW_ELAPSED,True,0.82,19167.541692686376,47926.568329852525,35,8,4.375,4.375,43,100,3,4.8731768e-05,5.4800283e-05,5.4800283e-05,19274.617482,20433.370969,0.12452893151752664,0.12452893151752664,0.12452893151752664,0.12452893151752664,0.12452893151752664,0.12452893151752664,,,,,,,,,,,,,,,,,,,,
5H1UgNWoL2WGiH97vvo6X11rbyGW1mUFXqFC9havpump,Cet,2026-09-20T09:59:07.191464+00:00,2026-09-20T09:59:07.191464+00:00,,,False,WASH_TRADING,OBSERVE_WINDOW_ELAPSED,True,0.21,18700.536599025952,45860.1816911823,21,4,5.25,5.25,25,100,3,4.5808387e-05,5.8448926e-05,4.4704049e-05,18689.445801,18478.864864,0.2759437698603098,-0.024107768736759905,0.2759437698603098,0.2759437698603098,0.2759437698603098,0.2759437698603098,,,,,,,,,,,,,,,,,,,,
62oFKj7hYXD1p9yG1wA6antYfpkR4dGtBh9iXhWR8BWQ,Bybit,2026-09-20T10:00:07.191895+00:00,2026-09-20T10:00:07.191895+00:00,,,False,LP_NOT_BURNED,OBSERVE_WINDOW_ELAPSED,False,0.15,21932.741324848874,54854.88710105127,4,0,4.0,,4,0,3,5.4850983e-05,5.4964694e-05,5.4964694e-05,21933.294014,21962.854205,0.00207308955611607,0.00207308955611607,0.00207308955611607,0.00207308955611607,0.00207308955611607,0.00207308955611607,,,,,,,,,,,,,,,,,,,,
E7uE2cubPQVhoGpMo5msuasnYa1LjCJAbF7AfMGnpump,EYE,2026-09-20T10:00:07.475258+00:00,2026-09-20T10:00:07.475258+00:00,,,True,,TIER2_DISCARD:score=4.60,True,0.56,21595.370754457424,60782.156555941794,108,69,1.5652,1.565217391304348,177,100,3,5.6933328e-05,5.6933328e-05,4.2870375e-05,20885.294769,18164.169857,0.0,-0.24700739433324537,0.0,0.0,0.0,0.0,,,,,4.6,DECELERATING,FLAT,discard,,,,,,,,,,,0.5992,skip_no_signal
Fbgdh86wF76jgM8UjVciJtW8R5HPsLBrm4awZWodpump,BOB,2026-09-20T10:05:07.491573+00:00,2026-09-20T10:05:07.491573+00:00,,,True,,TIER2_DISCARD:score=4.56,True,0.1,17835.229619137448,41748.68097845762,30,24,1.25,1.25,54,100,3,4.025745e-05,4.2315337e-05,4.2315337e-05,17510.964196,17945.026259,0.05111816570597494,0.05111816570597494,0.05111816570597494,0.05111816570597494,0.05111816570597494,0.05111816570597494,,,,,4.56,DECELERATING,FLAT,discard,,,,,,,,,,,0.5462,skip_no_signal
3oUye5CzoA2NJQiF2hh9QD2ppNmTKWqUDAK9D9RUpump,JEANBULL,2026-09-20T10:07:07.367406+00:00,2026-09-20T10:07:07.367406+00:00,,,True,,TIER2_DISCARD:score=4.82,True,0.71,20119.234843553742,53061.574294698694,108,72,1.5,1.5,180,100,3,5.5044802e-05,6.093589e-05,6.093589e-05,20496.025335,21600.153756,0.10702351150250311,0.10702351150250311,0.10702351150250311,0.10702351150250311,0.10702351150250311,0.10702351150250311,,,,,4.82,FLAT,DECELERATING,discard,,,,,,,,,,,0.5733,skip_no_signal
9cPkayXSXuDJG1AHJ94F3hkSACXqXJ65RQVyu68Bpump,RCITY,2026-09-20T10:07:07.639472+00:00,2026-09-20T10:07:07.639472+00:00,,,True,,TIER2_DISCARD:score=4.83,True,0.96,17501.474407658196,40076.36251556315,225,126,1.7857,1.7857142857142858,351,100,4,4.2770792e-05,6.1577817e-05,5.2036663e-05,18084.596578,20008.773292,0.43971654768515855,0.21664015480470877,0.43971654768515855,0.43971654768515855,0.43971654768515855,0.43971654768515855,,,,,4.83,FLAT,DECELERATING,discard,,,,,,,,,,,0.6331,skip_no_signal
bg5gXa6fgGmBqRrLJcnYy7LKWpM3t8JDH2gTqZwpump,Plap,2026-09-20T10:08:07.336485+00:00,2026-09-20T10:08:07.336485+00:00,,,True,,TIER2_DISCARD:score=4.65,True,0.16,18048.0232394056,42859.61783973977,26,32,0.8125,0.8125,58,100,8,3.8669392e-05,3.8669392e-05,4.204211e-06,17147.432966,5654.953874,0.0,-0.8912780681940901,0.0,0.0,0.0,0.0,,,,,4.65,DECELERATING,FLAT,discard,,,,,,,,,,,0.3714,skip_no_signal
6stbUsxZTZMc9RBfDQSeBETXnNc8EdQJrfQ2MnjsH3Vb,Amazon,2026-09-20T10:08:07.513131+00:00,2026-09-20T10:08:07.513131+00:00,,,False,LP_NOT_BURNED,OBSERVE_WINDOW_ELAPSED,False,0.36,21476.77120239268,53706.60661021227,4,0,4.0,,4,0,3,5.3738288e-05,5.3838168e-05,5.3838168e-05,21487.427825,21510.118881,0.0018586375509395126,0.0018586375509395126,0.0018586375509395126,0.0018586375509395126,0.0018586375509395126,0.0018586375509395126,,,,,,,,,,,,,,,,,,,,
sdyKwWzC8EnriZWBBwm8YX25nKGmtQdZAHBEGLUpump,INU,2026-09-20T10:08:07.717211+00:00,2026-09-20T10:08:07.717211+00:00,,,True,,TIER2_DISCARD:score=4.65,True,0.43,16722.264303643744,36793.05091066399,70,55,1.2727,1.2727272727272727,125,100,3,3.3853226e-05,3.3853226e-05,1.5531309e-05,16044.226726,10870.237134,0.0,-0.5412162787676424,0.0,0.0,0.0,0.0,,,,,4.65,FLAT,DECELERATING,discard,,,,,,,,,,,0.5403,skip_no_signal
2RvEH9QCfTKD4UuSEff4naixKiwwEg24RVAHVWaMpump,WhitePhil,2026-09-20T10:09:07.334370+00:00,2026-09-20T10:09:07.334370+00:00,,,False,WASH_TRADING,OBSERVE_WINDOW_ELAPSED,True,0.66,18843.34854112536,46637.60433682132,113,43,2.6279,2.627906976744186,156,100,3,9.97369e-06,1.057287e-05,1.057287e-05,8719.467344,8976.05062,0.060076060114160335,0.060076060114160335,0.060076060114160335,0.060076060114160335,0.060076060114160335,0.060076060114160335,,,,,,,,,,,,,,,,,,,,
Di2eQy2NDn5uWHqpY3PNVRzFJUjbNcbFny696E3vpump,INT,2026-09-20T10:09:07.450638+00:00,2026-09-20T10:09:07.450638+00:00,,,True,,TIER2_DISCARD:score=4.32,True,0.9,19509.09056388369,50029.78047253585,40,23,1.7391,1.7391304347826086,63,100,3,1.7538794e-05,1.7538794e-05,1.4121916e-05,11562.60067,10373.793206,0.0,-0.19481829822506602,0.0,0.0,0.0,0.0,,,,,4.32,FLAT,SPIKE,discard,,,,,,,,,,,0.5542,skip_no_signal
3XWeHs8aQXnbrRrrKZ33pkSUXvARtPMCNLr65GxMpump,FLAMY,2026-09-20T10:10:07.726902+00:00,2026-09-20T10:10:07.726902+00:00,,,False,WASH_TRADING,OBSERVE_WINDOW_ELAPSED,True,0.3,17973.9961250988,42454.55016370941,21,3,7.0,7.0,24,100,2,4.4316226e-05,4.5878015e-05,4.5878015e-05,18355.947566,18674.543222,0.035241922450706786,0.035241922450706786,0.035241922450706786,0.035241922450706786,0.035241922450706786,0.035241922450706786,,,,,,,,,,,,,,,,,,,,
EsyD7uZr8JzgMLMhtcMttgLyLShnXWGNsPVMXjH8LJPv,Redbull,2026-09-20T10:15:07.348937+00:00,2026-09-20T10:15:07.348937+00:00,,,False,LP_NOT_BURNED,OBSERVE_WINDOW_ELAPSED,False,0.69,22397.510505859304,56016.68357061534,25,1,25.0,25.0,26,0,3,5.6020597e-05,5.6123706e-05,5.6123706e-05,22398.293932,22426.671861,0.0018405551800884101,0.0018405551800884101,0.0018405551800884101,0.0018405551800884101,0.0018405551800884101,0.0018405551800884101,,,,,,,,,,,,,,,,,,,,
AYwawGbQZ1kkghm5ru18wtHZUTnQFKxCeKs2nDd4pump,CKY,2026-09-20T10:17:07.368849+00:00,2026-09-20T10:17:07.368849+00:00,,,False,WASH_TRADING,OBSERVE_WINDOW_ELAPSED,True,0.4,18028.780742375395,42635.07401128246,57,14,4.0714,4.071428571428571,71,100,3,5.0329304e-05,5.0329304e-05,1.3639675e-05,19576.73788,10208.665562,0.0,-0.7289913844228801,0.0,0.0,0.0,0.0,,,,,,,,,,,,,,,,,,,,
DDUSTAaj3nvDmcyrVvL6crfdDxT48Xbeb8CMg5MowiYk,TikTok,2026-09-20T10:19:07.394848+00:00,2026-09-20T10:19:07.394848+00:00,,,True,,TIER2_DISCARD:score=4.26,True,0.79,50228.1697701503,331468.7938797665,175,105,1.6667,1.6666666666666667,280,100,8,0.00033252069,0.000361574759,0.000361574759,50307.805236,52464.650361,0.0873752216741761,0.0873752216741761,0.0873752216741761,0.0873752216741761,0.0873752216741761,0.0873752216741761,,,,,4.26,FLAT,FLAT,discard,,,,,,,,,,,0.5593,skip_no_signal
ERAWSrGSZeP8sxUgK1JxaeUSNn5RV8Jfpo9oCMtJTRyT,MSFT,2026-09-20T10:24:07.235493+00:00,2026-09-20T10:24:07.235493+00:00,,,False,LP_NOT_BURNED,OBSERVE_WINDOW_ELAPSED,False,0.61,21455.5243864248,53666.48835803252,22,2,11.0,11.0,24,0,3,5.3667287e-05,5.3743854e-05,5.3743854e-05,21454.939531,21468.192529,0.0014266977945056603,0.0014266977945056603,0.0014266977945056603,0.0014266977945056603,0.0014266977945056603,0.0014266977945056603,,,,,,,,,,,,,,,,,,,,
141y2DE5iZDr7EB3C6QpcAAq5eYPvVV6oCUCQjCupump,Instagram,2026-09-20T10:28:07.355004+00:00,2026-09-20T10:28:07.355004+00:00,,,False,WASH_TRADING,OBSERVE_WINDOW_ELAPSED,True,0.7,67535.75196514944,599152.5740330567,247,63,3.9206,3.9206349206349205,310,100,3,0.000611127933,0.000640852944,0.000640852944,68207.782257,69847.927797,0.04863958820223013,0.04863958820223013,0.04863958820223013,0.04863958820223013,0.04863958820223013,0.04863958820223013,,,,,,,,,,,,,,,,,,,,
GNAKz5Ugzz153Yod92Ls1zXF6faJq7h1mSHPZbrdpump,GAZE,2026-09-20T10:29:07.367300+00:00,2026-09-20T10:29:07.367300+00:00,,,True,,TIER2_DISCARD:score=4.62,True,0.83,17152.954979668237,38609.55944869323,224,145,1.5448,1.5448275862068965,369,100,3,3.7960237e-05,6.1827476e-05,6.1827476e-05,17009.129221,21757.615154,0.6287431503654732,0.6287431503654732,0.6287431503654732,0.6287431503654732,0.6287431503654732,0.6287431503654732,,,,,4.62,DECELERATING,ACCELERATING,discard,,,,,,,,,,,0.6119,skip_no_signal
Bwws7YtfsUZaywkwN9QutzicLeCZQBfxuNsPQRMUpump,Donald Duck,2026-09-20T10:30:07.380475+00:00,2026-09-20T10:30:07.380475+00:00,,,True,,TIER2_DISCARD:score=4.07,True,0.93,59469.517173341505,464298.62069148995,235,182,1.2912,1.2912087912087913,417,100,3,0.000469008002,0.00047955744,0.00047955744,59753.854103,60474.930889,0.0224930874420346,0.0224930874420346,0.0224930874420346,0.0224930874420346,0.0224930874420346,0.0224930874420346,,,,,4.07,FLAT,FLAT,discard,,,,,,,,,,,0.5556,skip_no_signal
DAtw6LFG8ZLvHbzPUp3aXaDRsGmyUyRXRWgQmytvuwgM,TikTok,2026-09-20T10:31:07.368096+00:00,2026-09-20T10:31:07.368096+00:00,,,False,LP_NOT_BURNED,OBSERVE_WINDOW_ELAPSED,False,0.79,22488.471856975688,56241.09192468626,34,2,17.0,17.0,36,0,3,5.630373e-05,5.6333885e-05,5.6333885e-05,22509.373104,22503.973874,0.0005355773054467328,0.0005355773054467328,0.0005355773054467328,0.0005355773054467328,0.0005355773054467328,0.0005355773054467328,,,,,,,,,,,,,,,,,,,,
73fiS3Gkqs7jEbgmDS64tpgMCCmyhCDbgFMkVibhpump,RICH,2026-09-20T10:32:07.424004+00:00,2026-09-20T10:32:07.424004+00:00,,,False,WASH_TRADING,OBSERVE_WINDOW_ELAPSED,True,0.23,444103.75330699165,25870630.95598928,31,12,2.5833,2.5833333333333335,43,100,3,0.025889180311,0.025953570997,0.000432016205,444232.792035,57783.36067,0.002487165882677278,-0.9833128666180118,0.002487165882677278,0.002487165882677278,0.002487165882677278,0.002487165882677278,,,,,,,,,,,,,,,,,,,,
BZJdM6E7EgyzxsSEHrfva8Dge6RAHwtHNWJm9P4Epump,NBA,2026-09-20T10:33:07.371814+00:00,2026-09-20T10:33:07.371814+00:00,,,True,,TIER2_DISCARD:score=4.08,True,0.98,66967.49962752638,588340.2455930002,262,192,1.3646,1.3645833333333333,454,100,3,0.00059087827,0.000613590338,0.000613590338,67106.179003,68387.636006,0.03843781224176679,0.03843781224176679,0.03843781224176679,0.03843781224176679,0.03843781224176679,0.03843781224176679,,,,,4.08,FLAT,FLAT,discard,,,,,,,,,,,0.5669,skip_no_signal
Eu98ofLBJdELWHhEvFFfwDZZRnqLFms7PMXcbenCpump,JELLOOP,2026-09-20T10:34:07.381770+00:00,2026-09-20T10:34:07.381770+00:00,,,False,WASH_TRADING,OBSERVE_WINDOW_ELAPSED,True,0.31,19560.72824387499,50244.47960890703,33,9,3.6667,3.6666666666666665,42,100,3,5.3463098e-05,5.3463098e-05,5.0155943e-05,20189.932827,19594.972996,0.0,-0.06185864874497171,0.0,0.0,0.0,0.0,,,,,,,,,,,,,,,,,,,,
mRM3nytcbh5Qx8T3jT3mmqcnML6GkaD18oPMw8epump,NVIDIA,2026-09-20T10:35:07.415876+00:00,2026-09-20T10:35:07.415876+00:00,,,False,WASH_TRADING,OBSERVE_WINDOW_ELAPSED,True,0.86,49543.57538390168,322106.08302991145,30,2,15.0,15.0,32,100,3,0.000323805034,0.000331028637,0.000331028637,49673.91609,50205.226235,0.02230849505570065,0.02230849505570065,0.02230849505570065,0.02230849505570065,0.02230849505570065,0.02230849505570065,,,,,,,,,,,,,,,,,,,,
CLoizLxJyLEL7DfYtSygTJEyUzxN8jYBmDDnpPkQ1JTD,Huawei,2026-09-20T10:39:07.352951+00:00,2026-09-20T10:39:07.352951+00:00,,,False,LP_NOT_BURNED,OBSERVE_WINDOW_ELAPSED,False,0.43,21933.422832479864,54841.76085625919,4,1,4.0,4.0,5,0,3,5.4856287e-05,5.4927541e-05,5.4927541e-05,21934.822756,21945.264382,0.0012989213068685945,0.0012989213068685945,0.0012989213068685945,0.0012989213068685945,0.0012989213068685945,0.0012989213068685945,,,,,,,,,,,,,,,,,,,,
Eiks1GFZHpnNFZMDcA9Mv5omULNhdn4q7fknd1Nvpump,RETIGR,2026-09-20T10:45:07.249264+00:00,2026-09-20T10:45:07.249264+00:00,,,False,WASH_TRADING,OBSERVE_WINDOW_ELAPSED,True,0.45,22442.48703369982,66225.14850296655,69,21,3.2857,3.2857142857142856,90,100,3,6.5192178e-05,7.8696458e-05,6.6798226e-05,22280.804521,22599.938151,0.20714571002674598,0.024635593552343016,0.20714571002674598,0.20714571002674598,0.20714571002674598,0.20714571002674598,,,,,,,,,,,,,,,,,,,,
EY8DhAYo6i5gpPjP2469ac2o1qySd4Uz1c7QZrKhEPsW,META,2026-09-20T10:48:07.254185+00:00,2026-09-20T10:48:07.254185+00:00,,,False,LP_NOT_BURNED,OBSERVE_WINDOW_ELAPSED,False,0.18,22677.380680532086,56699.863612905436,6,4,1.5,1.5,10,0,3,5.6734471e-05,5.6825768e-05,5.6825768e-05,22684.306861,22703.001013,0.0016091980482202395,0.0016091980482202395,0.0016091980482202395,0.0016091980482202395,0.0016091980482202395,0.0016091980482202395,,,,,,,,,,,,,,,,,,,,
9YzSXawPRLofkZ3oNcdJBCWaooaYZqSJbiXicjeopump,CROCO,2026-09-20T10:48:07.377819+00:00,2026-09-20T10:48:07.377819+00:00,,,True,,TIER2_DISCARD:score=4.80,True,0.51,19890.581602413997,51976.02730475105,72,31,2.3226,2.3225806451612905,103,100,3,5.9011119e-05,5.9011119e-05,5.5904324e-05,21230.430963,20712.590791,0.0,-0.052647620527243366,0.0,0.0,0.0,0.0,,,,,4.8,FLAT,DECELERATING,discard,,,,,,,,,,,0.5906,skip_no_signal
3TavHyApmcafdT9cc1HcJigzR891wBDDHTNPPWRgpump,PEPE,2026-09-20T10:50:07.397767+00:00,2026-09-20T10:50:07.397767+00:00,,,False,WASH_TRADING,OBSERVE_WINDOW_ELAPSED,True,0.92,661170.4691528487,57399976.66407569,119,5,23.8,23.8,124,100,3,0.057478630799,0.057665253492,0.057665253492,661620.95873,662786.391376,0.0032468186942833377,0.0032468186942833377,0.0032468186942833377,0.0032468186942833377,0.0032468186942833377,0.0032468186942833377,,,,,,,,,,,,,,,,,,,,
7mKSjqciTp3zt1LCnV2mAsqe6yBubJBoiJq9Qfvspump,SUKI,2026-09-20T10:52:07.396884+00:00,2026-09-20T10:52:07.396884+00:00,,,False,WASH_TRADING,OBSERVE_WINDOW_ELAPSED,True,0.12,30392.044850737955,121478.07118426087,12,0,12.0,,12,100,3,0.000126738807,0.000134344914,0.000134344914,31045.548082,31986.102455,0.060014033428609004,0.060014033428609004,0.060014033428609004,0.060014033428609004,0.060014033428609004,0.060014033428609004,,,,,,,,,,,,,,,,,,,,
E8WUwCnfUK3FWD3oPyARaHKa1Q9sYJ3gNyBuUmR28cGd,Minecraft,2026-09-20T10:57:07.353150+00:00,2026-09-20T10:57:07.353150+00:00,,,False,LP_NOT_BURNED,OBSERVE_WINDOW_ELAPSED,False,0.74,21471.706372389148,53694.18719014528,27,2,13.5,13.5,29,0,2,5.3779792e-05,5.3826614e-05,5.3826614e-05,21487.419397,21498.618296,0.0008706244159517595,0.0008706244159517595,0.0008706244159517595,0.0008706244159517595,0.0008706244159517595,0.0008706244159517595,,,,,,,,,,,,,,,,,,,,
3HRDF4a9G1WM4GgCj38eFNT84iy6qaEDsQgXjgLdnCAu,ELON,2026-09-20T11:01:07.445692+00:00,2026-09-20T11:01:07.445692+00:00,,,False,LP_NOT_BURNED,OBSERVE_WINDOW_ELAPSED,False,0.17,21864.52707522383,54668.67938231284,2,1,2.0,2.0,3,0,3,5.4668679e-05,5.4727698e-05,5.4727698e-05,21864.527075,21871.876936,0.0010795761134085868,0.0010795761134085868,0.0010795761134085868,0.0010795761134085868,0.0010795761134085868,0.0010795761134085868,,,,,,,,,,,,,,,,,,,,
5uzeJGJpRpc1XUPwvARAMAxShi8K5SKDX3zqfAX6pump,JWEAN,2026-09-20T11:02:07.434590+00:00,2026-09-20T11:02:07.434590+00:00,,,False,WASH_TRADING,OBSERVE_WINDOW_ELAPSED,True,0.37,19699.08663418322,51010.47903266946,73,20,3.65,3.65,93,100,3,5.3183802e-05,5.3183802e-05,1.1130727e-05,20117.735239,9217.209077,0.0,-0.7907120856083212,0.0,0.0,0.0,0.0,,,,,,,,,,,,,,,,,,,,
HCTMtiGzTshFmpKFBarV3W5uUHsh6Jfsecw6BcEkpump,Vmaxsolana,2026-09-20T11:03:07.471424+00:00,2026-09-20T11:03:07.471424+00:00,2026-09-20T11:13:45.980995+00:00,OBSERVE_WINDOW_ELAPSED,True,,TIER2_DISCARD:score=4.82,True,0.73,19844.3243177185,51786.09213020382,52,36,1.4444,1.4444444444444444,88,100,63,5.5014335e-05,0.00011629506,2.092668e-06,20454.669928,4046.96843,1.1139046759358266,-0.9619614051501304,0.14461376294015005,1.1139046759358266,1.1139046759358266,1.1139046759358266,0.9947421303780073,0.9947421303780073,0.9947421303780073,0.9947421303780073,4.82,FLAT,DECELERATING,discard,rolling_window_v1,4.1046,1.9359,10.0,0.6031,0.6087,0.6046,1.0575,1.1083,0.9359,0.5895,skip_no_signal
FTmDm6GanqLheJyoUs8Ak6YNjv6S8soTTgVphUCv1WCu,Polymarket,2026-09-20T11:05:07.342197+00:00,2026-09-20T11:05:07.342197+00:00,,,False,LP_NOT_BURNED,OBSERVE_WINDOW_ELAPSED,False,0.93,21527.471618685617,53846.06906386642,54,3,18.0,18.0,57,0,3,5.3852278e-05,5.3952777e-05,5.3952777e-05,21528.714284,21551.251888,0.0018661977493319437,0.0018661977493319437,0.0018661977493319437,0.0018661977493319437,0.0018661977493319437,0.0018661977493319437,,,,,,,,,,,,,,,,,,,,
C13af7m2WYAvMujmwdmACN8Prg92aF66vn3fM7vBpump,H9N2,2026-09-20T11:06:07.442767+00:00,2026-09-20T11:06:07.442767+00:00,,,True,,TIER2_DISCARD:score=3.61,True,0.67,17551.02163039979,40515.27009435111,106,71,1.493,1.4929577464788732,177,100,3,4.1509038e-05,4.1509038e-05,2.0345853e-05,17765.056661,12449.485626,0.0,-0.5098452293690835,0.0,0.0,0.0,0.0,,,,,3.61,DECELERATING,DECELERATING,discard,,,,,,,,,,,0.5938,skip_no_signal
JDSEZPPjTDPX4WCGhhE9HJP4ULo5uSexMeRXwXeVGUCS,KILROY,2026-09-20T11:08:07.518394+00:00,2026-09-20T11:08:07.518394+00:00,,,False,LP_NOT_BURNED,OBSERVE_WINDOW_ELAPSED,False,0.41,18491.20339603431,46474.178840297616,139,6,23.1667,23.166666666666668,145,0,3,4.6662851e-05,4.7948567e-05,4.7948567e-05,18528.747139,18774.187568,0.027553310019569954,0.027553310019569954,0.027553310019569954,0.027553310019569954,0.027553310019569954,0.027553310019569954,,,,,,,,,,,,,,,,,,,,
HAjsKngvHE8UbkbK1KKujZozowUXuxE5eEwiT4GfatjG,H9N2,2026-09-20T11:08:07.754754+00:00,2026-09-20T11:08:07.754754+00:00,,,False,LP_NOT_BURNED,OBSERVE_WINDOW_ELAPSED,False,0.8,12961.279998430029,37856.704170567944,134,79,1.6962,1.6962025316455696,213,0,3,5.6809807e-05,6.4703958e-05,6.1531648e-05,15888.22065,16674.748727,0.1389575394966578,0.0831166527286391,0.1389575394966578,0.1389575394966578,0.1389575394966578,0.1389575394966578,,,,,,,,,,,,,,,,,,,,
EiMvo8VhCF3BYRyvkAjvHPX6LvuP3iEHtgEyBTDYpump,Spider-Man,2026-09-20T11:10:07.533377+00:00,2026-09-20T11:10:07.533377+00:00,2026-09-20T11:13:47.348834+00:00,OBSERVE_WINDOW_ELAPSED,True,,TIER2_DISCARD:score=4.07,True,0.56,61528.31254742971,496951.82467606984,151,104,1.4519,1.4519230769230769,255,100,60,0.000498584897,0.000626400878,1.947862e-06,61617.207249,3873.158743,0.2563575065531918,-0.9960932190049873,0.2563575065531918,0.2563575065531918,0.2563575065531918,0.2563575065531918,0.0,0.0,0.0,0.0,4.07,FLAT,FLAT,discard,rolling_window_v1,4.0569,4.5,3.504941,0.5826,0.5654,0.5569,1.0000,1.0238,1.0185,0.5826,skip_no_signal
uiQNceKYCeRn8PvA1tAksfBVb2b3aDuUVUAkMbtpump,deFLOCK,2026-09-20T11:12:07.480167+00:00,2026-09-20T11:12:07.480167+00:00,2026-09-20T11:13:46.256869+00:00,OBSERVE_WINDOW_ELAPSED,True,,TIER2_DISCARD:score=4.83,True,0.52,19872.587869490264,51867.23292844076,152,103,1.4757,1.4757281553398058,255,100,60,6.1242652e-05,0.00012133258,6.646665e-06,21598.317775,7262.607735,0.9811777582721268,-0.8914700003520423,0.46726874270565544,0.9811777582721268,0.9811777582721268,0.9811777582721268,0.07278810901019517,0.44853078311379235,0.44853078311379235,0.44853078311379235,4.83,FLAT,DECELERATING,discard,rolling_window_v1,4.0682,2.0,10.0,0.5935,0.5773,0.5682,3.3563,3.7543,3.1438,0.5935,skip_no_signal
EJ49wSkF2U7p6cix1UMTH2dLR13DtwTriLpQgxAjpump,ROBINPHIL,2026-09-20T11:12:07.644015+00:00,2026-09-20T11:12:07.644015+00:00,2026-09-20T11:13:46.957953+00:00,OBSERVE_WINDOW_ELAPSED,True,,TIER2_DISCARD:score=4.65,True,0.55,20085.085984737067,52879.444922409544,163,118,1.3814,1.38135593220339,281,100,60,5.3136168e-05,0.000127059707,2.263217e-06,20148.494944,4283.466662,1.3912094489011704,-0.9574072221391652,0.6157995811816914,1.3912094489011704,1.3912094489011704,1.3912094489011704,2.6134433940473354,3.0203511047226357,3.0203511047226357,3.0203511047226357,4.65,DECELERATING,FLAT,discard,rolling_window_v1,1.5753,4.3551,10.0,0.5945,0.5987,0.5753,1.4820,0.6419,0.8551,0.5945,skip_no_signal
BQGSvUxdsLsDkQSxSCqN1iTANwfEtEN6zXewdDq8SjRe,Bybit,2026-09-20T11:12:07.775254+00:00,2026-09-20T11:12:07.775254+00:00,,OBSERVE_WINDOW_ELAPSED,False,LP_NOT_BURNED,OBSERVE_WINDOW_ELAPSED,False,0.71,21951.419552694635,54893.04487275998,23,1,23.0,23.0,24,0,58,5.4898039e-05,7.6796062e-05,0.0,21949.829321,0.0,0.398885340877112,-1.0,0.12811865647878595,0.398885340877112,0.398885340877112,0.398885340877112,,,,,,,,,,,,,,,,,,,,
9KKezEtXbyYEgavemhwUPdzmGfvRWsZWAJcronkipump,Cupcoin,2026-09-20T11:15:44.000065+00:00,2026-09-20T11:15:44.000065+00:00,2026-09-20T11:15:44.000065+00:00,OBSERVE_WINDOW_ELAPSED,False,WASH_TRADING,OBSERVE_WINDOW_ELAPSED,True,0.08,19241.649386276502,48716.27535587494,19,5,3.8,3.8,24,100,58,5.0232131e-05,5.0232131e-05,2.744772e-06,19539.500391,4579.644932,0.0,-0.9453582409235236,0.0,0.0,0.0,0.0,0.0,0.0,0.0,0.0,,,,,,,,,,,,,,,,
cHPtwiAZMGXftkQgrf58armZ85AS8fatQH5uPSZpump,STARBUCKS,2026-09-20T11:18:44.015284+00:00,2026-09-20T11:18:44.015284+00:00,2026-09-20T11:18:44.015284+00:00,OBSERVE_WINDOW_ELAPSED,False,WASH_TRADING,OBSERVE_WINDOW_ELAPSED,True,0.13,69442.62121095245,634004.1940729859,10,0,10.0,,10,100,58,0.000649316152,0.000867132193,1.934424e-06,70276.84145,3855.255213,0.3354545244702307,-0.9970208287687875,0.2601909862855223,0.3354545244702307,0.3354545244702307,0.3354545244702307,0.2601909862855223,0.3354545244702307,0.3354545244702307,0.3354545244702307,,,,,,,,,,,,,,,,
GfBWYhXo3gZecm9YxqLVieUa5Ycdj9h2sB4vFFwnt6bq,Amazon,2026-09-20T11:20:44.057459+00:00,2026-09-20T11:20:44.057459+00:00,2026-09-20T11:20:44.057459+00:00,OBSERVE_WINDOW_ELAPSED,False,LP_NOT_BURNED,OBSERVE_WINDOW_ELAPSED,False,0.07,22018.890706070873,55054.44773521338,5,3,1.6667,1.6666666666666667,8,0,57,5.5054548e-05,9.2485297e-05,0.0,22018.910805,0.0,0.6798847753686035,-1.0,0.6798847753686035,0.6798847753686035,0.6798847753686035,0.6798847753686035,0.6798847753686035,0.6798847753686035,0.6798847753686035,0.6798847753686035,,,,,,,,,,,,,,,,
8hPzpxnnNhV5sZhfCjJ65zW3Kt139WRA9USWb3btpump,Vmaxsolana,2026-09-20T11:21:43.937808+00:00,2026-09-20T11:21:43.937808+00:00,2026-09-20T11:21:43.937808+00:00,OBSERVE_WINDOW_ELAPSED,False,WASH_TRADING,OBSERVE_WINDOW_ELAPSED,True,0.39,20072.63985435738,52982.361237947596,36,11,3.2727,3.272727272727273,47,100,57,4.6210398e-05,4.6210398e-05,2.859084e-06,18750.461769,4677.804692,0.0,-0.9381289899299288,0.0,0.0,0.0,0.0,0.0,0.0,0.0,0.0,,,,,,,,,,,,,,,,
gyPLNx83qKtCYz9zVCRAsem3hKBuaPJLZVxKtEvHJND,PENIS,2026-09-20T11:29:44.072324+00:00,2026-09-20T11:29:44.072324+00:00,2026-09-20T11:29:44.072324+00:00,OBSERVE_WINDOW_ELAPSED,False,LP_NOT_BURNED,OBSERVE_WINDOW_ELAPSED,False,0.78,22591.22220999976,56509.95345814448,36,1,36.0,36.0,37,0,57,5.6514483e-05,5.7074471e-05,0.0,22592.129884,0.0,0.009908752062723458,-1.0,0.008292016048346396,0.009908752062723458,0.009908752062723458,0.009908752062723458,0.008292016048346396,0.009908752062723458,0.009908752062723458,0.009908752062723458,,,,,,,,,,,,,,,,
VVGkBeXk7wtSmd3tyAyj8iAbh5gYF4Gra15UjC8pump,Rolex,2026-09-20T11:29:44.253001+00:00,2026-09-20T11:29:44.253001+00:00,2026-09-20T11:29:44.253001+00:00,OBSERVE_WINDOW_ELAPSED,False,WASH_TRADING,OBSERVE_WINDOW_ELAPSED,True,0.89,67776.76060548285,602887.564834761,211,5,42.2,42.2,216,100,57,0.000600672933,0.001356802081,0.001356802081,67652.291719,101903.992854,1.258803429386421,1.258803429386421,0.2487075824340499,0.623986028682934,1.258803429386421,1.258803429386421,0.2487075824340499,0.623986028682934,1.258803429386421,1.258803429386421,,,,,,,,,,,,,,,,
Ei6CfD5X7KvrEbeg9Wxm6bAqco6op8o5rFx7YXAjpump,Vmaxsolana,2026-09-20T11:30:43.937069+00:00,2026-09-20T11:30:43.937069+00:00,2026-09-20T11:30:43.937069+00:00,OBSERVE_WINDOW_ELAPSED,False,WASH_TRADING,OBSERVE_WINDOW_ELAPSED,True,0.04,18064.691924663042,42903.61921618111,3,1,3.0,3.0,4,100,56,4.5029858e-05,5.4959553e-05,2.454624e-06,18510.673969,4341.207344,0.2205135756812735,-0.9454889686749622,0.2205135756812735,0.2205135756812735,0.2205135756812735,0.2205135756812735,0.2205135756812735,0.2205135756812735,0.2205135756812735,0.2205135756812735,,,,,,,,,,,,,,,,
2w4YnR6cdmdYxofyB5ThkZmZ3UU4ywVTjzD9YaqApump,Yojji,2026-09-20T11:30:44.060220+00:00,2026-09-20T11:30:44.060220+00:00,2026-09-20T11:31:53.012102+00:00,OBSERVE_WINDOW_ELAPSED,True,,TIER2_DISCARD:score=4.85,True,0.98,21002.036672015685,57534.45329984592,258,127,2.0315,2.031496062992126,385,100,59,5.138659e-05,0.00013228671,2.458458e-06,19829.605851,4475.78116,1.5743430338537738,-0.9521575959798072,0.7265383050324998,1.5743430338537738,1.5743430338537738,1.5743430338537738,0.45902890933425633,1.0350780555455517,1.0350780555455517,1.0350780555455517,4.85,FLAT,DECELERATING,discard,rolling_window_v1,4.1481,1.9868,10.0,0.6752,0.6523,0.6481,1.1719,1.0886,0.9868,0.6752,skip_no_signal
5QBrcGPekJK5V2KHaj3Ku2FUWHxoW6ViKxhfsHrMpump,FEEDME,2026-09-20T11:32:44.025376+00:00,2026-09-20T11:32:44.025376+00:00,2026-09-20T11:34:00.030181+00:00,OBSERVE_WINDOW_ELAPSED,True,,TIER2_DISCARD:score=4.78,True,0.16,15996.169592367489,33590.36114346987,32,15,2.1333,2.1333333333333333,47,100,59,4.0721084e-05,0.000179817044,2.649515e-06,17617.375483,4734.656694,3.4158216416832126,-0.9349350572298124,1.8502334810144054,3.4158216416832126,3.4158216416832126,3.4158216416832126,1.255288166229048,2.2226961398681,2.2226961398681,2.2226961398681,4.78,FLAT,DECELERATING,discard,rolling_window_v1,4.0923,1.8298,10.0,0.6277,0.5870,0.5923,1.7415,1.5776,0.8298,0.6277,skip_no_signal
CXDiqZBkdmZ1xPM7W9QKDPXxUxvtjYpof4hVik9bx8o5,Kraken,2026-09-20T11:37:44.058794+00:00,2026-09-20T11:37:44.058794+00:00,2026-09-20T11:37:44.058794+00:00,OBSERVE_WINDOW_ELAPSED,False,LP_NOT_BURNED,OBSERVE_WINDOW_ELAPSED,False,0.73,22481.06069749283,56216.20604440793,27,4,6.75,6.75,31,0,56,5.6293728e-05,5.9840692e-05,0.0,22503.941528,0.0,0.06300815607735188,-1.0,0.008651780887561689,0.06300815607735188,0.06300815607735188,0.06300815607735188,0.008651780887561689,0.06300815607735188,0.06300815607735188,0.06300815607735188,,,,,,,,,,,,,,,,
5NiHiRiHRws1xdYeFnW6dUEKQiq2qHmf3Zdvy2Lapump,Vmaxsolana,2026-09-20T11:40:43.904639+00:00,2026-09-20T11:40:43.904639+00:00,2026-09-20T11:40:43.904639+00:00,OBSERVE_WINDOW_ELAPSED,False,WASH_TRADING,OBSERVE_WINDOW_ELAPSED,True,0.41,20826.945214871965,56917.74392374991,34,12,2.8333,2.8333333333333335,46,100,56,5.8352328e-05,5.8352328e-05,2.271015e-06,21090.138004,4185.139536,0.0,-0.9610809872058574,0.0,0.0,0.0,0.0,0.0,0.0,0.0,0.0,,,,,,,,,,,,,,,,
Gy5WMmsCpJkg3EcXtYLYsNYzWdH9vaWfZ4hJQpBS8g1G,XIAOMI,2026-09-20T11:45:44.087853+00:00,2026-09-20T11:45:44.087853+00:00,2026-09-20T11:45:44.087853+00:00,OBSERVE_WINDOW_ELAPSED,False,LP_NOT_BURNED,OBSERVE_WINDOW_ELAPSED,False,0.28,21554.270288000425,53892.29916162051,6,4,1.5,1.5,10,0,56,5.3909588e-05,8.3954913e-05,0.0,21559.278241,0.0,0.557328039680066,-1.0,0.12355104624431568,0.557328039680066,0.557328039680066,0.557328039680066,0.12355104624431568,0.557328039680066,0.557328039680066,0.557328039680066,,,,,,,,,,,,,,,,
DDv4hnnvEaQMPrCPzZBSm9U7caEM8gZqwype1H9rpump,Youtube,2026-09-20T11:45:44.204881+00:00,2026-09-20T11:45:44.204881+00:00,2026-09-20T11:45:44.204881+00:00,OBSERVE_WINDOW_ELAPSED,False,WASH_TRADING,OBSERVE_WINDOW_ELAPSED,True,0.82,49644.408081922025,322746.2679988576,20,0,20.0,,20,100,56,0.000326699193,0.00051452138,1.952608e-06,49931.106733,3876.46188,0.5749086346840164,-0.9940232236814861,0.09959640151299665,0.3122936058186101,0.5749086346840164,0.5749086346840164,0.09959640151299665,0.3122936058186101,0.5749086346840164,0.5749086346840164,,,,,,,,,,,,,,,,
FmQK1nBWGVjg7jAmDa61iJYrGJJsPxwVUxSByaUjpump,TBC,2026-09-20T11:48:43.939383+00:00,2026-09-20T11:48:43.939383+00:00,2026-09-20T11:50:17.482046+00:00,OBSERVE_WINDOW_ELAPSED,True,,TIER2_DISCARD:score=4.56,True,0.94,57284.44255588717,429599.9298929635,223,204,1.0931,1.0931372549019607,427,100,58,0.000436627801,0.000521293283,1.951901e-06,57751.185183,3874.286737,0.19390767561317057,-0.99552959982042,0.19390767561317057,0.19390767561317057,0.19390767561317057,0.19390767561317057,0.07281002757114075,0.07281002757114075,0.07281002757114075,0.07281002757114075,4.56,FLAT,FLAT,discard,rolling_window_v1,4.0163,4.5,5.516916,0.5144,0.5113,0.5163,1.0297,1.0272,1.0571,0.5144,skip_no_signal
7WfqnAi4dKRKUSx9EC18Y889yCJxrRK9avUXgwkopump,PAIDFART,2026-09-20T11:50:43.935229+00:00,2026-09-20T11:50:43.935229+00:00,2026-09-20T11:50:43.935229+00:00,OBSERVE_WINDOW_ELAPSED,False,WASH_TRADING,OBSERVE_WINDOW_ELAPSED,True,0.62,18872.09123913714,46614.41123391007,102,30,3.4,3.4,132,100,56,4.567585e-05,4.567585e-05,2.541469e-06,18682.172598,4415.357996,0.0,-0.94435858336517,0.0,0.0,0.0,0.0,0.0,0.0,0.0,0.0,,,,,,,,,,,,,,,,
3LQ7g6a3QR63ugd7GtrKg8Lfd7v2X2NMhHAaC6NUpump,Vmaxsolana,2026-09-20T11:50:44.070775+00:00,2026-09-20T11:50:44.070775+00:00,2026-09-20T11:51:52.093940+00:00,OBSERVE_WINDOW_ELAPSED,True,,TIER2_DISCARD:score=3.56,True,0.9,18662.669278753245,45508.39291849942,87,45,1.9333,1.9333333333333333,132,100,58,4.512396e-05,4.756715e-05,2.739449e-06,18572.002942,4576.75424,0.05414396254229459,-0.9392905897443398,0.05414396254229459,0.05414396254229459,0.05414396254229459,0.05414396254229459,0.11393257787435984,0.11393257787435984,0.11393257787435984,0.11393257787435984,3.56,DECELERATING,DECELERATING,discard,rolling_window_v1,1.6066,1.2,10.0,0.6579,0.6566,0.6066,1.0213,0.8870,0.2000,0.6579,skip_no_signal
5ehL6iadSYiXJyyQZ7WYAcmvGdiB4SSvY1yxGEJ1Y9ad,Coinbase,2026-09-20T11:54:44.044245+00:00,2026-09-20T11:54:44.044245+00:00,2026-09-20T11:54:44.044245+00:00,OBSERVE_WINDOW_ELAPSED,False,LP_NOT_BURNED,OBSERVE_WINDOW_ELAPSED,False,0.88,22116.816089881948,55321.336999373525,45,2,22.5,22.5,47,0,56,5.5350128e-05,5.9829365e-05,0.0,22123.558742,0.0,0.08092550391211373,-1.0,0.08092550391211373,0.08092550391211373,0.08092550391211373,0.08092550391211373,0.08092550391211373,0.08092550391211373,0.08092550391211373,0.08092550391211373,,,,,,,,,,,,,,,,
2kPCYcPnFhajWJSCa29eUHbSDHwsFNZC87TURNXApump,USDF,2026-09-20T11:55:43.940371+00:00,2026-09-20T11:55:43.940371+00:00,2026-09-20T11:55:43.940371+00:00,OBSERVE_WINDOW_ELAPSED,False,WASH_TRADING,OBSERVE_WINDOW_ELAPSED,True,0.11,59269.92008886422,459212.6200190585,9,0,9.0,,9,100,56,0.000462114923,0.001310510849,0.000342248103,59454.84207,51292.67297,1.8358981365334528,-0.25938746842849747,0.2192703718421143,1.1109658386859755,1.8358981365334528,1.8358981365334528,0.2192703718421143,1.1109658386859755,1.8358981365334528,1.8358981365334528,,,,,,,,,,,,,,,,
8uqDXXWBm5mo1R3YUwn9tJLkrAbYXDMXYT9acRzBpump,NICKI,2026-09-20T11:55:44.146513+00:00,2026-09-20T11:55:44.146513+00:00,2026-09-20T11:57:07.122199+00:00,OBSERVE_WINDOW_ELAPSED,True,,TIER2_DISCARD:score=4.07,True,0.59,67121.2312222475,588885.6157610656,161,109,1.4771,1.4770642201834863,270,100,58,0.00059322049,0.001177082954,1.958845e-06,67365.406626,3882.651169,0.9842250459015669,-0.9966979478406082,0.2209297524433116,0.9842250459015669,0.9842250459015669,0.9842250459015669,0.3067128663243164,0.886835199711967,0.886835199711967,0.886835199711967,4.07,FLAT,FLAT,discard,rolling_window_v1,4.0557,4.5,3.505711,0.5731,0.5628,0.5557,1.0214,1.0189,1.0173,0.5731,skip_no_signal
EG9TMfV19oUYhs6JJTgc9haNK8DbbqoQfGVV968mpump,Claude,2026-09-20T11:57:43.932156+00:00,2026-09-20T11:57:43.932156+00:00,2026-09-20T12:00:48.362177+00:00,OBSERVE_WINDOW_ELAPSED,True,,TIER2_DISCARD:score=4.29,True,0.84,54060.75448268485,382367.3506405191,245,183,1.3388,1.3387978142076502,428,100,61,0.000387915961,0.000615655493,1.962882e-06,54451.910569,3881.513715,0.5870847165270416,-0.994939929785462,0.08954337406085733,0.25491172558377917,0.5870847165270416,0.5870847165270416,0.08362487506620964,0.22641626284036476,0.48034930593901626,0.48034930593901626,4.29,FLAT,FLAT,discard,rolling_window_v1,4.3938,4.5,3.818974,0.8630,0.8923,0.8938,1.0268,1.0236,1.0242,0.7173,skip_no_signal
46wWCESWWknE5xn8PsvgW7gtKZPxcxkVo6SxRp6uP6RV,SpaceX,2026-09-20T11:59:44.103825+00:00,2026-09-20T11:59:44.103825+00:00,2026-09-20T11:59:44.103825+00:00,OBSERVE_WINDOW_ELAPSED,False,LP_NOT_BURNED,OBSERVE_WINDOW_ELAPSED,False,0.26,21880.794802202916,54709.45390284462,6,3,2.0,2.0,9,0,56,5.4709454e-05,5.5371029e-05,0.0,21880.794802,0.0,0.012092516953285504,-1.0,0.00640644302536808,0.012092516953285504,0.012092516953285504,0.012092516953285504,0.00640644302536808,0.012092516953285504,0.012092516953285504,0.012092516953285504,,,,,,,,,,,,,,,,
4Z5it32a5UiNNxLUZZFopHMw885RL1aujWcWuvkQpump,CROSSR,2026-09-20T12:03:44.097743+00:00,2026-09-20T12:03:44.097743+00:00,2026-09-20T12:05:00.785077+00:00,OBSERVE_WINDOW_ELAPSED,True,,TIER2_DISCARD:score=4.06,True,0.64,64706.086001827076,548293.7395411677,149,131,1.1374,1.1374045801526718,280,100,59,0.000552955948,0.000968064164,1.954904e-06,64982.995873,3874.287899,0.7507075699274333,-0.9964646297646843,0.299736526208775,0.7507075699274333,0.7507075699274333,0.7507075699274333,0.261650861112247,0.6374187010168026,0.6374187010168026,0.6374187010168026,4.06,FLAT,FLAT,discard,rolling_window_v1,4.0127,4.5,3.505582,0.5232,0.5148,0.5127,1.0000,1.0223,1.0299,0.5232,skip_no_signal
EpheT99LhP9yn9bGzcQnJFDVJoS31PcHYr94MinYpump,Vmaxsolana,2026-09-20T12:04:43.960563+00:00,2026-09-20T12:04:43.960563+00:00,2026-09-20T12:06:04.403311+00:00,OBSERVE_WINDOW_ELAPSED,True,,TIER2_DISCARD:score=4.78,True,0.83,19343.429911784686,48901.237566230055,84,48,1.75,1.75,132,100,59,4.5100635e-05,5.9466372e-05,2.106312e-06,18582.302393,4040.800439,0.31852626908689863,-0.9532975090040307,0.15155560448317407,0.31852626908689863,0.31852626908689863,0.31852626908689863,0.14499574658286862,0.14499574658286862,0.14499574658286862,0.14499574658286862,4.78,FLAT,DECELERATING,discard,rolling_window_v1,4.1156,1.8208,10.0,0.6316,0.6226,0.6156,1.0251,1.0167,0.8208,0.6316,skip_no_signal
wrM3AwKdnBSFzq7PngVx4Xw3CMKbtqwF239gd6Ppump,Amazon,2026-09-20T12:08:43.995328+00:00,2026-09-20T12:08:43.995328+00:00,2026-09-20T12:08:43.995328+00:00,OBSERVE_WINDOW_ELAPSED,False,WASH_TRADING,OBSERVE_WINDOW_ELAPSED,True,0.65,69920.1655546269,638560.236785024,203,60,3.3833,3.3833333333333333,263,100,56,0.000654218062,0.00103389343,1.952124e-06,70782.767791,3870.01771,0.580349871171854,-0.9970160958350306,0.21795736205155403,0.580349871171854,0.580349871171854,0.580349871171854,0.21795736205155403,0.580349871171854,0.580349871171854,0.580349871171854,,,,,,,,,,,,,,,,
8eNYd91rEdWi2spJtXWxpGXgFRfySdvnvc2xXRXecok8,CRCL,2026-09-20T12:08:44.200879+00:00,2026-09-20T12:08:44.200879+00:00,2026-09-20T12:08:44.200879+00:00,OBSERVE_WINDOW_ELAPSED,False,LP_NOT_BURNED,OBSERVE_WINDOW_ELAPSED,False,0.77,22421.077220995034,56069.22681956861,34,3,11.3333,11.333333333333334,37,0,56,5.6127803e-05,7.8710126e-05,0.0,22435.855895,0.0,0.40233755452712083,-1.0,0.40233755452712083,0.40233755452712083,0.40233755452712083,0.40233755452712083,0.40233755452712083,0.40233755452712083,0.40233755452712083,0.40233755452712083,,,,,,,,,,,,,,,,
24rCgYmBZz8gkPyPMUH6WyvWRS3RhTLNPirTmHWFHuvZ,Fartcoin,2026-09-20T12:14:44.130283+00:00,2026-09-20T12:14:44.130283+00:00,2026-09-20T12:14:44.130283+00:00,OBSERVE_WINDOW_ELAPSED,False,LP_NOT_BURNED,OBSERVE_WINDOW_ELAPSED,False,0.31,21386.421661299482,53480.0150205581,3,1,3.0,3.0,4,0,56,5.3484165e-05,5.3875013e-05,0.0,21387.010809,0.0,0.007307733045846199,-1.0,0.004245593064788444,0.007307733045846199,0.007307733045846199,0.007307733045846199,0.004245593064788444,0.007307733045846199,0.007307733045846199,0.007307733045846199,,,,,,,,,,,,,,,,
D6nj28MR9WzWN4HTfso3EFEqDgwpEVGiVXtCv6X2pump,Disney,2026-09-20T12:17:43.979422+00:00,2026-09-20T12:17:43.979422+00:00,2026-09-20T12:19:16.759077+00:00,OBSERVE_WINDOW_ELAPSED,True,,TIER2_DISCARD:score=4.14,True,0.71,50723.31999672005,336695.36542011553,175,123,1.4228,1.4227642276422765,298,100,54,0.000341422599,0.000354920395,1.992079e-06,51064.147563,3918.442061,0.03953398527084606,-0.9941653569335052,0.03953398527084606,0.03953398527084606,0.03953398527084606,0.03953398527084606,0.0,0.0,0.0,0.0,4.14,FLAT,FLAT,discard,rolling_window_v1,4.0213,4.5,3.808445,0.5278,0.5199,0.5213,1.0373,1.0309,1.0219,0.5278,skip_no_signal
8GmN95iw5ckNfuMFhRyLW6EvFmWFvixFHBQKbuCepump,YouTube,2026-09-20T12:18:45.375891+00:00,2026-09-20T12:18:45.375891+00:00,2026-09-20T12:18:45.375891+00:00,OBSERVE_WINDOW_ELAPSED,False,WASH_TRADING,OBSERVE_WINDOW_ELAPSED,True,0.64,53800.22421254352,379128.76870652486,79,17,4.6471,4.647058823529412,96,100,52,0.000384473797,0.000604559254,0.000604559254,54178.14497,67928.538975,0.5724329166702615,0.5724329166702615,0.09475376549523351,0.2626159280238285,0.5724329166702615,0.5724329166702615,0.09475376549523351,0.2626159280238285,0.5724329166702615,0.5724329166702615,,,,,,,,,,,,,,,,
HeyT7HjPJrfv7jH7T1Cwt2216cP5Lsac1QNGqEve6mij,CATE,2026-09-20T12:20:44.159027+00:00,2026-09-20T12:20:44.159027+00:00,2026-09-20T12:20:44.159027+00:00,OBSERVE_WINDOW_ELAPSED,False,LP_NOT_BURNED,OBSERVE_WINDOW_ELAPSED,False,0.42,22846.689696786874,57362.035362209484,192,2,96.0,96.0,194,0,49,5.7810239e-05,0.000112818326,0.0,22935.228271,0.0,0.9515284481006903,-1.0,0.9515284481006903,0.9515284481006903,0.9515284481006903,0.9515284481006903,0.9515284481006903,0.9515284481006903,0.9515284481006903,0.9515284481006903,,,,,,,,,,,,,,,,
BuTNcxpCXacefJYnc8rP39nwR7CNLJoiKCr18oAPQiLB,OpenSea,2026-09-20T12:22:44.168326+00:00,2026-09-20T12:22:44.168326+00:00,2026-09-20T12:22:44.168326+00:00,OBSERVE_WINDOW_ELAPSED,False,LP_NOT_BURNED,OBSERVE_WINDOW_ELAPSED,False,0.17,22738.405650095683,56854.021173264424,4,3,1.3333,1.3333333333333333,7,0,45,5.6859679e-05,5.740127e-05,0.0,22740.668324,0.0,0.00952504497958917,-1.0,0.006193773974700001,0.00952504497958917,0.00952504497958917,0.00952504497958917,0.006193773974700001,0.00952504497958917,0.00952504497958917,0.00952504497958917,,,,,,,,,,,,,,,,
CfVmXntvgG1S9hrP5YhZVMiUFqpDr9sSp8Yaptmmpump,JEANPHIL,2026-09-20T12:25:44.365017+00:00,2026-09-20T12:25:44.365017+00:00,2026-09-20T12:25:44.365017+00:00,OBSERVE_WINDOW_ELAPSED,False,WASH_TRADING,OBSERVE_WINDOW_ELAPSED,True,0.12,56305.688987774,415561.2584898582,5,0,5.0,,5,100,39,0.000423189556,0.000667931424,0.000160118687,56810.431769,35047.313709,0.5783268148517353,-0.6216383775784864,0.1379952533611204,0.5783268148517353,0.5783268148517353,0.5783268148517353,0.1379952533611204,0.5783268148517353,0.5783268148517353,0.5783268148517353,,,,,,,,,,,,,,,,
8fGGPTNqd3uoxH5o4gnXacFfo8BunybM3mySoKkBpump,JMY,2026-09-20T12:25:44.582572+00:00,2026-09-20T12:25:44.582572+00:00,2026-09-20T12:27:19.570751+00:00,OBSERVE_WINDOW_ELAPSED,True,,TIER2_DISCARD:score=4.81,True,0.54,18442.551419333096,44584.09827935753,61,37,1.6486,1.6486486486486487,98,100,39,5.1715811e-05,6.8737014e-05,2.093124e-06,19873.085847,4019.195699,0.3291295770262599,-0.9595264202663282,0.3291295770262599,0.3291295770262599,0.3291295770262599,0.3291295770262599,0.33690639064541883,0.33690639064541883,0.33690639064541883,0.33690639064541883,4.81,FLAT,DECELERATING,discard,rolling_window_v1,4.0497,1.9823,10.0,0.5789,0.5594,0.5497,1.1227,1.3217,0.9823,0.5789,skip_no_signal
7WSgYot1rPGdcup34vLrxZoaKbk6DU9CP6v4J53qpump,USDF,2026-09-20T12:25:44.736148+00:00,2026-09-20T12:25:44.736148+00:00,2026-09-20T12:25:44.736148+00:00,OBSERVE_WINDOW_ELAPSED,False,WASH_TRADING,OBSERVE_WINDOW_ELAPSED,True,0.79,662297.290540664,57460845.17793464,109,4,27.25,27.25,113,100,39,0.057537879194,0.059133030592,0.059133030592,662625.879902,671603.110942,0.027723500072389662,0.027723500072389662,0.010669998401053649,0.0222166150526677,0.027723500072389662,0.027723500072389662,0.010669998401053649,0.0222166150526677,0.027723500072389662,0.027723500072389662,,,,,,,,,,,,,,,,
oA4eD2f9uB2rbn6V68TMDGmcq8M9DLzYW7geNAQpump,Bidr,2026-09-20T12:28:44.156227+00:00,2026-09-20T12:28:44.156227+00:00,2026-09-20T12:29:57.953020+00:00,OBSERVE_WINDOW_ELAPSED,True,,TIER2_DISCARD:score=4.06,True,0.34,64743.50661838977,549714.3354778405,73,49,1.4898,1.489795918367347,122,100,34,0.00054957767,0.000758631942,0.000227618289,64725.122134,41768.503044,0.38039076806013594,-0.5858305360186851,0.26588379036579113,0.38039076806013594,0.38039076806013594,0.38039076806013594,0.27045586792503373,0.3202004834062242,0.3202004834062242,0.3202004834062242,4.06,FLAT,FLAT,discard,rolling_window_v1,4.0182,4.5,3.504265,0.5604,0.5259,0.5182,1.0000,1.0227,1.0220,0.5604,skip_no_signal
WW43aMW4Y4hx86rTh3ixWnv2zFgdn56rwhYeG7Zpump,McDonald's,2026-09-20T12:30:44.172824+00:00,2026-09-20T12:30:44.172824+00:00,2026-09-20T12:30:44.172824+00:00,OBSERVE_WINDOW_ELAPSED,False,WASH_TRADING,OBSERVE_WINDOW_ELAPSED,True,0.97,68286.31038034293,611751.5660077148,301,4,75.25,75.25,305,100,30,0.000611095517,0.00103360669,0.00103360669,68241.193619,88804.453928,0.6913995623371592,0.6913995623371592,0.2484173992066776,0.6450971166263686,0.6913995623371592,0.6913995623371592,0.2484173992066776,0.6450971166263686,0.6913995623371592,0.6913995623371592,,,,,,,,,,,,,,,,
AqYPsyFbiAx1NrcfjLJBUgiY33eps1RWNuJptSfi8j2r,Gemini AI,2026-09-20T12:31:44.050784+00:00,2026-09-20T12:31:44.050784+00:00,2026-09-20T12:31:44.050784+00:00,OBSERVE_WINDOW_ELAPSED,False,LP_NOT_BURNED,OBSERVE_WINDOW_ELAPSED,False,0.62,22643.352182515628,56617.96918417832,13,1,13.0,13.0,14,0,28,5.6627583e-05,7.7116821e-05,0.0,22640.828987,0.0,0.36182434274123976,-1.0,0.36182434274123976,0.36182434274123976,0.36182434274123976,0.36182434274123976,0.36182434274123976,0.36182434274123976,0.36182434274123976,0.36182434274123976,,,,,,,,,,,,,,,,
3cRvDdZQHeMjKmA5hb9anDtyRt3tgQ95JHs8ZY1D1yds,FOMO,2026-09-20T12:33:44.041657+00:00,2026-09-20T12:33:44.041657+00:00,2026-09-20T12:33:44.041657+00:00,OBSERVE_WINDOW_ELAPSED,False,WASH_TRADING,OBSERVE_WINDOW_ELAPSED,True,0.4,49316.9497130392,319345.954229072,20,0,20.0,,20,100,24,0.000322908195,0.000394180718,0.000394180718,49599.813952,54823.875459,0.22072070050746162,0.22072070050746162,0.10371825341874663,0.22072070050746162,0.22072070050746162,0.22072070050746162,0.10371825341874663,0.22072070050746162,0.22072070050746162,0.22072070050746162,,,,,,,,,,,,,,,,
ArSNn23kZDhWVTpPRUiNprpQQLriLZ8bLhNnXUSFpump,Grok,2026-09-20T12:35:44.047216+00:00,2026-09-20T12:35:44.047216+00:00,2026-09-20T12:36:51.740304+00:00,OBSERVE_WINDOW_ELAPSED,True,,TIER2_DISCARD:score=3.33,True,0.5,53701.141382234775,378382.88820920937,85,40,2.125,2.125,125,100,21,0.000378383443,0.000499052034,0.000499052034,53701.181784,61693.96753,0.3189055790689024,0.3189055790689024,0.10477209226091855,0.3189055790689024,0.3189055790689024,0.3189055790689024,0.10129779609818956,0.2716850213475943,0.2716850213475943,0.2716850213475943,3.33,FLAT,DECELERATING,discard,rolling_window_v1,4.1835,2.0,3.822084,0.6341,0.5526,0.6835,1.0000,126.7281,1.0226,0.6341,skip_no_signal
6ZUu2pxcvAWNA2vA9uWeQTWR1t2bQoqYJepZ8v28pump,INVISTA,2026-09-20T12:35:44.208506+00:00,2026-09-20T12:35:44.208506+00:00,2026-09-20T12:36:52.134937+00:00,OBSERVE_WINDOW_ELAPSED,True,,TIER2_DISCARD:score=4.18,True,0.55,50405.009505807684,333371.73015416774,75,33,2.2727,2.272727272727273,108,100,21,0.000333372777,0.000434259744,0.000434259744,50405.088845,57542.659012,0.3026250910703485,0.3026250910703485,0.12106345144072761,0.3026250910703485,0.3026250910703485,0.3026250910703485,0.08231670517132494,0.2478111649178072,0.2478111649178072,0.2478111649178072,4.18,FLAT,FLAT,discard,rolling_window_v1,4.1358,4.5,3.811015,0.6835,0.5237,0.6358,1.0000,1.0267,1.0241,0.6835,skip_no_signal
ArEgaSpD8tQjq5DXghz7m3DU1BwqPing78QjSQAmpump,KTA,2026-09-20T12:36:44.044563+00:00,2026-09-20T12:36:44.044563+00:00,2026-09-20T12:39:33.646876+00:00,OBSERVE_WINDOW_ELAPSED,True,,TIER2_DISCARD:score=3.76,True,0.63,19408.742761190784,49428.47033818155,75,32,2.3438,2.34375,107,100,19,5.0458067e-05,5.5344982e-05,2.300942e-06,19617.785629,4205.650933,0.09685101492294579,-0.954398926934716,0.09685101492294579,0.09685101492294579,0.09685101492294579,0.09685101492294579,0.1358662352092821,0.1358662352092821,0.1358662352092821,0.1358662352092821,3.76,DECELERATING,DECELERATING,discard,rolling_window_v1,1.6033,1.7652,10.0,0.6147,0.6234,0.6033,1.1163,1.2698,0.7652,0.6579,skip_no_signal
AMsBuySVFS8myZfFPg55Rs3fSockZ1iKEAk8QiWQpump,POKEMON,2026-09-20T12:36:44.192899+00:00,2026-09-20T12:36:44.192899+00:00,2026-09-20T12:37:56.549923+00:00,OBSERVE_WINDOW_ELAPSED,True,,TIER2_DISCARD:score=4.07,True,0.93,59697.59890310825,467761.7005748374,246,184,1.337,1.3369565217391304,430,100,19,0.00046777203,0.000670298892,0.000191957226,59698.261719,38328.855843,0.43296060690075877,-0.5896350921195523,0.3905560450033747,0.43296060690075877,0.43296060690075877,0.43296060690075877,0.3324839905053987,0.3324839905053987,0.3324839905053987,0.3324839905053987,4.07,FLAT,FLAT,discard,rolling_window_v1,4.0531,4.5,3.504607,0.5670,0.5549,0.5531,1.0277,1.0267,1.0255,0.567,skip_no_signal
HAHJiVBpAfCmKbr5EkvZ4JqShNCaWK8Nv14d9L26nnZA,C4T,2026-09-20T12:37:44.170583+00:00,2026-09-20T12:37:44.170583+00:00,2026-09-20T12:37:44.170583+00:00,OBSERVE_WINDOW_ELAPSED,False,LP_NOT_BURNED,OBSERVE_WINDOW_ELAPSED,False,0.56,16379.489734057359,41347.017671850794,302,8,37.75,37.75,310,0,17,4.1397749e-05,0.000120173032,0.0,16389.563464,0.0,1.9028880773203394,-1.0,0.8847704014051585,1.9028880773203394,1.9028880773203394,1.9028880773203394,0.8847704014051585,1.9028880773203394,1.9028880773203394,1.9028880773203394,,,,,,,,,,,,,,,,
BPw3sy8NuZxbbGVDMT3kSnqx8Dvdb9FpdgYFjNdVW7mj,AMD,2026-09-20T12:38:44.173757+00:00,2026-09-20T12:38:44.173757+00:00,2026-09-20T12:38:44.173757+00:00,OBSERVE_WINDOW_ELAPSED,False,LP_NOT_BURNED,OBSERVE_WINDOW_ELAPSED,False,0.77,21173.85171456563,52977.84206259591,37,3,12.3333,12.333333333333334,40,0,15,5.3014153e-05,6.0485402e-05,0.0,21183.189283,0.0,0.14092932881526932,-1.0,0.14092932881526932,0.14092932881526932,0.14092932881526932,0.14092932881526932,0.14092932881526932,0.14092932881526932,0.14092932881526932,0.14092932881526932,,,,,,,,,,,,,,,,
GVTzqNkdzEjRam3Upw9tKPWwTarRNQdRanNsb2LFpump,callout,2026-09-20T12:39:44.584406+00:00,2026-09-20T12:39:44.584406+00:00,2026-09-20T12:39:44.584406+00:00,OBSERVE_WINDOW_ELAPSED,False,WASH_TRADING,OBSERVE_WINDOW_ELAPSED,True,0.19,17113.717925693323,38457.80861989556,34,9,3.7778,3.7777777777777777,43,100,13,4.1140543e-05,7.9618849e-05,7.1070764e-05,17701.211615,23748.167461,0.9352892109372499,0.7275115693052472,0.5471576541904175,0.9352892109372499,0.9352892109372499,0.9352892109372499,0.5471576541904175,0.9352892109372499,0.9352892109372499,0.9352892109372499,,,,,,,,,,,,,,,,
BS77T3whoQcX8rrvezo9W5fLYnqkAUhF3yQCfyiHD9BH,DISNEY,2026-09-20T12:44:44.217429+00:00,2026-09-20T12:44:44.217429+00:00,2026-09-20T12:44:44.217429+00:00,OBSERVE_WINDOW_ELAPSED,False,LP_NOT_BURNED,OBSERVE_WINDOW_ELAPSED,False,0.42,21302.321269350192,53262.758511147236,7,4,1.75,1.75,11,0,4,5.3271953e-05,5.3416345e-05,5.3416345e-05,21304.414863,21334.955779,0.0027104694284438846,0.0027104694284438846,0.0027104694284438846,0.0027104694284438846,0.0027104694284438846,0.0027104694284438846,0.0027104694284438846,0.0027104694284438846,0.0027104694284438846,0.0027104694284438846,,,,,,,,,,,,,,,,
C5iNYdnZ7pNvo4grXT8dSYEnJgKErJNFpiruAuxDpump,BIRTHDAY,2026-09-20T12:46:44.191338+00:00,2026-09-20T12:46:44.191338+00:00,2026-09-20T12:46:44.191338+00:00,OBSERVE_WINDOW_ELAPSED,False,WASH_TRADING,OBSERVE_WINDOW_ELAPSED,True,0.54,20678.28382334722,56158.66586816667,23,5,4.6,4.6,28,100,0,,,,,,,,,,,,,,,,,,,,,,,,,,,,,,,
2tb1epBSRwBKG3XFjdYkMETKoZe1WdRe1VMiKwVMpump,MNK,2026-09-20T12:46:44.325857+00:00,2026-09-20T12:46:44.325857+00:00,,,True,,,True,0.68,19622.578240037456,50449.25245443032,90,52,1.7308,1.7307692307692308,142,100,1,2.118395e-06,2.118395e-06,2.118395e-06,4076.340609,4076.340609,,,,,,0.0,,,,,,,,,,,,,,,,,,,0.5253,skip_no_signal
5yC6wa9xuF3KwefJEoSGLNjwF6q8nY2Yg1xddRy7CMv4,OpenClaw,2026-09-20T12:52:44.233876+00:00,2026-09-20T12:52:44.233876+00:00,2026-09-20T12:52:44.233876+00:00,OBSERVE_WINDOW_ELAPSED,False,LP_NOT_BURNED,OBSERVE_WINDOW_ELAPSED,False,0.7,21236.79651392868,53113.6745159735,27,4,6.75,6.75,31,0,0,,,,,,,,,,,,,,,,,,,,,,,,,,,,,,,
R4orHJvVWuPoeetwBGSViGa4uxgpSZbfnChsYUfpump,HERMES,2026-09-20T12:53:44.235513+00:00,2026-09-20T12:53:44.235513+00:00,2026-09-20T12:53:44.235513+00:00,OBSERVE_WINDOW_ELAPSED,False,WASH_TRADING,OBSERVE_WINDOW_ELAPSED,True,0.32,70273.925599409,647551.2619794717,88,0,88.0,,88,100,0,,,,,,,,,,,,,,,,,,,,,,,,,,,,,,,
5bZNY1LPeDvgmPGrhiga6b6tbv4fkCP51txrscE2pump,Battalion,2026-09-20T12:53:44.358345+00:00,2026-09-20T12:53:44.358345+00:00,,,True,,,True,0.59,17150.016943752802,38607.91288090901,223,211,1.0569,1.0568720379146919,434,100,1,3.211295e-06,3.211295e-06,3.211295e-06,4995.279705,4995.279705,,,,,,0.0,,,,,,,,,,,,,,,,,,,0.5375,skip_no_signal
6XgQrZrP5DLSagGwZYnjZuMTTtDfsqxf1d8aqC8cmG8k,MOSCOW,2026-09-20T12:58:44.197283+00:00,2026-09-20T12:58:44.197283+00:00,2026-09-20T12:58:44.197283+00:00,OBSERVE_WINDOW_ELAPSED,False,LP_NOT_BURNED,OBSERVE_WINDOW_ELAPSED,False,0.05,23828.245497669785,59579.84639947041,4,1,4.0,4.0,5,0,0,,,,,,,,,,,,,,,,,,,,,,,,,,,,,,,
DELtTvodsGtmW5Q3ZHxDa1y6ugjsuxnb5aPDax4461pA,AAPL,2026-09-20T12:58:44.324761+00:00,2026-09-20T12:58:44.324761+00:00,2026-09-20T12:58:44.324761+00:00,OBSERVE_WINDOW_ELAPSED,False,LP_NOT_BURNED,OBSERVE_WINDOW_ELAPSED,False,1.01,21529.526502761983,53851.92617569865,61,3,20.3333,20.333333333333332,64,0,0,,,,,,,,,,,,,,,,,,,,,,,,,,,,,,,
6oCLGGEX1NbstKCN5h5tAS2ZkoQ4Cy14eVjnfSntY8dg,NVIDIA,2026-09-20T13:02:44.199113+00:00,2026-09-20T13:02:44.199113+00:00,2026-09-20T13:02:44.199113+00:00,OBSERVE_WINDOW_ELAPSED,False,LP_NOT_BURNED,OBSERVE_WINDOW_ELAPSED,False,0.21,22660.60002442496,56658.114082378364,4,1,4.0,4.0,5,0,0,,,,,,,,,,,,,,,,,,,,,,,,,,,,,,,
DeSKxHsortH4pbJjA9jKc35HgUNsi2ytxaEK6kvyDTyi,ROBOCLAW,2026-09-20T13:03:44.235032+00:00,2026-09-20T13:03:44.235032+00:00,,,True,,,True,0.93,15779.772605026657,32651.85131420105,196,91,2.1538,2.1538461538461537,287,100,1,4.998086e-06,4.998086e-06,4.998086e-06,6227.2823,6227.2823,,,,,,0.0,,,,,,,,,,,,,,,,,,,0.5284,skip_no_signal
3eQtCcYHhVap8az5t197n7QrDuphh3VZF8Lus6YUpump,ChatGPT,2026-09-20T13:05:44.289933+00:00,2026-09-20T13:05:44.289933+00:00,,,True,,,True,0.91,54208.6047777337,384839.0654318267,185,160,1.1562,1.15625,345,100,1,2.043392e-06,2.043392e-06,2.043392e-06,4001.691662,4001.691662,,,,,,0.0,,,,,,,,,,,,,,,,,,,0.5079,skip_no_signal
3FZKytE87Psjb2jt8wzN53YjyiNLwUPruff2gxt1pump,BELUGA,2026-09-20T13:06:44.523348+00:00,2026-09-20T13:06:44.523348+00:00,,,True,,,True,0.72,19284.063273327625,48600.085397887044,192,152,1.2632,1.263157894736842,344,100,1,9.017372e-06,9.017372e-06,9.017372e-06,8632.099387,8632.099387,,,,,,0.0,,,,,,,,,,,,,,,,,,,0.5982,skip_no_signal
AV52t3kTisoXnhg7qPd28op7fXcVhkBjKx7Z5oWu8Pjf,PORNHUB,2026-09-20T13:08:45.308431+00:00,2026-09-20T13:08:45.308431+00:00,2026-09-20T13:08:45.308431+00:00,OBSERVE_WINDOW_ELAPSED,False,LP_NOT_BURNED,OBSERVE_WINDOW_ELAPSED,False,0.31,21562.450530068694,53938.46710790498,9,2,4.5,4.5,11,0,0,,,,,,,,,,,,,,,,,,,,,,,,,,,,,,,
4VvSY4izN1UaqRd535sdTQV7C6aP84joFapYLHsfpump,CHILLJEAN,2026-09-20T13:09:44.155904+00:00,2026-09-20T13:09:44.155904+00:00,2026-09-20T13:09:44.155904+00:00,OBSERVE_WINDOW_ELAPSED,False,WASH_TRADING,OBSERVE_WINDOW_ELAPSED,True,0.59,20368.114838836154,54384.25949527906,79,31,2.5484,2.5483870967741935,110,100,0,,,,,,,,,,,,,,,,,,,,,,,,,,,,,,,
5sTfd6pXCrWi5ojpNMoGm7QqP67bbo2T9qnyFPjEXpjt,DONATED,2026-09-20T13:10:44.150953+00:00,2026-09-20T13:10:44.150953+00:00,2026-09-20T13:10:44.150953+00:00,OBSERVE_WINDOW_ELAPSED,False,LP_NOT_BURNED,OBSERVE_WINDOW_ELAPSED,False,0.38,23993.95414008935,60374.35041549117,253,0,253.0,,253,0,0,,,,,,,,,,,,,,,,,,,,,,,,,,,,,,,
kgLfVJiPwuEXXQBcY2AV3zh6MCkJvZfWLcNHjHJpump,WOTF,2026-09-20T13:11:44.282690+00:00,2026-09-20T13:11:44.282690+00:00,2026-09-20T13:11:44.282690+00:00,OBSERVE_WINDOW_ELAPSED,False,WASH_TRADING,OBSERVE_WINDOW_ELAPSED,True,0.9,222971.91185716854,6514657.286027261,25,1,25.0,25.0,26,100,0,,,,,,,,,,,,,,,,,,,,,,,,,,,,,,,
7num5Yed8zwSUZqo6rHWdBPAEm3nEABGCt2UF3LErFKA,PORNHUB,2026-09-20T13:14:44.264785+00:00,2026-09-20T13:14:44.264785+00:00,2026-09-20T13:14:44.264785+00:00,OBSERVE_WINDOW_ELAPSED,False,LP_NOT_BURNED,OBSERVE_WINDOW_ELAPSED,False,0.53,18519.449549180372,46590.5570943905,214,3,71.3333,71.33333333333333,217,0,0,,,,,,,,,,,,,,,,,,,,,,,,,,,,,,,
DEYzkaoNEQT77sJY5QgDyCUMf6GKj5p2PxqbjmMNLPQG,MSFT,2026-09-20T13:15:44.267812+00:00,2026-09-20T13:15:44.267812+00:00,2026-09-20T13:15:44.267812+00:00,OBSERVE_WINDOW_ELAPSED,False,LP_NOT_BURNED,OBSERVE_WINDOW_ELAPSED,False,0.27,21517.754075369143,53814.73502355705,9,3,3.0,3.0,12,0,0,,,,,,,,,,,,,,,,,,,,,,,,,,,,,,,
C9EQ4QtC8guVq9PmvWx6jKQeEYT6k39T2mAb1uGn7VVB,$sirbark,2026-09-20T13:17:44.256899+00:00,2026-09-20T13:17:44.256899+00:00,2026-09-20T13:17:44.256899+00:00,OBSERVE_WINDOW_ELAPSED,False,LP_NOT_BURNED,OBSERVE_WINDOW_ELAPSED,False,0.7,24179.07659383156,61378.5908165777,403,2,201.5,201.5,405,0,0,,,,,,,,,,,,,,,,,,,,,,,,,,,,,,,
39fN1aSZtXYqNDZVcU7HQptWxcuzQzNzZyDzhVrppump,WSOS,2026-09-20T13:19:44.267404+00:00,2026-09-20T13:19:44.267404+00:00,,,True,,,True,0.9,125367.68150543755,2062005.679477753,141,84,1.6786,1.6785714285714286,225,100,1,1.991688e-06,1.991688e-06,1.991688e-06,3948.350115,3948.350115,,,,,,0.0,,,,,,,,,,,,,,,,,,,0.2824,skip_no_signal
8X2UPZfXvzuAzJ38MwmiT8tC7rF2Sfy1FF4avbtfdnZb,BELUGA,2026-09-20T13:20:44.310504+00:00,2026-09-20T13:20:44.310504+00:00,2026-09-20T13:20:44.310504+00:00,OBSERVE_WINDOW_ELAPSED,False,LP_NOT_BURNED,OBSERVE_WINDOW_ELAPSED,False,0.27,23900.0997157338,59998.53067433789,149,0,149.0,,149,0,0,,,,,,,,,,,,,,,,,,,,,,,,,,,,,,,
BFmPesdfVosKwTGghZjqyDGMdDymYhCpEMEMinLEpump,ChatGPT,2026-09-20T13:20:44.439267+00:00,2026-09-20T13:20:44.439267+00:00,2026-09-20T13:20:44.439267+00:00,OBSERVE_WINDOW_ELAPSED,False,WASH_TRADING,OBSERVE_WINDOW_ELAPSED,True,0.3,53623.49147951884,377378.34202070936,18,0,18.0,,18,100,0,,,,,,,,,,,,,,,,,,,,,,,,,,,,,,,
7q4sYiAcTSrquLtwQ3ygwvotREVJgCRPmRLpkMNRpump,WAR,2026-09-20T13:21:44.305674+00:00,2026-09-20T13:21:44.305674+00:00,2026-09-20T13:21:44.305674+00:00,OBSERVE_WINDOW_ELAPSED,False,WASH_TRADING,OBSERVE_WINDOW_ELAPSED,True,0.3,19055.97423131529,47727.13259152141,27,3,9.0,9.0,30,100,0,,,,,,,,,,,,,,,,,,,,,,,,,,,,,,,
6PmLsXr65fvWN9be1JErbK6Caatpm2xWfX12mu6Mpump,Prism,2026-09-20T13:21:44.546783+00:00,2026-09-20T13:21:44.546783+00:00,,,True,,,True,0.53,61538.13500451853,497063.1952932906,137,95,1.4421,1.4421052631578948,232,100,1,1.975022e-06,1.975022e-06,1.975022e-06,3927.969783,3927.969783,,,,,,0.0,,,,,,,,,,,,,,,,,,,0.4189,skip_no_signal
BYtV7hkQH37o17WVnHRxvFA4hi9wCScT9T2nKYGRWVdd,Polymarket,2026-09-20T13:22:44.332590+00:00,2026-09-20T13:22:44.332590+00:00,2026-09-20T13:22:44.332590+00:00,OBSERVE_WINDOW_ELAPSED,False,LP_NOT_BURNED,OBSERVE_WINDOW_ELAPSED,False,0.3,21955.940072085097,54896.87153992578,5,1,5.0,5.0,6,0,0,,,,,,,,,,,,,,,,,,,,,,,,,,,,,,,
GL34H8Abr128gGhw13D6p8F9FYUkUuS1G57uR9F2pump,fomopay,2026-09-20T13:27:44.168785+00:00,2026-09-20T13:27:44.168785+00:00,,,True,,,True,0.14,58713.239091604664,452173.2641640585,28,18,1.5556,1.5555555555555556,46,100,1,1.967498e-06,1.967498e-06,1.967498e-06,3911.95496,3911.95496,,,,,,0.0,,,,,,,,,,,,,,,,,,,0.3487,skip_no_signal
HfCdpTuE5w8VbLr67zZAEz1VsGnxZtq9syEjbsfu6TXf,INU,2026-09-20T13:27:44.307878+00:00,2026-09-20T13:27:44.307878+00:00,2026-09-20T13:27:44.307878+00:00,OBSERVE_WINDOW_ELAPSED,False,LP_NOT_BURNED,OBSERVE_WINDOW_ELAPSED,False,0.42,24014.076018416694,60543.4058683583,288,4,72.0,72.0,292,0,0,,,,,,,,,,,,,,,,,,,,,,,,,,,,,,,
tbGF34gtN8Apyq4CouW6pvL7CkCpXd14Facakhcpump,fomopay,2026-09-20T13:27:44.455972+00:00,2026-09-20T13:27:44.455972+00:00,2026-09-20T13:27:44.455972+00:00,OBSERVE_WINDOW_ELAPSED,False,WASH_TRADING,OBSERVE_WINDOW_ELAPSED,True,0.63,42733.40835764122,239591.629698281,293,57,5.1404,5.140350877192983,350,100,0,,,,,,,,,,,,,,,,,,,,,,,,,,,,,,,
C9EtJdD9MLqfJ8aQdCbp8Xi1aJ37ToUr6Ui3yg7epump,ZBCN,2026-09-20T13:29:44.173870+00:00,2026-09-20T13:29:44.173870+00:00,2026-09-20T13:29:44.173870+00:00,OBSERVE_WINDOW_ELAPSED,False,WASH_TRADING,OBSERVE_WINDOW_ELAPSED,True,0.06,190036.81174848136,4736160.63499073,6,0,6.0,,6,100,0,,,,,,,,,,,,,,,,,,,,,,,,,,,,,,,
7cdaMYtNnqo7KEbdEDXczs1t7zbz2sQqQF4Wxqnxpump,JEANWIFHAT,2026-09-20T13:29:44.362735+00:00,2026-09-20T13:29:44.362735+00:00,2026-09-20T13:29:44.362735+00:00,OBSERVE_WINDOW_ELAPSED,False,WASH_TRADING,OBSERVE_WINDOW_ELAPSED,True,0.22,30608.492690426887,123077.40843753975,11,0,11.0,,11,100,0,,,,,,,,,,,,,,,,,,,,,,,,,,,,,,,
N95vC38HnPPan4MZC9T1B3jrwfyP9Q6WK5syJu4pump,NFL,2026-09-20T13:29:44.475613+00:00,2026-09-20T13:29:44.475613+00:00,2026-09-20T13:29:44.475613+00:00,OBSERVE_WINDOW_ELAPSED,False,WASH_TRADING,OBSERVE_WINDOW_ELAPSED,True,0.81,69633.51550758036,636092.5651009083,221,63,3.5079,3.507936507936508,284,100,0,,,,,,,,,,,,,,,,,,,,,,,,,,,,,,,
A3ZhRgmpHnPb7DrUVNP9zrDGQ43zJHbFpQ3wwxkQ9o9L,UNSTABLE,2026-09-20T13:30:44.296145+00:00,2026-09-20T13:30:44.296145+00:00,2026-09-20T13:30:44.296145+00:00,OBSERVE_WINDOW_ELAPSED,False,LP_NOT_BURNED,OBSERVE_WINDOW_ELAPSED,False,0.09,18400.927118154894,46032.51774416708,13,3,4.3333,4.333333333333333,16,0,0,,,,,,,,,,,,,,,,,,,,,,,,,,,,,,,
FBqPgtbmnTu68hmn2mTeKkZ7chnKjpDG75RY61wFGqoU,Fartcoin,2026-09-20T13:30:44.415815+00:00,2026-09-20T13:30:44.415815+00:00,2026-09-20T13:30:44.415815+00:00,OBSERVE_WINDOW_ELAPSED,False,LP_NOT_BURNED,OBSERVE_WINDOW_ELAPSED,False,0.32,21034.627866448456,52593.9616533183,5,1,5.0,5.0,6,0,0,,,,,,,,,,,,,,,,,,,,,,,,,,,,,,,
B9o3WcoFs5XuhNc8qo5afA271q5sPmJjmE8zANGDpump,Shiba,2026-09-20T13:30:44.541436+00:00,2026-09-20T13:30:44.541436+00:00,,,True,,,True,0.51,65743.19564308581,567054.0358331435,108,91,1.1868,1.1868131868131868,199,100,1,6.179536e-06,6.179536e-06,6.179536e-06,6948.981163,6948.981163,,,,,,0.0,,,,,,,,,,,,,,,,,,,0.4533,skip_no_signal
7NF6QhwDrTB8rs4t7n7evyy8FFx8DgjCxkJbTSaKpump,cade,2026-09-20T13:31:44.338482+00:00,2026-09-20T13:31:44.338482+00:00,,,True,,,True,0.68,17739.215051759405,41295.842109255296,152,172,0.8837,0.8837209302325582,324,100,1,2.60864e-06,2.60864e-06,2.60864e-06,4500.62195,4500.62195,,,,,,0.0,,,,,,,,,,,,,,,,,,,0.5193,skip_no_signal
usS7cmTLPgmfvH9E11y2RNzAspaARXENYjPVRMbpump,TDOF,2026-09-20T13:32:44.163545+00:00,2026-09-20T13:32:44.163545+00:00,2026-09-20T13:32:44.163545+00:00,OBSERVE_WINDOW_ELAPSED,False,WASH_TRADING,OBSERVE_WINDOW_ELAPSED,True,0.25,1089518.0661630356,155718030.25742176,23,0,23.0,,23,100,0,,,,,,,,,,,,,,,,,,,,,,,,,,,,,,,
64aVDsyYFyHkAThvhYXQy3Ps8GccDchN7UCe9ax1pump,TIKCAT,2026-09-20T13:35:44.185011+00:00,2026-09-20T13:35:44.185011+00:00,2026-09-20T13:35:44.185011+00:00,OBSERVE_WINDOW_ELAPSED,False,WASH_TRADING,OBSERVE_WINDOW_ELAPSED,True,0.24,32598.64633206773,139809.88653660848,16,2,8.0,8.0,18,100,0,,,,,,,,,,,,,,,,,,,,,,,,,,,,,,,
3BWgEZA41HH9hEJAafsuVPQWsv3P7zeRUQb8MMdrxqf7,Kit,2026-09-20T13:36:44.030288+00:00,2026-09-20T13:36:44.030288+00:00,,,True,,,True,0.05,18681.2065157639,45908.048782074235,29,31,0.9355,0.9354838709677419,60,100,1,2.619899e-06,2.619899e-06,2.619899e-06,4568.91263,4568.91263,,,,,,0.0,,,,,,,,,,,,,,,,,,,0.5259,skip_no_signal
AyfpCThXCGm6im5C8CnborAJSpboxHj6BYqxWzS6pump,JEANPILL,2026-09-20T13:36:44.224245+00:00,2026-09-20T13:36:44.224245+00:00,,,True,,,True,0.48,18475.360360380302,44899.22091241971,86,62,1.3871,1.3870967741935485,148,100,1,3.157408e-06,3.157408e-06,3.157408e-06,4973.376539,4973.376539,,,,,,0.0,,,,,,,,,,,,,,,,,,,0.5332,skip_no_signal
r7CYJE3Fwadixp82yCpyXfN7KbGCkkioJpFvqozpump,WSOS,2026-09-20T13:37:44.015233+00:00,2026-09-20T13:37:44.015233+00:00,2026-09-20T13:37:44.015233+00:00,OBSERVE_WINDOW_ELAPSED,False,WASH_TRADING,OBSERVE_WINDOW_ELAPSED,True,0.02,788400.7299810194,81639804.5105675,4,0,4.0,,4,100,0,,,,,,,,,,,,,,,,,,,,,,,,,,,,,,,
4LSbzuqcqv6zNxDNuHzW8mw2thkwZ6FjEsc5wKt4MnSr,Coinbase,2026-09-20T13:39:44.020449+00:00,2026-09-20T13:39:44.020449+00:00,2026-09-20T13:39:44.020449+00:00,OBSERVE_WINDOW_ELAPSED,False,LP_NOT_BURNED,OBSERVE_WINDOW_ELAPSED,False,0.17,21079.933045915626,52708.541097823785,6,1,6.0,6.0,7,0,0,,,,,,,,,,,,,,,,,,,,,,,,,,,,,,,
3Xrccpf2s158Y1NoynpHNzZCpGh7DkkGo9Kh6ff7rXdz,Joyce,2026-09-20T13:39:44.311169+00:00,2026-09-20T13:39:44.311169+00:00,,,True,,,True,0.39,17713.05846535602,41291.63042855934,108,74,1.4595,1.4594594594594594,182,100,1,2.765651e-06,2.765651e-06,2.765651e-06,4628.725218,4628.725218,,,,,,0.0,,,,,,,,,,,,,,,,,,,0.5423,skip_no_signal
2L6VE3LUJN1WoR46KPWosNWXNy9ko9ECczJ6nE8ywgMP,OPENAI,2026-09-20T13:39:44.452091+00:00,2026-09-20T13:39:44.452091+00:00,2026-09-20T13:39:44.452091+00:00,OBSERVE_WINDOW_ELAPSED,False,LP_NOT_BURNED,OBSERVE_WINDOW_ELAPSED,False,0.92,313779.8887307255,948714.5727452779,37,2,18.5,18.5,39,0,0,,,,,,,,,,,,,,,,,,,,,,,,,,,,,,,
DK5qu2g9DWVexyjJ8TK81UQBULqsTt8eUPZfqwu4pump,CARDS,2026-09-20T13:40:44.004638+00:00,2026-09-20T13:40:44.004638+00:00,,,True,,,True,0.92,49566.916918509545,322853.7697624291,174,143,1.2168,1.2167832167832169,317,100,1,1.984277e-06,1.984277e-06,1.984277e-06,3941.353532,3941.353532,,,,,,0.0,,,,,,,,,,,,,,,,,,,0.5037,skip_no_signal
5EWAAYF9sNXsfbGCV15sHspmUWJXpdvoQSHbwBwxpump,Claude,2026-09-20T13:43:43.994077+00:00,2026-09-20T13:43:43.994077+00:00,2026-09-20T13:43:43.994077+00:00,OBSERVE_WINDOW_ELAPSED,False,WASH_TRADING,OBSERVE_WINDOW_ELAPSED,True,0.1,53288.96745657195,373048.7503301001,11,0,11.0,,11,100,0,,,,,,,,,,,,,,,,,,,,,,,,,,,,,,,
EnGnwy5koQkE8i2HLAfmNqyCmjdPhyG12yyPutTQpump,W,2026-09-20T13:43:44.111206+00:00,2026-09-20T13:43:44.111206+00:00,,,True,,,True,0.22,17102.976838668204,38465.91412319888,90,105,0.8571,0.8571428571428571,195,100,1,4.439942e-06,4.439942e-06,4.439942e-06,6173.045087,6173.045087,,,,,,0.0,,,,,,,,,,,,,,,,,,,0.5487,skip_no_signal
fpG6Dm242QAQdSm2sbeiYaKLJ36cq3gLrSbGZKipump,ECTF,2026-09-20T13:48:44.246576+00:00,2026-09-20T13:48:44.246576+00:00,2026-09-20T13:48:44.246576+00:00,OBSERVE_WINDOW_ELAPSED,False,WASH_TRADING,OBSERVE_WINDOW_ELAPSED,True,0.07,82552.51458323689,895238.660656706,7,0,7.0,,7,100,0,,,,,,,,,,,,,,,,,,,,,,,,,,,,,,,
J1DjsUoXFG11hT66iBbphbJk3LxibE16ojUz6L9xpump,JEV,2026-09-20T13:48:44.493456+00:00,2026-09-20T13:48:44.493456+00:00,,,True,,,True,0.36,58880.26311240495,455506.4950898918,83,65,1.2769,1.2769230769230768,148,100,1,1.97523e-06,1.97523e-06,1.97523e-06,3916.326332,3916.326332,,,,,,0.0,,,,,,,,,,,,,,,,,,,0.3427,skip_no_signal
GXgHayiXo3ZxAKk689u2UJvi96qQgrPnbSBz5hCeWc2H,Kraken,2026-09-20T13:48:44.605285+00:00,2026-09-20T13:48:44.605285+00:00,2026-09-20T13:48:44.605285+00:00,OBSERVE_WINDOW_ELAPSED,False,LP_NOT_BURNED,OBSERVE_WINDOW_ELAPSED,False,0.85,20636.50872270481,51651.88743928063,52,4,13.0,13.0,56,0,0,,,,,,,,,,,,,,,,,,,,,,,,,,,,,,,
yEVwjmLoraZwVkccXBUsdqPMUm5WVLWE9H9AGA9pump,WOTF,2026-09-20T13:49:45.746597+00:00,2026-09-20T13:49:45.746597+00:00,2026-09-20T13:49:45.746597+00:00,OBSERVE_WINDOW_ELAPSED,False,WASH_TRADING,OBSERVE_WINDOW_ELAPSED,True,0.18,147021.79005240998,2837865.9668657174,10,0,10.0,,10,100,0,,,,,,,,,,,,,,,,,,,,,,,,,,,,,,,
CVG9CZzGzGsdxaKcNdXQWpJsBYq2FpZgq4NbAQN7pump,TIKCAT,2026-09-20T13:50:44.351303+00:00,2026-09-20T13:50:44.351303+00:00,2026-09-20T13:50:44.351303+00:00,OBSERVE_WINDOW_ELAPSED,False,WASH_TRADING,OBSERVE_WINDOW_ELAPSED,True,0.48,33923.921382296845,151271.52767807487,26,3,8.6667,8.666666666666666,29,100,0,,,,,,,,,,,,,,,,,,,,,,,,,,,,,,,
yatt53iWa11EKikWY66MmuNRW995QNr3x2nQrSvpump,GTA 6 Coin,2026-09-20T13:50:44.491467+00:00,2026-09-20T13:50:44.491467+00:00,,,True,,,True,0.79,66825.88321703114,586467.2614925698,205,151,1.3576,1.3576158940397351,356,100,1,2.037918e-06,2.037918e-06,2.037918e-06,3980.802153,3980.802153,,,,,,0.0,,,,,,,,,,,,,,,,,,,0.3811,skip_no_signal
CLft4Ferm72Pirp3jKy1rgVaVREG5HsBLsYKggufpump,WSOS,2026-09-20T13:50:44.599865+00:00,2026-09-20T13:50:44.599865+00:00,,,True,,,True,0.88,118953.55064795585,1857817.8720764806,142,104,1.3654,1.3653846153846154,246,100,1,1.950433e-06,1.950433e-06,1.950433e-06,3894.763637,3894.763637,,,,,,0.0,,,,,,,,,,,,,,,,,,,0.4406,skip_no_signal
CNvRjWVRTQ84N1146KUucBsUy9LENjccL8wepfMGsGN4,JEANPHIL,2026-09-20T13:51:44.253955+00:00,2026-09-20T13:51:44.253955+00:00,2026-09-20T13:51:44.253955+00:00,OBSERVE_WINDOW_ELAPSED,False,LP_NOT_BURNED,OBSERVE_WINDOW_ELAPSED,False,0.88,24313.073251298803,62136.476221298144,555,0,555.0,,555,0,0,,,,,,,,,,,,,,,,,,,,,,,,,,,,,,,
9y1rUZN3sByaBsjAfWSuTe43ZDfVZXLCutfjFwKpump,TDOF,2026-09-20T13:52:44.346109+00:00,2026-09-20T13:52:44.346109+00:00,2026-09-20T13:52:44.346109+00:00,OBSERVE_WINDOW_ELAPSED,False,WASH_TRADING,OBSERVE_WINDOW_ELAPSED,True,0.89,245957.17686537295,7937965.189556005,8,0,8.0,,8,100,0,,,,,,,,,,,,,,,,,,,,,,,,,,,,,,,
qt7DoQiNhxqeMNQcmAeXXFo9ZwhHq4771N9AyGwtY7v,Bybit,2026-09-20T13:54:44.345898+00:00,2026-09-20T13:54:44.345898+00:00,2026-09-20T13:54:44.345898+00:00,OBSERVE_WINDOW_ELAPSED,False,LP_NOT_BURNED,OBSERVE_WINDOW_ELAPSED,False,0.08,21255.864614526443,53148.036963618724,5,1,5.0,5.0,6,0,0,,,,,,,,,,,,,,,,,,,,,,,,,,,,,,,
HUdeHsbwFywiSMBs6qr6jxtzSDvyTqMkQJmrgDRqDEX6,JEANPHIL,2026-09-20T13:54:44.462064+00:00,2026-09-20T13:54:44.462064+00:00,2026-09-20T13:54:44.462064+00:00,OBSERVE_WINDOW_ELAPSED,False,LP_NOT_BURNED,OBSERVE_WINDOW_ELAPSED,False,0.72,24209.908705558446,61570.194867120605,399,0,399.0,,399,0,0,,,,,,,,,,,,,,,,,,,,,,,,,,,,,,,
36Gr9kKmQBk8tEkTfABuz88LhMxT57bijSwMBeMEpump,ELONPHIL,2026-09-20T13:59:44.226029+00:00,2026-09-20T13:59:44.226029+00:00,2026-09-20T13:59:44.226029+00:00,OBSERVE_WINDOW_ELAPSED,False,WASH_TRADING,OBSERVE_WINDOW_ELAPSED,True,0.05,34576.965303287536,157088.50285158146,5,0,5.0,,5,100,0,,,,,,,,,,,,,,,,,,,,,,,,,,,,,,,
DtCBCMxixfKHXoFfkzpsFAmvJ3pS8A7ZzBDvZBPopump,WWB,2026-09-20T13:59:44.379485+00:00,2026-09-20T13:59:44.379485+00:00,,,True,,,True,0.29,19786.329134551925,51430.189555344135,28,23,1.2174,1.2173913043478262,51,100,1,2.520491e-06,2.520491e-06,2.520491e-06,4433.183653,4433.183653,,,,,,0.0,,,,,,,,,,,,,,,,,,,0.4284,skip_no_signal
6uE1KQsW1v6DgXFkKByPERRNxBGPCuz1DChX8Vyopump,VibeCat,2026-09-20T13:59:44.526921+00:00,2026-09-20T13:59:44.526921+00:00,2026-09-20T13:59:44.526921+00:00,OBSERVE_WINDOW_ELAPSED,False,WASH_TRADING,OBSERVE_WINDOW_ELAPSED,True,0.76,32912.753657604364,142198.68737718253,51,8,6.375,6.375,59,100,0,,,,,,,,,,,,,,,,,,,,,,,,,,,,,,,
EjaJxAVAC7gvwjkRTGM9uyBSz1QvMHVjHBNm8XNpump,WSOS,2026-09-20T13:59:44.673631+00:00,2026-09-20T13:59:44.673631+00:00,2026-09-20T13:59:44.673631+00:00,OBSERVE_WINDOW_ELAPSED,False,WASH_TRADING,OBSERVE_WINDOW_ELAPSED,True,0.91,104647.06695099873,1436649.7057247306,15,0,15.0,,15,100,0,,,,,,,,,,,,,,,,,,,,,,,,,,,,,,,
CemCinJnu1nioz2nEQWLN18GTFA1GsCyookqvbEWpump,MrBeast,2026-09-20T14:01:44.396638+00:00,2026-09-20T14:01:44.396638+00:00,2026-09-20T14:01:44.396638+00:00,OBSERVE_WINDOW_ELAPSED,False,WASH_TRADING,OBSERVE_WINDOW_ELAPSED,True,0.37,49920.21422882983,326735.6102745061,11,0,11.0,,11,100,0,,,,,,,,,,,,,,,,,,,,,,,,,,,,,,,
6QJ6x5UR5rLrk8Jfpz6NBps2TobXFyotxrxHePZjFPwF,Redbull,2026-09-20T14:01:44.568150+00:00,2026-09-20T14:01:44.568150+00:00,2026-09-20T14:01:44.568150+00:00,OBSERVE_WINDOW_ELAPSED,False,LP_NOT_BURNED,OBSERVE_WINDOW_ELAPSED,False,0.77,20672.27703538919,51750.927542979996,13,4,3.25,3.25,17,0,0,,,,,,,,,,,,,,,,,,,,,,,,,,,,,,,
BKvwizhX9S7edJSoN1PND5RbobvnxBakND8Yv3Rjpump,WHITEJEAN,2026-09-20T14:03:44.379960+00:00,2026-09-20T14:03:44.379960+00:00,,,True,,,True,1.07,20271.753037389128,53538.47447387763,46,30,1.5333,1.5333333333333334,76,100,1,2.205318e-06,2.205318e-06,2.205318e-06,4141.374427,4141.374427,,,,,,0.0,,,,,,,,,,,,,,,,,,,0.3477,skip_no_signal
65k8wVcsyGbG2fCqgn7tDNcHDSzx3T8WPaDmko36pump,SpaceX,2026-09-20T14:03:44.542915+00:00,2026-09-20T14:03:44.542915+00:00,,,True,,,True,1.13,54251.84606901344,384639.20370612334,259,182,1.4231,1.4230769230769231,441,100,1,1.981181e-06,1.981181e-06,1.981181e-06,3936.215594,3936.215594,,,,,,0.0,,,,,,,,,,,,,,,,,,,0.5252,skip_no_signal
CfAsmrq73NMyHZqpeXUxMD9cM5yHeiixWsSSB5Dgpump,YAS,2026-09-20T14:06:44.384665+00:00,2026-09-20T14:06:44.384665+00:00,,,True,,,True,0.69,22492.93063106145,66241.63795800017,51,21,2.4286,2.4285714285714284,72,100,1,2.271469e-06,2.271469e-06,2.271469e-06,4201.262888,4201.262888,,,,,,0.0,,,,,,,,,,,,,,,,,,,0.4854,skip_no_signal
BmGPUyynq6LNqPbL5xXQZW3nXBNUddDveiNHk91DJetg,BITSHARK,2026-09-20T14:06:44.533595+00:00,2026-09-20T14:06:44.533595+00:00,2026-09-20T14:06:44.533595+00:00,OBSERVE_WINDOW_ELAPSED,False,LP_NOT_BURNED,OBSERVE_WINDOW_ELAPSED,False,0.36,20789.795585273507,58734.530697715054,35,3,11.6667,11.666666666666666,38,0,0,,,,,,,,,,,,,,,,,,,,,,,,,,,,,,,
4bwPmv3oCHhFw4wpNEqkDKuz1x6M9u6CqqsfemdYpump,MrBeast,2026-09-20T14:09:44.281309+00:00,2026-09-20T14:09:44.281309+00:00,,,True,,,True,0.18,61396.8305989804,493489.6022875038,43,23,1.8696,1.8695652173913044,66,100,1,1.993004e-06,1.993004e-06,1.993004e-06,3940.877891,3940.877891,,,,,,0.0,,,,,,,,,,,,,,,,,,,0.3677,skip_no_signal
3UtTzp52BbcsnbE7QXbXqUm4b7foWUS1BHCJeUQh1WYA,NVIDIA,2026-09-20T14:09:44.406151+00:00,2026-09-20T14:09:44.406151+00:00,2026-09-20T14:09:44.406151+00:00,OBSERVE_WINDOW_ELAPSED,False,LP_NOT_BURNED,OBSERVE_WINDOW_ELAPSED,False,0.54,22623.939230004664,56568.467618057206,6,1,6.0,6.0,7,0,0,,,,,,,,,,,,,,,,,,,,,,,,,,,,,,,
F7Rwc7mAomwqABLFc3aX4eDkwEELGKeez3fMpw4qpump,JEANINU,2026-09-20T14:09:44.511133+00:00,2026-09-20T14:09:44.511133+00:00,2026-09-20T14:09:44.511133+00:00,OBSERVE_WINDOW_ELAPSED,False,WASH_TRADING,OBSERVE_WINDOW_ELAPSED,True,0.83,30125.107777249737,118640.66040843146,283,59,4.7966,4.796610169491525,342,100,0,,,,,,,,,,,,,,,,,,,,,,,,,,,,,,,
CDiDeuRduiEhnaGPRK7gmKMq6fBro6pfSauppY8dpump,PHILANTRUMP,2026-09-20T14:14:44.421204+00:00,2026-09-20T14:14:44.421204+00:00,2026-09-20T14:14:44.421204+00:00,OBSERVE_WINDOW_ELAPSED,False,WASH_TRADING,OBSERVE_WINDOW_ELAPSED,True,0.2,25751.863861304333,87056.78587648629,10,0,10.0,,10,100,0,,,,,,,,,,,,,,,,,,,,,,,,,,,,,,,
6wA32EaU7eeSRsUeZvFVtyCXZBpks9vWYJyMFAjowXY3,ZCSH,2026-09-20T14:14:44.549873+00:00,2026-09-20T14:14:44.549873+00:00,2026-09-20T14:14:44.549873+00:00,OBSERVE_WINDOW_ELAPSED,False,LP_NOT_BURNED,OBSERVE_WINDOW_ELAPSED,False,0.2,36390.67656587496,91064.77705461245,30,0,30.0,,30,0,0,,,,,,,,,,,,,,,,,,,,,,,,,,,,,,,
FPyTtvTqC8Xfoxg3bpYtbsBbCewmkURtEWJHHx2KodDE,HENRY,2026-09-20T14:15:44.263351+00:00,2026-09-20T14:15:44.263351+00:00,2026-09-20T14:15:44.263351+00:00,OBSERVE_WINDOW_ELAPSED,False,LP_NOT_BURNED,OBSERVE_WINDOW_ELAPSED,False,0.99,24482.07183968329,62954.07314994386,642,1,642.0,642.0,643,0,0,,,,,,,,,,,,,,,,,,,,,,,,,,,,,,,
7Na4658WQJCNsWbz42tjSCZ1UpSsW6qd9Pk3NGWTpump,CATEUS,2026-09-20T14:16:44.258395+00:00,2026-09-20T14:16:44.258395+00:00,2026-09-20T14:16:44.258395+00:00,OBSERVE_WINDOW_ELAPSED,False,WASH_TRADING,OBSERVE_WINDOW_ELAPSED,True,0.81,31628.723313152892,131496.48373737463,106,9,11.7778,11.777777777777779,115,100,0,,,,,,,,,,,,,,,,,,,,,,,,,,,,,,,
Hsx5VVaW3pAipPRdb8TAE5TyKxvxa7coXKHkUbLksLXD,AI,2026-09-20T14:17:44.473431+00:00,2026-09-20T14:17:44.473431+00:00,2026-09-20T14:17:44.473431+00:00,OBSERVE_WINDOW_ELAPSED,False,LP_NOT_BURNED,OBSERVE_WINDOW_ELAPSED,False,0.1,23772.479330285107,59435.26342101682,5,0,5.0,,5,0,0,,,,,,,,,,,,,,,,,,,,,,,,,,,,,,,
ZMoWSdZxncT4cStgkKetvpwwUHDykDRwKftzKzkpump,FOMO,2026-09-20T14:17:44.597209+00:00,2026-09-20T14:17:44.597209+00:00,2026-09-20T14:17:44.597209+00:00,OBSERVE_WINDOW_ELAPSED,False,WASH_TRADING,OBSERVE_WINDOW_ELAPSED,True,1.04,71816.55452694783,677580.8487991036,343,70,4.9,4.9,413,100,0,,,,,,,,,,,,,,,,,,,,,,,,,,,,,,,
Ddc2Qo7f7BzthmGbBoSx8Cvi7FxQqH2X6YeJDUQpump,NTDA,2026-09-20T14:18:44.420012+00:00,2026-09-20T14:18:44.420012+00:00,2026-09-20T14:18:44.420012+00:00,OBSERVE_WINDOW_ELAPSED,False,WASH_TRADING,OBSERVE_WINDOW_ELAPSED,True,0.2,1087868.0687488434,155478235.77010316,15,0,15.0,,15,100,0,,,,,,,,,,,,,,,,,,,,,,,,,,,,,,,
H3iWYTrSHnG2i6b9QDohHGW6wLCnvBYDqw5bA3fuK4Lz,XIAOMI,2026-09-20T14:18:44.614631+00:00,2026-09-20T14:18:44.614631+00:00,2026-09-20T14:18:44.614631+00:00,OBSERVE_WINDOW_ELAPSED,False,LP_NOT_BURNED,OBSERVE_WINDOW_ELAPSED,False,0.72,22376.835275955847,55957.130473256184,31,7,4.4286,4.428571428571429,38,0,0,,,,,,,,,,,,,,,,,,,,,,,,,,,,,,,
YbQSUnDsFEEHSpi2yXJAxfA4G6Cj74jzsGaCkpLpump,NTDA,2026-09-20T14:21:44.321999+00:00,2026-09-20T14:21:44.321999+00:00,2026-09-20T14:21:44.321999+00:00,OBSERVE_WINDOW_ELAPSED,False,WASH_TRADING,OBSERVE_WINDOW_ELAPSED,True,0.08,146971.90173661435,2836957.553340144,10,0,10.0,,10,100,0,,,,,,,,,,,,,,,,,,,,,,,,,,,,,,,
MUmNtD3EkSsoZVs4QvKrAgcqXUpsAxiYYHe7nTDpump,MCAT,2026-09-20T14:22:44.367606+00:00,2026-09-20T14:22:44.367606+00:00,2026-09-20T14:22:44.367606+00:00,OBSERVE_WINDOW_ELAPSED,False,WASH_TRADING,OBSERVE_WINDOW_ELAPSED,True,0.97,70888.31048684298,659620.0183967978,334,72,4.6389,4.638888888888889,406,100,0,,,,,,,,,,,,,,,,,,,,,,,,,,,,,,,
FBZvMaaE4eQVw5k4y4Xu6MX7tsCtorR927ZP7Y5UF7jk,AI,2026-09-20T14:25:44.648221+00:00,2026-09-20T14:25:44.648221+00:00,,,True,,,True,0.49,17951.015144245128,42314.45303883858,161,132,1.2197,1.2196969696969697,293,100,1,2.51784e-06,2.51784e-06,2.51784e-06,4442.372167,4442.372167,,,,,,0.0,,,,,,,,,,,,,,,,,,,0.5153,skip_no_signal
8CqZPeEMunv4uRg2j8kFGGBYAtdSRxWqM8Xd7JDFsJd4,CRCL,2026-09-20T14:26:44.344188+00:00,2026-09-20T14:26:44.344188+00:00,2026-09-20T14:26:44.344188+00:00,OBSERVE_WINDOW_ELAPSED,False,LP_NOT_BURNED,OBSERVE_WINDOW_ELAPSED,False,0.95,21420.817841319174,53583.416828917936,56,4,14.0,14.0,60,0,0,,,,,,,,,,,,,,,,,,,,,,,,,,,,,,,
6SbsiKnxtkD2XQQGxMbqi13C4oHJVB59LwQpsHKNpump,Hermès,2026-09-20T14:30:44.354269+00:00,2026-09-20T14:30:44.354269+00:00,,,True,,,True,0.56,53698.607689730336,378660.130882899,94,46,2.0435,2.0434782608695654,140,100,1,2.044142e-06,2.044142e-06,2.044142e-06,4002.179631,4002.179631,,,,,,0.0,,,,,,,,,,,,,,,,,,,0.7404,skip_no_signal
3qjugxvAu6i6jPPKW8RUHHPQW6uRrk6rAn21KJc3pump,TIPPED,2026-09-20T14:30:44.625006+00:00,2026-09-20T14:30:44.625006+00:00,,,True,,,True,0.96,72918.8094930001,697991.4501923517,242,188,1.2872,1.2872340425531914,430,100,1,1.965238e-06,1.965238e-06,1.965238e-06,3916.64026,3916.64026,,,,,,0.0,,,,,,,,,,,,,,,,,,,0.4395,skip_no_signal
7fXvbHVcpXXc1KpNeUBgMzXzKCPawsPPxfy4feTJufJn,SpaceX,2026-09-20T14:34:44.283993+00:00,2026-09-20T14:34:44.283993+00:00,2026-09-20T14:34:44.283993+00:00,OBSERVE_WINDOW_ELAPSED,False,LP_NOT_BURNED,OBSERVE_WINDOW_ELAPSED,False,0.17,22040.413378155245,55120.93761405667,6,1,6.0,6.0,7,0,0,,,,,,,,,,,,,,,,,,,,,,,,,,,,,,,
2xKcKrrxb3t5rtRYTynV6nqDHs4dAg48TwdZzrNRcsoL,JINU,2026-09-20T14:35:44.496153+00:00,2026-09-20T14:35:44.496153+00:00,,,True,,,True,0.06,17972.01116275659,42438.73827070488,13,12,1.0833,1.0833333333333333,25,100,1,3.247706e-06,3.247706e-06,3.247706e-06,5026.916701,5026.916701,,,,,,0.0,,,,,,,,,,,,,,,,,,,0.5302,skip_no_signal
8BWMfpZmTPeb9ZMKYygPXfNLT1JWYQEn7Ybbs7Sw5bZN,JINU,2026-09-20T14:39:44.518175+00:00,2026-09-20T14:39:44.518175+00:00,2026-09-20T14:39:44.518175+00:00,OBSERVE_WINDOW_ELAPSED,False,LP_NOT_BURNED,OBSERVE_WINDOW_ELAPSED,False,1.16,16938.627445618436,63862.694991831544,125,116,1.0776,1.0775862068965518,241,0,0,,,,,,,,,,,,,,,,,,,,,,,,,,,,,,,
EcFs1d2QR9MCtgVkpooNvyV1yLfVrgsSMhWLodMbpump,discat,2026-09-20T14:42:44.357168+00:00,2026-09-20T14:42:44.357168+00:00,2026-09-20T14:42:44.357168+00:00,OBSERVE_WINDOW_ELAPSED,False,WASH_TRADING,OBSERVE_WINDOW_ELAPSED,True,0.07,32561.71474377878,139057.2544454561,5,0,5.0,,5,100,0,,,,,,,,,,,,,,,,,,,,,,,,,,,,,,,
HL2FT3YQ5GWemUUtAyr9EXfZL6P7sfra3nhhHjdrpump,USDF,2026-09-20T14:42:44.476978+00:00,2026-09-20T14:42:44.476978+00:00,2026-09-20T14:42:44.476978+00:00,OBSERVE_WINDOW_ELAPSED,False,WASH_TRADING,OBSERVE_WINDOW_ELAPSED,True,0.21,189558.76042613733,4704577.311166246,9,0,9.0,,9,100,0,,,,,,,,,,,,,,,,,,,,,,,,,,,,,,,
3WUztmmgYpJQATczBBaqwNxdFoUQXkoTraoPGaxBpump,TWEK,2026-09-20T14:42:44.613294+00:00,2026-09-20T14:42:44.613294+00:00,,,True,,,True,0.56,21965.447620079394,62880.39813020598,314,298,1.0537,1.0536912751677852,612,100,1,3.54127e-06,3.54127e-06,3.54127e-06,5282.024338,5282.024338,,,,,,0.0,,,,,,,,,,,,,,,,,,,0.4612,skip_no_signal
DusTqXFLtbdgRt2tXZ5dFRDsoShNnvNX3FArgkUhaNfJ,PORNHUB,2026-09-20T14:42:44.855927+00:00,2026-09-20T14:42:44.855927+00:00,2026-09-20T14:42:44.855927+00:00,OBSERVE_WINDOW_ELAPSED,False,LP_NOT_BURNED,OBSERVE_WINDOW_ELAPSED,False,0.8,21250.955979795537,53145.95338481798,33,1,33.0,33.0,34,0,0,,,,,,,,,,,,,,,,,,,,,,,,,,,,,,,
HvLeKFBX6CGmLQ4x8Y4uKtRgbMVhsq9Aq3Vvf4oHh3im,GREENLAND,2026-09-20T14:43:44.537349+00:00,2026-09-20T14:43:44.537349+00:00,,,True,,,True,0.2,20132.56900036673,53162.34926419787,35,25,1.4,1.4,60,100,1,6.8490079e-05,6.8490079e-05,6.8490079e-05,23151.460642,23151.460642,,,,,,0.0,,,,,,,,,,,,,,,,,,,0.8497,skip_price_moving
H8oS174Sf2ray6XvhMuGtCZTn1aWgcUd81U9iD2Vpump,CATEPHIL,2026-09-20T14:43:44.666407+00:00,2026-09-20T14:43:44.666407+00:00,,,True,,,True,0.31,19157.191561191532,48129.40483157076,57,46,1.2391,1.2391304347826086,103,100,1,2.360828e-06,2.360828e-06,2.360828e-06,4291.037616,4291.037616,,,,,,0.0,,,,,,,,,,,,,,,,,,,0.4376,skip_no_signal
W7Wdch4kG6pWERjxkz3P4U6GLaUzoM1jBAyWWuwpump,NASA,2026-09-20T14:43:44.908142+00:00,2026-09-20T14:43:44.908142+00:00,2026-09-20T14:43:44.908142+00:00,OBSERVE_WINDOW_ELAPSED,False,WASH_TRADING,OBSERVE_WINDOW_ELAPSED,True,0.36,42476.10339569567,236470.1437705166,104,0,104.0,,104,100,0,,,,,,,,,,,,,,,,,,,,,,,,,,,,,,,
4QCKwhetNJ2Sd5xKhtmUYw5aC2rT9gKW2W72ix2Wpump,JEANSEM,2026-09-20T14:44:44.344614+00:00,2026-09-20T14:44:44.344614+00:00,,,True,,,True,0.95,39460.60275515452,204071.130132568,13,6,2.1667,2.1666666666666665,19,100,1,2.134193e-06,2.134193e-06,2.134193e-06,4193.766173,4193.766173,,,,,,0.0,,,,,,,,,,,,,,,,,,,0.642,skip_no_signal
AKhzzBCrRRw4g1BPWX8CyEH4md1n7xpBbZYi3HZMuAHS,Kraken,2026-09-20T14:45:44.390852+00:00,2026-09-20T14:45:44.390852+00:00,2026-09-20T14:45:44.390852+00:00,OBSERVE_WINDOW_ELAPSED,False,LP_NOT_BURNED,OBSERVE_WINDOW_ELAPSED,False,0.08,23820.893969130448,59561.10619631868,4,0,4.0,,4,0,0,,,,,,,,,,,,,,,,,,,,,,,,,,,,,,,
56phnddtzpqMrjuUetqZWtfT7KFdQoCFA3dDNHzjpump,Grok,2026-09-20T14:45:44.505464+00:00,2026-09-20T14:45:44.505464+00:00,,,True,,,True,0.61,53483.289324283665,375151.39743871463,88,42,2.0952,2.0952380952380953,130,100,1,2.010516e-06,2.010516e-06,2.010516e-06,3969.695297,3969.695297,,,,,,0.0,,,,,,,,,,,,,,,,,,,0.4971,skip_no_signal
Ce4VMDEHip8puyhsaJP8xrhgvotuMoBTyPRLs3LgJMYU,PAWTROOPERS,2026-09-20T14:46:44.353820+00:00,2026-09-20T14:46:44.353820+00:00,,,True,,,True,0.6,17060.81614148782,38232.855178109916,147,104,1.4135,1.4134615384615385,251,100,1,3.153569e-06,3.153569e-06,3.153569e-06,4940.62248,4940.62248,,,,,,0.0,,,,,,,,,,,,,,,,,,,0.4187,skip_no_signal
GVWGebYdZT25ied243yjZYBEtX4EoriodMgANCmNpump,MNK,2026-09-20T14:47:44.505799+00:00,2026-09-20T14:47:44.505799+00:00,2026-09-20T14:47:44.505799+00:00,OBSERVE_WINDOW_ELAPSED,False,WASH_TRADING,OBSERVE_WINDOW_ELAPSED,True,0.45,20878.442130698724,57238.508687726724,28,8,3.5,3.5,36,100,0,,,,,,,,,,,,,,,,,,,,,,,,,,,,,,,
2FMgD1BArYWFtiG7JSq2Xn5iK6DQ39szRxmpPiP2pump,TAIL,2026-09-20T14:49:44.491271+00:00,2026-09-20T14:49:44.491271+00:00,,,True,,,True,0.11,19449.358985328014,49651.60634145752,59,37,1.5946,1.5945945945945945,96,100,1,4.049674e-06,4.049674e-06,4.049674e-06,5665.597236,5665.597236,,,,,,0.0,,,,,,,,,,,,,,,,,,,0.5726,skip_no_signal
H9dfrxaPFCJqWdUhnLboUT6SAR2468nvhQFz677Fpump,JEV,2026-09-20T14:49:44.685326+00:00,2026-09-20T14:49:44.685326+00:00,,,True,,,True,0.5,62466.558783499335,511657.74478368106,113,95,1.1895,1.1894736842105262,208,100,1,1.977108e-06,1.977108e-06,1.977108e-06,3923.338541,3923.338541,,,,,,0.0,,,,,,,,,,,,,,,,,,,0.2626,skip_no_signal
E56kx6X61a729do3VuNEvCaYXGEJWRZwFy6a5m6h5xSz,Minecraft,2026-09-20T14:50:44.478844+00:00,2026-09-20T14:50:44.478844+00:00,2026-09-20T14:50:44.478844+00:00,OBSERVE_WINDOW_ELAPSED,False,LP_NOT_BURNED,OBSERVE_WINDOW_ELAPSED,False,0.82,21232.91821753534,53101.28108680483,44,5,8.8,8.8,49,0,0,,,,,,,,,,,,,,,,,,,,,,,,,,,,,,,
xnVtTVXsmYn4jYFwVPVsWWgetNam9dpSxceviXkpump,WOTF,2026-09-20T14:51:44.475655+00:00,2026-09-20T14:51:44.475655+00:00,2026-09-20T14:51:44.475655+00:00,OBSERVE_WINDOW_ELAPSED,False,WASH_TRADING,OBSERVE_WINDOW_ELAPSED,True,0.51,83137.29768071281,906179.1684511787,18,0,18.0,,18,100,0,,,,,,,,,,,,,,,,,,,,,,,,,,,,,,,
73MRzs6sAgjdL4zQtu9Kzm9sVJaUHpz59b2HWqAJpump,CAT,2026-09-20T14:51:44.724960+00:00,2026-09-20T14:51:44.724960+00:00,,,True,,,True,0.93,14609.062012047496,27998.978339063277,38,20,1.9,1.9,58,100,1,2.295928e-06,2.295928e-06,2.295928e-06,4217.498266,4217.498266,,,,,,0.0,,,,,,,,,,,,,,,,,,,0.3617,skip_no_signal
DN1Zm9MU5sCvytkxVndeZC1FNhuFaZQfCMff9i5qpump,XMR,2026-09-20T14:52:44.481336+00:00,2026-09-20T14:52:44.481336+00:00,2026-09-20T14:52:44.481336+00:00,OBSERVE_WINDOW_ELAPSED,False,WASH_TRADING,OBSERVE_WINDOW_ELAPSED,True,0.31,445406.79638769815,26000050.874024,34,0,34.0,,34,100,0,,,,,,,,,,,,,,,,,,,,,,,,,,,,,,,
9bMpxxDCc9ANKbGyUF6XfktMUWc3oXzhkUr4G2XSk8Ls,OpenClaw,2026-09-20T14:58:44.482065+00:00,2026-09-20T14:58:44.482065+00:00,2026-09-20T14:58:44.482065+00:00,OBSERVE_WINDOW_ELAPSED,False,LP_NOT_BURNED,OBSERVE_WINDOW_ELAPSED,False,0.68,22637.748372663584,56607.15189699428,26,6,4.3333,4.333333333333333,32,0,0,,,,,,,,,,,,,,,,,,,,,,,,,,,,,,,
E7uVoiXSqbZTUe9Kmk8JfWs6aNX63SYh4Uvca8fspump,LNO,2026-09-20T14:59:44.353615+00:00,2026-09-20T14:59:44.353615+00:00,,,True,,,True,0.36,17309.324087548273,39358.27553808672,43,29,1.4828,1.4827586206896552,72,100,1,2.689583e-06,2.689583e-06,2.689583e-06,4571.203311,4571.203311,,,,,,0.0,,,,,,,,,,,,,,,,,,,0.4307,skip_no_signal
qiwcaBQnBooaATJh54LskNdwU2d8EvBrryPsgGKpump,NTDA,2026-09-20T15:01:44.344482+00:00,2026-09-20T15:01:44.344482+00:00,2026-09-20T15:01:44.344482+00:00,OBSERVE_WINDOW_ELAPSED,False,WASH_TRADING,OBSERVE_WINDOW_ELAPSED,True,0.4,662672.8851258123,57557564.8216133,35,0,35.0,,35,100,0,,,,,,,,,,,,,,,,,,,,,,,,,,,,,,,
AeE2wnopwfVkTSs5t7MEYt5wdocz6kDsTXw53bLTpump,JEANPHIL,2026-09-20T15:01:44.509485+00:00,2026-09-20T15:01:44.509485+00:00,,,True,,,True,0.8,76325.26212125253,763886.6580037186,207,158,1.3101,1.3101265822784811,365,100,1,1.961203e-06,1.961203e-06,1.961203e-06,3907.436634,3907.436634,,,,,,0.0,,,,,,,,,,,,,,,,,,,0.3788,skip_no_signal
YtW5cD6VQXACmKQUQYMpBbHwHK9dSDm6bgnxB6Jpump,SpongeBob,2026-09-20T15:02:44.459756+00:00,2026-09-20T15:02:44.459756+00:00,2026-09-20T15:02:44.459756+00:00,OBSERVE_WINDOW_ELAPSED,False,WASH_TRADING,OBSERVE_WINDOW_ELAPSED,True,0.45,69238.08705668077,627452.2962868033,101,1,101.0,101.0,102,100,0,,,,,,,,,,,,,,,,,,,,,,,,,,,,,,,
QAWaqXLfutxYSKiL3cVBm9bW47RhgjjL3vzNcxWmehZ,vanG,2026-09-20T15:02:44.622043+00:00,2026-09-20T15:02:44.622043+00:00,2026-09-20T15:02:44.622043+00:00,OBSERVE_WINDOW_ELAPSED,False,LP_NOT_BURNED,OBSERVE_WINDOW_ELAPSED,False,0.74,24296.3579794462,61840.54358286323,415,2,207.5,207.5,417,0,0,,,,,,,,,,,,,,,,,,,,,,,,,,,,,,,
GbfmKXoygFwevrwXQQFfn1rgd9yhBP1pwsf8NrQGPWUe,PENIS,2026-09-20T15:03:44.354760+00:00,2026-09-20T15:03:44.354760+00:00,2026-09-20T15:03:44.354760+00:00,OBSERVE_WINDOW_ELAPSED,False,LP_NOT_BURNED,OBSERVE_WINDOW_ELAPSED,False,0.06,20788.583399782,51979.439345271116,4,1,4.0,4.0,5,0,0,,,,,,,,,,,,,,,,,,,,,,,,,,,,,,,
67WxWz2Fo9fH3JMeATK8dUHUCsM5YaCJsZtpxirEpump,FLEX,2026-09-20T15:03:44.464404+00:00,2026-09-20T15:03:44.464404+00:00,,,True,,,True,0.47,63230.061656737205,525025.6990423703,105,85,1.2353,1.2352941176470589,190,100,1,1.967418e-06,1.967418e-06,1.967418e-06,3913.442386,3913.442386,,,,,,0.0,,,,,,,,,,,,,,,,,,,0.3313,skip_no_signal
EZTJ2GjZdkZVUqFt3FWGxnAapBLFeUHYQi3AfXTHpump,KFC,2026-09-20T15:04:44.364495+00:00,2026-09-20T15:04:44.364495+00:00,2026-09-20T15:04:44.364495+00:00,OBSERVE_WINDOW_ELAPSED,False,WASH_TRADING,OBSERVE_WINDOW_ELAPSED,True,1.02,49946.04079355957,327197.58245109464,20,0,20.0,,20,100,0,,,,,,,,,,,,,,,,,,,,,,,,,,,,,,,
1gV6n7Rxw583LzV9Xrmjq3qQzUAwqz1KRSc6dsppump,Prime,2026-09-20T15:08:44.531040+00:00,2026-09-20T15:08:44.531040+00:00,,,True,,,True,0.84,19611.70255660702,50397.98693451418,81,80,1.0125,1.0125,161,100,1,2.104153e-06,2.104153e-06,2.104153e-06,4059.226228,4059.226228,,,,,,0.0,,,,,,,,,,,,,,,,,,,0.4925,skip_no_signal
6psJdUSdewRExdEkT1Y5gFxNYNi6BM2UDcnv6rQFpump,FANFEE,2026-09-20T15:09:44.498489+00:00,2026-09-20T15:09:44.498489+00:00,,,True,,,True,0.86,19301.500643159085,48907.27464376659,100,86,1.1628,1.1627906976744187,186,100,1,2.19925e-06,2.19925e-06,2.19925e-06,4143.81847,4143.81847,,,,,,0.0,,,,,,,,,,,,,,,,,,,0.5174,skip_no_signal
DR6sbEGLbMax9WddnEmMofZ2axe3VZ8PhxPm7u8zjMZL,Amazon,2026-09-20T15:10:44.375698+00:00,2026-09-20T15:10:44.375698+00:00,2026-09-20T15:10:44.375698+00:00,OBSERVE_WINDOW_ELAPSED,False,LP_NOT_BURNED,OBSERVE_WINDOW_ELAPSED,False,0.21,21329.96781088195,53332.75171839171,5,1,5.0,5.0,6,0,0,,,,,,,,,,,,,,,,,,,,,,,,,,,,,,,
7WzB7h3MxDUGi9Q8tWZocjvA5fC5vJyhe7d4PfUupump,STONKCAT,2026-09-20T15:11:44.596125+00:00,2026-09-20T15:11:44.596125+00:00,2026-09-20T15:11:44.596125+00:00,OBSERVE_WINDOW_ELAPSED,False,WASH_TRADING,OBSERVE_WINDOW_ELAPSED,True,0.71,31446.249731027958,129842.34080984657,37,5,7.4,7.4,42,100,0,,,,,,,,,,,,,,,,,,,,,,,,,,,,,,,
6rEsPMEWMvMoq5TNNWuzmEzvyEqamgzryWFHoLPypump,LVL,2026-09-20T15:12:44.374976+00:00,2026-09-20T15:12:44.374976+00:00,,,True,,,True,0.19,18442.376687433956,44693.249059447706,46,43,1.0698,1.069767441860465,89,100,1,3.039731e-06,3.039731e-06,3.039731e-06,4873.59462,4873.59462,,,,,,0.0,,,,,,,,,,,,,,,,,,,0.5054,skip_no_signal
G51ptApdnDBSb8o8Na8av7PGzaUdt8YxhCmWSs8Spump,discat,2026-09-20T15:12:44.483300+00:00,2026-09-20T15:12:44.483300+00:00,2026-09-20T15:12:44.483300+00:00,OBSERVE_WINDOW_ELAPSED,False,WASH_TRADING,OBSERVE_WINDOW_ELAPSED,True,0.49,33718.76710581804,149370.9538300859,20,2,10.0,10.0,22,100,0,,,,,,,,,,,,,,,,,,,,,,,,,,,,,,,
EMwCvwXAu6NkByctBg7TZ98RKv8zXh6YF3pfs6zvpump,Lobby,2026-09-20T15:19:44.402239+00:00,2026-09-20T15:19:44.402239+00:00,,,True,,,True,0.2,62512.20640805643,511634.93794044177,43,25,1.72,1.72,68,100,1,1.988026e-06,1.988026e-06,1.988026e-06,3936.441706,3936.441706,,,,,,0.0,,,,,,,,,,,,,,,,,,,0.3947,skip_no_signal
fG34eRH6fbfCQzwiz5jsjmScPw2q8JqmMJ642MMpump,WOTF,2026-09-20T15:20:44.525330+00:00,2026-09-20T15:20:44.525330+00:00,2026-09-20T15:20:44.525330+00:00,OBSERVE_WINDOW_ELAPSED,False,WASH_TRADING,OBSERVE_WINDOW_ELAPSED,True,0.08,1048831.7531863,143981079.83604106,8,0,8.0,,8,100,0,,,,,,,,,,,,,,,,,,,,,,,,,,,,,,,
9oaJ2smmWuCkmF8RNZARYizq5PowV62bnGAzerhDboJk,KHAT,2026-09-20T15:21:44.430385+00:00,2026-09-20T15:21:44.430385+00:00,2026-09-20T15:21:44.430385+00:00,OBSERVE_WINDOW_ELAPSED,False,LP_NOT_BURNED,OBSERVE_WINDOW_ELAPSED,False,0.44,24097.92689191499,60865.23706951035,321,2,160.5,160.5,323,0,0,,,,,,,,,,,,,,,,,,,,,,,,,,,,,,,
5Qj8TR5Hf49faKrCUpMFV3SJtUGr3LnV144iXv8GHxCY,META,2026-09-20T15:22:44.403079+00:00,2026-09-20T15:22:44.403079+00:00,2026-09-20T15:22:44.403079+00:00,OBSERVE_WINDOW_ELAPSED,False,LP_NOT_BURNED,OBSERVE_WINDOW_ELAPSED,False,0.98,20770.601419591607,51952.65057905291,60,3,20.0,20.0,63,0,0,,,,,,,,,,,,,,,,,,,,,,,,,,,,,,,
39dSt2HGAqw7StqKbyJ6eLuqpW2A2CRjfJPdHQZgpump,PEPEPHIL,2026-09-20T15:23:44.545126+00:00,2026-09-20T15:23:44.545126+00:00,,,True,,,True,0.71,18572.195056892757,45267.801159366936,119,89,1.3371,1.3370786516853932,208,100,1,2.79826e-06,2.79826e-06,2.79826e-06,4670.59804,4670.59804,,,,,,0.0,,,,,,,,,,,,,,,,,,,0.5246,skip_no_signal
wy4azDPFoRLZLhdwGeL8C9zzGNSpmqHgZqL52zxpump,WSOS,2026-09-20T15:26:44.993376+00:00,2026-09-20T15:26:44.993376+00:00,2026-09-20T15:26:44.993376+00:00,OBSERVE_WINDOW_ELAPSED,False,WASH_TRADING,OBSERVE_WINDOW_ELAPSED,True,0.25,56295.589825915944,415532.0377968055,13,0,13.0,,13,100,0,,,,,,,,,,,,,,,,,,,,,,,,,,,,,,,
DrMXqykiWJEamLfZ7NMGaCjtbiTaewPWEPuh24Mpump,VSOF,2026-09-20T15:28:45.302358+00:00,2026-09-20T15:28:45.302358+00:00,2026-09-20T15:28:45.302358+00:00,OBSERVE_WINDOW_ELAPSED,False,WASH_TRADING,OBSERVE_WINDOW_ELAPSED,True,0.18,354431.43274221104,16484282.001651071,23,0,23.0,,23,100,0,,,,,,,,,,,,,,,,,,,,,,,,,,,,,,,
FRLibb5uaEXpovyajXXY9xsmmBDKv3w53s882cD5pump,SUKI,2026-09-20T15:28:45.625899+00:00,2026-09-20T15:28:45.625899+00:00,2026-09-20T15:28:45.625899+00:00,OBSERVE_WINDOW_ELAPSED,False,WASH_TRADING,OBSERVE_WINDOW_ELAPSED,True,0.33,51055.87545412906,342512.99191273627,26,4,6.5,6.5,30,100,0,,,,,,,,,,,,,,,,,,,,,,,,,,,,,,,
BPcRPRaJ6yTnUCxY8uUtBqnzwzoJYKBbQVZTWvSLpump,STONKCAT,2026-09-20T15:30:44.493539+00:00,2026-09-20T15:30:44.493539+00:00,2026-09-20T15:30:44.493539+00:00,OBSERVE_WINDOW_ELAPSED,False,WASH_TRADING,OBSERVE_WINDOW_ELAPSED,True,0.05,32601.630915148424,139689.9553796898,11,0,11.0,,11,100,0,,,,,,,,,,,,,,,,,,,,,,,,,,,,,,,
aFd2cJRAMUGhSSY3896GywcPEijs7AABGQzNy5Gpump,FOMOBURN,2026-09-20T15:31:44.461540+00:00,2026-09-20T15:31:44.461540+00:00,2026-09-20T15:31:44.461540+00:00,OBSERVE_WINDOW_ELAPSED,False,WASH_TRADING,OBSERVE_WINDOW_ELAPSED,True,0.58,42971.45910368297,242441.47422269284,293,4,73.25,73.25,297,100,0,,,,,,,,,,,,,,,,,,,,,,,,,,,,,,,
C7tjVzqJuokXBTe46g1Ewob9xHuBpV7N7ZKcie7DQtxe,AMD,2026-09-20T15:31:44.590141+00:00,2026-09-20T15:31:44.590141+00:00,2026-09-20T15:31:44.590141+00:00,OBSERVE_WINDOW_ELAPSED,False,LP_NOT_BURNED,OBSERVE_WINDOW_ELAPSED,False,0.91,21705.593529691534,54287.96195228975,52,1,52.0,52.0,53,0,0,,,,,,,,,,,,,,,,,,,,,,,,,,,,,,,
3B27GPDowS5vJWKw9jvhR4BhCXJGSFR5igKxyGqZpump,WSOS,2026-09-20T15:33:44.596221+00:00,2026-09-20T15:33:44.596221+00:00,,,True,,,True,0.52,166557.4831653018,3639241.2146380646,64,44,1.4545,1.4545454545454546,108,100,1,0.037332014661,0.037332014661,0.037332014661,538826.70161,538826.70161,,,,,,0.0,,,,,,,,,,,,,,,,,,,0.6175,skip_no_signal
5qchf4yG2vCWpADvgTPUwHPwk7oQ91iTWtce4dsgpump,Jeanis,2026-09-20T15:34:44.497765+00:00,2026-09-20T15:34:44.497765+00:00,,,True,,,True,0.64,19504.068075835323,49896.90579532111,334,297,1.1246,1.1245791245791246,631,100,1,7.652902e-06,7.652902e-06,7.652902e-06,7729.330496,7729.330496,,,,,,0.0,,,,,,,,,,,,,,,,,,,0.5053,skip_no_signal
2GvYVEp9UafgaHe6iXtGqoPS7PusbiywKv5zKs9ipump,ChatGPT,2026-09-20T15:35:44.468875+00:00,2026-09-20T15:35:44.468875+00:00,,,True,,,True,0.9,51813.51927958121,352333.89402773924,143,67,2.1343,2.1343283582089554,210,100,1,2.040389e-06,2.040389e-06,2.040389e-06,3996.662816,3996.662816,,,,,,0.0,,,,,,,,,,,,,,,,,,,0.7556,skip_no_signal
HLodcBLrSdN51NxAXoWDs6yD2NUc368cURLDC1Ur8fhU,TikTok,2026-09-20T15:35:44.713570+00:00,2026-09-20T15:35:44.713570+00:00,2026-09-20T15:35:44.713570+00:00,OBSERVE_WINDOW_ELAPSED,False,LP_NOT_BURNED,OBSERVE_WINDOW_ELAPSED,False,0.96,21466.50021622552,53691.57830351491,56,1,56.0,56.0,57,0,0,,,,,,,,,,,,,,,,,,,,,,,,,,,,,,,
Fc9hNKuBNXVW31Vey4STbkkV8SrEitUFtpt8Qwhopump,TikTok,2026-09-20T15:39:44.653857+00:00,2026-09-20T15:39:44.653857+00:00,2026-09-20T15:39:44.653857+00:00,OBSERVE_WINDOW_ELAPSED,False,WASH_TRADING,OBSERVE_WINDOW_ELAPSED,True,1.02,49985.715067571145,327087.21313344577,26,0,26.0,,26,100,0,,,,,,,,,,,,,,,,,,,,,,,,,,,,,,,
DC5XoBN2qE2DXzkLANSUzE2bBiFzVj9jDkcRXSuvpump,IKUN,2026-09-20T15:40:44.530777+00:00,2026-09-20T15:40:44.530777+00:00,,,True,,,True,0.96,73698.06571033072,711297.7637264596,267,200,1.335,1.335,467,100,1,1.985725e-06,1.985725e-06,1.985725e-06,3935.026115,3935.026115,,,,,,0.0,,,,,,,,,,,,,,,,,,,0.3663,skip_no_signal
1mCakoWWq6C3bjmMU5H6bAcA4UEyZtg27NYg52opump,AMD,2026-09-20T15:42:44.615749+00:00,2026-09-20T15:42:44.615749+00:00,2026-09-20T15:42:44.615749+00:00,OBSERVE_WINDOW_ELAPSED,False,WASH_TRADING,OBSERVE_WINDOW_ELAPSED,True,0.6,58545.300769103036,449101.7424189227,207,6,34.5,34.5,213,100,0,,,,,,,,,,,,,,,,,,,,,,,,,,,,,,,
7hVxJjkp779omfdhnHgNWKv45N7dxqFH7MoLs5352Zzg,Huawei,2026-09-20T15:42:44.738094+00:00,2026-09-20T15:42:44.738094+00:00,2026-09-20T15:42:44.738094+00:00,OBSERVE_WINDOW_ELAPSED,False,LP_NOT_BURNED,OBSERVE_WINDOW_ELAPSED,False,0.64,20885.311364705944,52226.17438233383,17,3,5.6667,5.666666666666667,20,0,0,,,,,,,,,,,,,,,,,,,,,,,,,,,,,,,
zkVWxEHqu71hyZtMggz25R8f2QbxDFC85SA5jWNpump,STARBUCKS,2026-09-20T15:42:44.860761+00:00,2026-09-20T15:42:44.860761+00:00,2026-09-20T15:42:44.860761+00:00,OBSERVE_WINDOW_ELAPSED,False,WASH_TRADING,OBSERVE_WINDOW_ELAPSED,True,0.71,68999.28958997593,623747.8210103537,211,61,3.459,3.459016393442623,272,100,0,,,,,,,,,,,,,,,,,,,,,,,,,,,,,,,
J4k7H7hN1qXNwJj7c1FoaS6nXzYrBHVgXHXb5YhRpump,LEGO,2026-09-20T15:44:44.643859+00:00,2026-09-20T15:44:44.643859+00:00,2026-09-20T15:44:44.643859+00:00,OBSERVE_WINDOW_ELAPSED,False,WASH_TRADING,OBSERVE_WINDOW_ELAPSED,True,0.11,50052.360254506464,328178.7257675996,14,0,14.0,,14,100,0,,,,,,,,,,,,,,,,,,,,,,,,,,,,,,,
94MB9FuTpa7KaWQYQ191PxATdFnzf9oTuL7iyWropump,BRETT,2026-09-20T15:45:44.562940+00:00,2026-09-20T15:45:44.562940+00:00,,,True,,,True,0.72,64085.71252418561,538082.1953311643,169,150,1.1267,1.1266666666666667,319,100,1,1.980154e-06,1.980154e-06,1.980154e-06,3933.656916,3933.656916,,,,,,0.0,,,,,,,,,,,,,,,,,,,0.4301,skip_no_signal
Go6pFAUH2DJpfTcCv3XdgV9vWTEA4jZcMaNtKzgjpump,CATFLIX,2026-09-20T15:45:44.741159+00:00,2026-09-20T15:45:44.741159+00:00,2026-09-20T15:45:44.741159+00:00,OBSERVE_WINDOW_ELAPSED,False,WASH_TRADING,OBSERVE_WINDOW_ELAPSED,True,0.89,34544.24827182017,156446.26856495716,120,27,4.4444,4.444444444444445,147,100,0,,,,,,,,,,,,,,,,,,,,,,,,,,,,,,,
CtoeQU4xG5KoyTTxRq2SpkVkvke3AR8fw1ef4iHdpump,FOLKCAT,2026-09-20T15:45:44.888894+00:00,2026-09-20T15:45:44.888894+00:00,2026-09-20T15:45:44.888894+00:00,OBSERVE_WINDOW_ELAPSED,False,WASH_TRADING,OBSERVE_WINDOW_ELAPSED,True,0.96,32153.067576945272,135534.74024709963,93,10,9.3,9.3,103,100,0,,,,,,,,,,,,,,,,,,,,,,,,,,,,,,,
272YFWtmpmq7NqtgUbRQ9hYfcaKyk6iU32D3bojvpump,FOMO,2026-09-20T15:49:44.611457+00:00,2026-09-20T15:49:44.611457+00:00,2026-09-20T15:49:44.611457+00:00,OBSERVE_WINDOW_ELAPSED,False,WASH_TRADING,OBSERVE_WINDOW_ELAPSED,True,0.53,56026.2328876995,410865.5969959276,30,0,30.0,,30,100,0,,,,,,,,,,,,,,,,,,,,,,,,,,,,,,,
HSDhYxjepbiFK2ftmvd397z4CW32drwddcZR88yfGBsK,Gemini AI,2026-09-20T15:50:44.539755+00:00,2026-09-20T15:50:44.539755+00:00,2026-09-20T15:50:44.539755+00:00,OBSERVE_WINDOW_ELAPSED,False,LP_NOT_BURNED,OBSERVE_WINDOW_ELAPSED,False,0.61,21915.922703934757,54812.87655163509,14,1,14.0,14.0,15,0,0,,,,,,,,,,,,,,,,,,,,,,,,,,,,,,,
FJHwcLf7Xi44wnQK8ciCJbf1UmV1Kh5jhTDGwNf6Yaf1,AAPL,2026-09-20T15:54:44.524619+00:00,2026-09-20T15:54:44.524619+00:00,2026-09-20T15:54:44.524619+00:00,OBSERVE_WINDOW_ELAPSED,False,LP_NOT_BURNED,OBSERVE_WINDOW_ELAPSED,False,0.45,21322.408734576922,53331.49405395161,4,0,4.0,,4,0,0,,,,,,,,,,,,,,,,,,,,,,,,,,,,,,,
7UATnZRQ12BG7f5uYwRHJs6xNwv6uwBsa5b5Rshfpump,WSOS,2026-09-20T15:55:44.477111+00:00,2026-09-20T15:55:44.477111+00:00,2026-09-20T15:55:44.477111+00:00,OBSERVE_WINDOW_ELAPSED,False,WASH_TRADING,OBSERVE_WINDOW_ELAPSED,True,0.52,537086.1837944419,37692987.180195674,38,0,38.0,,38,100,0,,,,,,,,,,,,,,,,,,,,,,,,,,,,,,,
7Hc1PN4UVaWGLrHqtnhC9TueH1pVubH9J9DbHJTspump,GTA 6,2026-09-20T15:57:44.694117+00:00,2026-09-20T15:57:44.694117+00:00,2026-09-20T15:57:44.694117+00:00,OBSERVE_WINDOW_ELAPSED,False,WASH_TRADING,OBSERVE_WINDOW_ELAPSED,True,0.41,51513.790995870586,346680.97260730393,23,0,23.0,,23,100,0,,,,,,,,,,,,,,,,,,,,,,,,,,,,,,,
p79aztbZtHYfBaGJdKLkomhrX5p3DsjY1K7LiV3pump,OpenAI,2026-09-20T15:57:44.977904+00:00,2026-09-20T15:57:44.977904+00:00,2026-09-20T15:57:44.977904+00:00,OBSERVE_WINDOW_ELAPSED,False,WASH_TRADING,OBSERVE_WINDOW_ELAPSED,True,1.01,62994.730146567075,518339.89393795346,520,198,2.6263,2.6262626262626263,718,100,0,,,,,,,,,,,,,,,,,,,,,,,,,,,,,,,
DjDWoEdEPeaRS4RQm73TK8Q6HvNM6miFwRuUX2H3pump,tok,2026-09-20T15:58:44.498440+00:00,2026-09-20T15:58:44.498440+00:00,2026-09-20T15:58:44.498440+00:00,OBSERVE_WINDOW_ELAPSED,False,WASH_TRADING,OBSERVE_WINDOW_ELAPSED,True,0.38,33302.069499105506,145058.49961636408,10,0,10.0,,10,100,0,,,,,,,,,,,,,,,,,,,,,,,,,,,,,,,
AGyMFa717xGuqH7MMzwFddTVgtqx1rE8kNhRYfj8pump,Youtube,2026-09-20T16:00:44.512629+00:00,2026-09-20T16:00:44.512629+00:00,2026-09-20T16:00:44.512629+00:00,OBSERVE_WINDOW_ELAPSED,False,WASH_TRADING,OBSERVE_WINDOW_ELAPSED,True,0.27,49200.43348142024,316390.5174141538,8,0,8.0,,8,100,0,,,,,,,,,,,,,,,,,,,,,,,,,,,,,,,
wq8A2FwZMKNgW5Zmj7w1VBD2VA6JondRJTYzzVBpump,Bull,2026-09-20T16:01:44.647078+00:00,2026-09-20T16:01:44.647078+00:00,,,True,,,True,0.79,73986.87104017125,715560.276344557,192,150,1.28,1.28,342,100,1,1.982614e-06,1.982614e-06,1.982614e-06,3931.57966,3931.57966,,,,,,0.0,,,,,,,,,,,,,,,,,,,0.4409,skip_no_signal
81vZmaztZDvjt6pLbYF2wUHTbhgGa1Qkw7e6R337kWuR,DISNEY,2026-09-20T16:03:44.633472+00:00,2026-09-20T16:03:44.633472+00:00,2026-09-20T16:03:44.633472+00:00,OBSERVE_WINDOW_ELAPSED,False,LP_NOT_BURNED,OBSERVE_WINDOW_ELAPSED,False,0.49,22018.213678637312,55059.454747403615,7,3,2.3333,2.3333333333333335,10,0,0,,,,,,,,,,,,,,,,,,,,,,,,,,,,,,,
gF65ZEJzNtqEtyhUQuTHr4MFh2vLK6Ne2ukXRjKpump,VSOF,2026-09-20T16:05:44.651395+00:00,2026-09-20T16:05:44.651395+00:00,2026-09-20T16:05:44.651395+00:00,OBSERVE_WINDOW_ELAPSED,False,WASH_TRADING,OBSERVE_WINDOW_ELAPSED,True,0.12,355587.21509337204,16531241.189597903,14,0,14.0,,14,100,0,,,,,,,,,,,,,,,,,,,,,,,,,,,,,,,
CDAC33JvozJ1UjxBMkvZgJcVXoxdH9iGxeBXUJdXpump,JEANJAK,2026-09-20T16:06:44.535742+00:00,2026-09-20T16:06:44.535742+00:00,2026-09-20T16:06:44.535742+00:00,OBSERVE_WINDOW_ELAPSED,False,WASH_TRADING,OBSERVE_WINDOW_ELAPSED,True,0.55,40203.68951743479,211284.69446677336,70,14,5.0,5.0,84,100,0,,,,,,,,,,,,,,,,,,,,,,,,,,,,,,,
8h7qsX34Yfqjj3wArfPJbw44EJReu4z8Hz2Qwj5Upump,JEANPEPE,2026-09-20T16:07:44.639891+00:00,2026-09-20T16:07:44.639891+00:00,2026-09-20T16:07:44.639891+00:00,OBSERVE_WINDOW_ELAPSED,False,WASH_TRADING,OBSERVE_WINDOW_ELAPSED,True,0.26,19747.23510027323,50995.023688057736,26,5,5.2,5.2,31,100,0,,,,,,,,,,,,,,,,,,,,,,,,,,,,,,,
5q6MMwrCJaN7puKRUrmTzWjpJhYT9saPcPr4mPzATHS3,ELON,2026-09-20T16:08:44.644891+00:00,2026-09-20T16:08:44.644891+00:00,2026-09-20T16:08:44.644891+00:00,OBSERVE_WINDOW_ELAPSED,False,LP_NOT_BURNED,OBSERVE_WINDOW_ELAPSED,False,0.55,22845.73779426322,57129.03712862137,4,1,4.0,4.0,5,0,0,,,,,,,,,,,,,,,,,,,,,,,,,,,,,,,
EZpyMWLYLkdCQFn2BCq8eEH8hh1gfHzVcfDxLPXjpump,LEGO,2026-09-20T16:08:44.801490+00:00,2026-09-20T16:08:44.801490+00:00,2026-09-20T16:08:44.801490+00:00,OBSERVE_WINDOW_ELAPSED,False,WASH_TRADING,OBSERVE_WINDOW_ELAPSED,True,0.66,50521.33405633464,332761.31460038235,53,1,53.0,53.0,54,100,0,,,,,,,,,,,,,,,,,,,,,,,,,,,,,,,
9L71sXZkvNp23HN7RhdDELymay5QyYQoAvx4HANr2tuB,PORNHUB,2026-09-20T16:10:44.514764+00:00,2026-09-20T16:10:44.514764+00:00,2026-09-20T16:10:44.514764+00:00,OBSERVE_WINDOW_ELAPSED,False,LP_NOT_BURNED,OBSERVE_WINDOW_ELAPSED,False,0.47,18539.291418732893,46522.96066293204,154,1,154.0,154.0,155,0,0,,,,,,,,,,,,,,,,,,,,,,,,,,,,,,,
G7koX9FtU1Bowm6MViyTrBdv2i5SpECJEEWtXkRHkrQY,SBF,2026-09-20T16:11:44.512648+00:00,2026-09-20T16:11:44.512648+00:00,,,True,,,True,0.41,17429.22136979467,39574.50132426629,258,247,1.0445,1.0445344129554657,505,100,1,4.710429e-06,4.710429e-06,4.710429e-06,6079.428988,6079.428988,,,,,,0.0,,,,,,,,,,,,,,,,,,,0.518,skip_no_signal
FLNT6D2gdAKkU2WmvoYBP2KB23k3vTmSzLaV36Jcpump,FOMO,2026-09-20T16:12:44.624973+00:00,2026-09-20T16:12:44.624973+00:00,,,True,,,True,0.9,56212.67254517337,412014.97228404955,171,127,1.3465,1.3464566929133859,298,100,1,2.006527e-06,2.006527e-06,2.006527e-06,3972.094939,3972.094939,,,,,,0.0,,,,,,,,,,,,,,,,,,,0.5035,skip_no_signal
13EYwcVbiJ9N91zBJ2U41hvoLMbgFWfaoPxvHQrFpump,fomocoin,2026-09-20T16:13:44.526851+00:00,2026-09-20T16:13:44.526851+00:00,2026-09-20T16:13:44.526851+00:00,OBSERVE_WINDOW_ELAPSED,False,WASH_TRADING,OBSERVE_WINDOW_ELAPSED,True,0.7,43350.306293362824,245186.60756689805,400,4,100.0,100.0,404,100,0,,,,,,,,,,,,,,,,,,,,,,,,,,,,,,,
FfujeXYws3rkmSL2JUvs9uEwN4uYBNm1bjkd3xTRpump,tok,2026-09-20T16:16:44.645132+00:00,2026-09-20T16:16:44.645132+00:00,2026-09-20T16:16:44.645132+00:00,OBSERVE_WINDOW_ELAPSED,False,WASH_TRADING,OBSERVE_WINDOW_ELAPSED,True,0.13,32787.489273085135,140211.33889824996,7,0,7.0,,7,100,0,,,,,,,,,,,,,,,,,,,,,,,,,,,,,,,
Awv8pofKum2XSVVXnNjBAqtHfAbAfNXu4U7DR2UJ48Ki,OpenSea,2026-09-20T16:16:44.819992+00:00,2026-09-20T16:16:44.819992+00:00,2026-09-20T16:16:44.819992+00:00,OBSERVE_WINDOW_ELAPSED,False,LP_NOT_BURNED,OBSERVE_WINDOW_ELAPSED,False,0.51,21178.876289945692,52962.16194566098,4,1,4.0,4.0,5,0,0,,,,,,,,,,,,,,,,,,,,,,,,,,,,,,,
C3GAhoGDsk9MdsaHhBgU1ak1qhk2cNwySAk9mmpepump,BRETT,2026-09-20T16:19:44.635493+00:00,2026-09-20T16:19:44.635493+00:00,,,True,,,True,0.2,62869.00778973843,514186.2889240682,31,19,1.6316,1.631578947368421,50,100,1,2.005765e-06,2.005765e-06,2.005765e-06,3957.386534,3957.386534,,,,,,0.0,,,,,,,,,,,,,,,,,,,0.4127,skip_no_signal
2Dam14Utrgk8pgesfWi5q91uqs5E3JbSgyNbhvs6pump,ALONHIL,2026-09-20T16:23:44.645072+00:00,2026-09-20T16:23:44.645072+00:00,,,True,,,True,0.15,19154.958700907864,47855.13477092641,13,9,1.4444,1.4444444444444444,22,100,1,2.580237e-06,2.580237e-06,2.580237e-06,4468.314406,4468.314406,,,,,,0.0,,,,,,,,,,,,,,,,,,,0.4854,skip_no_signal
J5uiGfWaPVK1SkHx99TGcJkowsaqpR5qYqCrk22a2SJy,Gemini AI,2026-09-20T16:24:44.661158+00:00,2026-09-20T16:24:44.661158+00:00,2026-09-20T16:24:44.661158+00:00,OBSERVE_WINDOW_ELAPSED,False,LP_NOT_BURNED,OBSERVE_WINDOW_ELAPSED,False,0.43,21758.20406977481,54403.18137722162,4,1,4.0,4.0,5,0,0,,,,,,,,,,,,,,,,,,,,,,,,,,,,,,,
t8XH87QT62prUmraro9zvPNi9gQg5C3TvNkRZHspump,VSOF,2026-09-20T16:28:44.530754+00:00,2026-09-20T16:28:44.530754+00:00,2026-09-20T16:28:44.530754+00:00,OBSERVE_WINDOW_ELAPSED,False,WASH_TRADING,OBSERVE_WINDOW_ELAPSED,True,1.06,352472.6375033401,16115715.900536943,27,0,27.0,,27,100,0,,,,,,,,,,,,,,,,,,,,,,,,,,,,,,,
4PEGQY5eYXDCvuu5RshjHLh1SzQKtK2j83KTAmqWybey,Bankman,2026-09-20T16:29:44.666490+00:00,2026-09-20T16:29:44.666490+00:00,,,True,,,True,0.45,19133.668721102462,47535.32039560069,112,83,1.3494,1.3493975903614457,195,100,1,3.710511e-06,3.710511e-06,3.710511e-06,5379.53912,5379.53912,,,,,,0.0,,,,,,,,,,,,,,,,,,,0.519,skip_no_signal
EmVipM7nLCjjNSfXBauwSpviqWGsBgN3cPVydDdDpump,ChatGPT,2026-09-20T16:30:44.591177+00:00,2026-09-20T16:30:44.591177+00:00,2026-09-20T16:30:44.591177+00:00,OBSERVE_WINDOW_ELAPSED,False,WASH_TRADING,OBSERVE_WINDOW_ELAPSED,True,1.06,52363.66379838159,355926.6990063826,260,85,3.0588,3.0588235294117645,345,100,0,,,,,,,,,,,,,,,,,,,,,,,,,,,,,,,
tNrBPvahc5MoVsij17YCYEX7h4Mf3XJPL4FEEhbpump,PHILSGOOD,2026-09-20T16:32:45.765698+00:00,2026-09-20T16:32:45.765698+00:00,2026-09-20T16:32:45.765698+00:00,OBSERVE_WINDOW_ELAPSED,False,WASH_TRADING,OBSERVE_WINDOW_ELAPSED,True,1.0,36460.440700744635,172618.91112624377,170,3,56.6667,56.666666666666664,173,100,0,,,,,,,,,,,,,,,,,,,,,,,,,,,,,,,
9RGW4rkssMBGNv6ZxuaToSmVuG8zwHrsgp6ZEWKKpump,JERRY,2026-09-20T16:33:44.573374+00:00,2026-09-20T16:33:44.573374+00:00,,,True,,,True,0.29,20613.414383945812,54904.888312190735,79,67,1.1791,1.1791044776119404,146,100,1,2.2581718e-05,2.2581718e-05,2.2581718e-05,14006.11481,14006.11481,,,,,,0.0,,,,,,,,,,,,,,,,,,,0.539,skip_no_signal
Af1ZiA4GArmThiZH8WWCRJJaAwTk8s8Fr3KEE871pump,Lobby,2026-09-20T16:33:44.689967+00:00,2026-09-20T16:33:44.689967+00:00,,,True,,,True,0.56,59953.07289490922,464380.4279564144,121,106,1.1415,1.1415094339622642,227,100,1,1.97386e-06,1.97386e-06,1.97386e-06,3923.311122,3923.311122,,,,,,0.0,,,,,,,,,,,,,,,,,,,0.4563,skip_no_signal
r8rMn91ZyMRPwUakhfzQm9cyoSMzMQDGTxtcU9Gpump,AMD,2026-09-20T16:34:44.701674+00:00,2026-09-20T16:34:44.701674+00:00,2026-09-20T16:34:44.701674+00:00,OBSERVE_WINDOW_ELAPSED,False,WASH_TRADING,OBSERVE_WINDOW_ELAPSED,True,0.78,54982.42478635752,390499.14356973645,232,31,7.4839,7.483870967741935,263,100,0,,,,,,,,,,,,,,,,,,,,,,,,,,,,,,,
DwhqP4s2KJMdxmKcQUhi8GhpLeLuW2c1izR6Sbcipump,TipleP,2026-09-20T16:39:44.748923+00:00,2026-09-20T16:39:44.748923+00:00,,,True,,,True,0.38,19440.160533668597,48650.81510865196,17,10,1.7,1.7,27,100,1,2.267422e-06,2.267422e-06,2.267422e-06,4223.717851,4223.717851,,,,,,0.0,,,,,,,,,,,,,,,,,,,0.5344,skip_no_signal
DBxE4N4BtnF9JkELJkipujBCy9UWTZpBr8N2DDZJCYcE,DISNEY,2026-09-20T16:39:44.934017+00:00,2026-09-20T16:39:44.934017+00:00,2026-09-20T16:39:44.934017+00:00,OBSERVE_WINDOW_ELAPSED,False,LP_NOT_BURNED,OBSERVE_WINDOW_ELAPSED,False,0.7,21360.199815718206,53420.123710413,20,1,20.0,20.0,21,0,0,,,,,,,,,,,,,,,,,,,,,,,,,,,,,,,
4coFcy7wFdDqhcqGJjA2ra39SVw6ASFxjPC42TiPpump,POKEMON,2026-09-20T16:41:44.774265+00:00,2026-09-20T16:41:44.774265+00:00,2026-09-20T16:41:44.774265+00:00,OBSERVE_WINDOW_ELAPSED,False,WASH_TRADING,OBSERVE_WINDOW_ELAPSED,True,0.1,62363.75086828493,499888.5364198422,3,0,3.0,,3,100,0,,,,,,,,,,,,,,,,,,,,,,,,,,,,,,,
jffL2Tj8453KhthDH8be9QEHuqv6Num9sMXQ5VKpump,TRAGET,2026-09-20T16:45:44.624856+00:00,2026-09-20T16:45:44.624856+00:00,2026-09-20T16:45:44.624856+00:00,OBSERVE_WINDOW_ELAPSED,False,WASH_TRADING,OBSERVE_WINDOW_ELAPSED,True,0.26,69519.96467910722,621510.0811433968,81,0,81.0,,81,100,0,,,,,,,,,,,,,,,,,,,,,,,,,,,,,,,
85tPaqPRd1xkgtYfW46CRRs2MtCrSNyBe7AFB3hd1fPH,Minecraft,2026-09-20T16:45:44.772798+00:00,2026-09-20T16:45:44.772798+00:00,2026-09-20T16:45:44.772798+00:00,OBSERVE_WINDOW_ELAPSED,False,LP_NOT_BURNED,OBSERVE_WINDOW_ELAPSED,False,1.03,21955.066550990938,54903.0108457284,7,1,7.0,7.0,8,0,0,,,,,,,,,,,,,,,,,,,,,,,,,,,,,,,
9a8TCs4LfsuaGG87r9h17TQPSoJsArN5GXT8k68dpump,NTDA,2026-09-20T16:46:44.609949+00:00,2026-09-20T16:46:44.609949+00:00,2026-09-20T16:46:44.609949+00:00,OBSERVE_WINDOW_ELAPSED,False,WASH_TRADING,OBSERVE_WINDOW_ELAPSED,True,0.07,208239.4852766131,5581811.480578066,8,0,8.0,,8,100,0,,,,,,,,,,,,,,,,,,,,,,,,,,,,,,,
GoVekGo8E6yJEw2dYgmedvpys2TpEYTQeE98DMZNpump,TOPGRADE,2026-09-20T16:46:44.726383+00:00,2026-09-20T16:46:44.726383+00:00,,,True,,,True,0.63,22651.884587196557,66133.10617171256,45,18,2.5,2.5,63,100,1,2.105343e-06,2.105343e-06,2.105343e-06,4054.208966,4054.208966,,,,,,0.0,,,,,,,,,,,,,,,,,,,0.4719,skip_no_signal
DBymdMFLkEnLnaQ9DeLZu5xpZf8dXLCFVRfwzzFgpump,PAWLAB,2026-09-20T16:47:44.762775+00:00,2026-09-20T16:47:44.762775+00:00,,,True,,,True,0.38,21886.05644852278,61661.394396027594,66,30,2.2,2.2,96,100,1,3.369868e-06,3.369868e-06,3.369868e-06,5163.776235,5163.776235,,,,,,0.0,,,,,,,,,,,,,,,,,,,0.616,skip_no_signal
KnZzs2FaQhPSks6Gs4R1wAwwJUVPc5jU8tAp76upump,KFC,2026-09-20T16:48:44.585790+00:00,2026-09-20T16:48:44.585790+00:00,2026-09-20T16:48:44.585790+00:00,OBSERVE_WINDOW_ELAPSED,False,WASH_TRADING,OBSERVE_WINDOW_ELAPSED,True,0.6,45692.8431845653,269486.0587583426,164,1,164.0,164.0,165,100,0,,,,,,,,,,,,,,,,,,,,,,,,,,,,,,,
8PxmdiQdndmYEhnyyzP2zZxFa1fCxsUtappkRMPapump,Pigeon,2026-09-20T16:49:44.604057+00:00,2026-09-20T16:49:44.604057+00:00,,,True,,,True,0.35,64572.687709451624,537509.6171604816,73,58,1.2586,1.2586206896551724,131,100,1,1.983135e-06,1.983135e-06,1.983135e-06,3928.465312,3928.465312,,,,,,0.0,,,,,,,,,,,,,,,,,,,0.2995,skip_no_signal
3Kapgf5iYvX5tGUk4gCbYU1Gdagf7TCuaQGTqi8Jzwkk,Polymarket,2026-09-20T16:51:44.569047+00:00,2026-09-20T16:51:44.569047+00:00,2026-09-20T16:51:44.569047+00:00,OBSERVE_WINDOW_ELAPSED,False,LP_NOT_BURNED,OBSERVE_WINDOW_ELAPSED,False,0.24,22617.72723765683,56570.97847922918,4,0,4.0,,4,0,0,,,,,,,,,,,,,,,,,,,,,,,,,,,,,,,
GvZYqoJAjUbNkfUiz1KmbepoN3r6W7GHev5xogaSfS6K,RSA-896,2026-09-20T16:55:44.766040+00:00,2026-09-20T16:55:44.766040+00:00,,,True,,,True,0.36,12641.04205091493,20635.164568348842,67,57,1.1754,1.1754385964912282,124,100,1,4.109925e-06,4.109925e-06,4.109925e-06,5642.527755,5642.527755,,,,,,0.0,,,,,,,,,,,,,,,,,,,0.3927,skip_no_signal
91xucGx7fmowtkLfyxoCpiUDsaGzFDANTdyGBkLpump,HERMES,2026-09-20T16:55:44.893463+00:00,2026-09-20T16:55:44.893463+00:00,2026-09-20T16:55:44.893463+00:00,OBSERVE_WINDOW_ELAPSED,False,WASH_TRADING,OBSERVE_WINDOW_ELAPSED,True,0.56,71666.80395313018,662392.1042145599,152,16,9.5,9.5,168,100,0,,,,,,,,,,,,,,,,,,,,,,,,,,,,,,,
6B7DvdREbibGkM7Dn2gGtPQEsLjnqvFe2Lsd4RZvgE9e,FN,2026-09-20T16:56:44.745489+00:00,2026-09-20T16:56:44.745489+00:00,2026-09-20T16:56:44.745489+00:00,OBSERVE_WINDOW_ELAPSED,False,LP_NOT_BURNED,OBSERVE_WINDOW_ELAPSED,False,0.22,18720.47698559557,46925.030189949204,0,0,,,0,0,0,,,,,,,,,,,,,,,,,,,,,,,,,,,,,,,
8YBV3UZwYJzVbbwbPpcX3p6imeej4QqrRK4YfGhDpump,ChillPhil,2026-09-20T16:58:44.624945+00:00,2026-09-20T16:58:44.624945+00:00,2026-09-20T16:58:44.624945+00:00,OBSERVE_WINDOW_ELAPSED,False,WASH_TRADING,OBSERVE_WINDOW_ELAPSED,True,0.17,19043.79750799027,46771.88377428016,12,4,3.0,3.0,16,100,0,,,,,,,,,,,,,,,,,,,,,,,,,,,,,,,
3nSBh4Aj6r5kWDHgXEbfZoXFmRm4DmEiwMSpcDpKapPP,BODE,2026-09-20T16:58:44.750991+00:00,2026-09-20T16:58:44.750991+00:00,2026-09-20T16:58:44.750991+00:00,OBSERVE_WINDOW_ELAPSED,False,LP_NOT_BURNED,OBSERVE_WINDOW_ELAPSED,False,0.9,21133.517422470333,53381.87438666847,374,3,124.6667,124.66666666666667,377,0,0,,,,,,,,,,,,,,,,,,,,,,,,,,,,,,,
5nwNmhq2yDJ1hnVsUNjsqfMBetVNTjWf25n9Li6Upump,BITTIPS,2026-09-20T17:00:44.745680+00:00,2026-09-20T17:00:44.745680+00:00,,,True,,,True,0.67,18947.944881068714,46193.70803727196,221,157,1.4076,1.4076433121019107,378,100,1,8.093944e-06,8.093944e-06,8.093944e-06,7952.041508,7952.041508,,,,,,0.0,,,,,,,,,,,,,,,,,,,0.535,skip_no_signal
EBj7Hgf2SeNWF4JSS7pZidB7BF91MoDNT2iR5GaktrFg,Redbull,2026-09-20T17:01:44.756356+00:00,2026-09-20T17:01:44.756356+00:00,2026-09-20T17:01:44.756356+00:00,OBSERVE_WINDOW_ELAPSED,False,LP_NOT_BURNED,OBSERVE_WINDOW_ELAPSED,False,0.56,16616.69918031829,41819.88065277704,231,7,33.0,33.0,238,0,0,,,,,,,,,,,,,,,,,,,,,,,,,,,,,,,
6XL3fuxiKZSWek2qkPzBH1SDZVXNWGqHfwKxG9wRpump,Pigeon,2026-09-20T17:04:44.661992+00:00,2026-09-20T17:04:44.661992+00:00,,,True,,,True,0.15,64064.431665920696,528413.2335822129,24,16,1.5,1.5,40,100,1,1.978395e-06,1.978395e-06,1.978395e-06,3926.349138,3926.349138,,,,,,0.0,,,,,,,,,,,,,,,,,,,0.2864,skip_no_signal
GVbjqx2vPdhnDrt5Z3kJSncse2XWYxjtEnRrERHVpump,PUMPPEPE,2026-09-20T17:05:44.634279+00:00,2026-09-20T17:05:44.634279+00:00,2026-09-20T17:05:44.634279+00:00,OBSERVE_WINDOW_ELAPSED,False,WASH_TRADING,OBSERVE_WINDOW_ELAPSED,True,0.7,30379.71255085025,118845.13843627556,51,9,5.6667,5.666666666666667,60,100,0,,,,,,,,,,,,,,,,,,,,,,,,,,,,,,,
ABhSbU3M2pfPdurZtLUoYZHnWeGnN5rRNjMUqiiMKXur,MSFT,2026-09-20T17:06:44.607943+00:00,2026-09-20T17:06:44.607943+00:00,2026-09-20T17:06:44.607943+00:00,OBSERVE_WINDOW_ELAPSED,False,LP_NOT_BURNED,OBSERVE_WINDOW_ELAPSED,False,0.41,21309.848672131684,53289.64012662606,8,3,2.6667,2.6666666666666665,11,0,0,,,,,,,,,,,,,,,,,,,,,,,,,,,,,,,
yfchFqhxRFrqBwfQJfK6CErRzSyXiwETu7SrWbupump,WOJAK,2026-09-20T17:07:44.650383+00:00,2026-09-20T17:07:44.650383+00:00,,,True,,,True,0.95,63127.65705579426,513739.9428238099,241,182,1.3242,1.3241758241758241,423,100,1,2.002002e-06,2.002002e-06,2.002002e-06,3954.181917,3954.181917,,,,,0.0,0.0,,,,,,,,,,,,,,,,,,,0.3732,skip_no_signal
95pCcNPexz8rg1Sazi2GscfAGSFy3NXSPDL9TdEMZE2V,TYLER,2026-09-20T17:08:44.643150+00:00,2026-09-20T17:08:44.643150+00:00,,,True,,,True,0.65,21196.408989332456,57874.76522359784,308,326,0.9448,0.9447852760736196,634,100,1,0.000188009344,0.000188009344,0.000188009344,38888.947235,38888.947235,,,,,0.0,0.0,,,,,,,,,,,,,,,,,,,0.5211,skip_no_signal
466U2LK7yw8KikcUvE414t2WZHeGrtZKW58XYYrQpump,NTDA,2026-09-20T17:12:44.678841+00:00,2026-09-20T17:12:44.678841+00:00,,,True,,,True,0.77,162037.99565957164,3392401.8655377678,93,57,1.6316,1.631578947368421,150,100,1,1.97858e-06,1.97858e-06,1.97858e-06,3932.861375,3932.861375,,,,,0.0,0.0,,,,,,,,,,,,,,,,,,,0.3891,skip_no_signal
cxq4fBypn5s3ensQQsfPkjXe5GVtjTQH2XyRSygnAgd,AMD,2026-09-20T17:12:44.825507+00:00,2026-09-20T17:12:44.825507+00:00,2026-09-20T17:12:44.825507+00:00,,False,LP_NOT_BURNED,,False,0.8,22407.650660504325,56043.7255456705,29,1,29.0,29.0,30,0,1,0.0,0.0,0.0,0.0,0.0,,,,,,,,,,,,,,,,,,,,,,,,,,
78FFaUARDk7PSbvPyvR5tiXpeCT8SnQ3wB6emHsjQVdn,jeanpill,2026-09-20T17:13:44.661441+00:00,2026-09-20T17:13:44.661441+00:00,,,True,,,True,0.59,18422.572849488708,32007.207487381445,508,356,1.427,1.4269662921348314,864,100,1,1.2899122e-05,1.2899122e-05,1.2899122e-05,11122.207846,11122.207846,,,,,0.0,0.0,,,,,,,,,,,,,,,,,,,0.5472,skip_no_signal
6an243kU7X1Fz2JuYogx1TvkpM7dKzphZrNY3SiydVaC,PORNHUB,2026-09-20T17:17:44.731638+00:00,2026-09-20T17:17:44.731638+00:00,2026-09-20T17:17:44.731638+00:00,,False,LP_NOT_BURNED,,False,0.52,21016.75817091817,52549.11576837068,5,1,5.0,5.0,6,0,1,0.0,0.0,0.0,0.0,0.0,,,,,,,,,,,,,,,,,,,,,,,,,,
F3zwvid1Hht2myayxwruHkCZFMmScvxuMF82KJZLpump,WIBBO,2026-09-20T17:18:44.652485+00:00,2026-09-20T17:18:44.652485+00:00,,,True,,,True,0.88,64876.43319670879,543335.6357759546,189,175,1.08,1.08,364,100,1,0.000189421253,0.000189421253,0.000189421253,38472.200409,38472.200409,,,,,0.0,0.0,,,,,,,,,,,,,,,,,,,0.5232,skip_no_signal
3uxzNhXquXNh8Y2avyxS5CnJVrSrQSGF4Bqd8F5Nfz7X,WHIMSICAL,2026-09-20T17:19:44.674935+00:00,2026-09-20T17:19:44.674935+00:00,,,True,,,True,0.85,18873.766436465077,45828.003898025934,449,300,1.4967,1.4966666666666666,749,100,1,2.0621785e-05,2.0621785e-05,2.0621785e-05,13022.45634,13022.45634,,,,,0.0,0.0,,,,,,,,,,,,,,,,,,,0.5454,skip_no_signal
FKdfEBF1Kwg2ZuFtgNk8g44ZtGyLMSzcHH6kJtEbpump,JEANTRUMP,2026-09-20T17:21:44.809127+00:00,2026-09-20T17:21:44.809127+00:00,,,True,,,True,0.87,17506.575449881464,39669.96378354901,51,21,2.4286,2.4285714285714284,72,100,1,2.486117e-06,2.486117e-06,2.486117e-06,4385.373971,4385.373971,,,,,0.0,0.0,,,,,,,,,,,,,,,,,,,0.4701,skip_no_signal
GXAwucaoYawzc4wyqa72EMJuDPUBDFFnod81eb3vpump,OnlyCats,2026-09-20T17:22:44.671815+00:00,2026-09-20T17:22:44.671815+00:00,2026-09-20T17:22:44.671815+00:00,,False,WASH_TRADING,,True,0.82,33669.7214737606,146457.88265701744,127,19,6.6842,6.684210526315789,146,100,1,2.068552e-06,2.068552e-06,2.068552e-06,4036.105896,4036.105896,,,,0.0,0.0,0.0,,0.0,0.0,0.0,,,,,,,,,,,,,,,,
tWEqWKKHXVDfCPunaWBd7j6smexEeoxf9TaEuwMpump,Grok,2026-09-20T17:23:44.846505+00:00,2026-09-20T17:23:44.846505+00:00,2026-09-20T17:23:44.846505+00:00,,False,WASH_TRADING,,True,0.19,45074.68184344821,262643.01406267716,47,0,47.0,,47,100,1,0.000452808411,0.000452808411,0.000452808411,59254.584402,59254.584402,,,,0.0,0.0,0.0,,0.0,0.0,0.0,,,,,,,,,,,,,,,,
MhcRQ7kQsbtXmcUhAf1KVP1dF3M1bKXVNje1KTFpump,OnlyFees,2026-09-20T17:24:44.834050+00:00,2026-09-20T17:24:44.834050+00:00,,,True,,,True,0.03,17454.817175596963,39505.14405106843,17,11,1.5455,1.5454545454545454,28,100,1,0.000137548461,0.000137548461,0.000137548461,33447.980093,33447.980093,,,,0.0,0.0,0.0,,,,,,,,,,,,,,,,,,,0.5399,skip_no_signal
9XyW3zyoe2EMG2HkUb9wbNcSDpmwwFxpG6ZUuWY9Kj31,NP,2026-09-20T17:25:44.653364+00:00,2026-09-20T17:25:44.653364+00:00,2026-09-20T17:25:44.653364+00:00,,False,LP_NOT_BURNED,,False,0.15,19340.450764763744,48389.81480787919,49,2,24.5,24.5,51,0,1,0.0,0.0,0.0,0.0,0.0,,,,,,,,,,,,,,,,,,,,,,,,,,
64wxxQ1AJanxpeXiEUgpbMk5Px8qLLYxX8qib181pump,JEANPILL,2026-09-20T17:26:44.773437+00:00,2026-09-20T17:26:44.773437+00:00,2026-09-20T17:26:44.773437+00:00,,False,WASH_TRADING,,True,0.85,33795.050015219014,147570.52968866297,61,11,5.5455,5.545454545454546,72,100,1,0.000241106521,0.000241106521,0.000241106521,43774.657081,43774.657081,,,,0.0,0.0,0.0,,0.0,0.0,0.0,,,,,,,,,,,,,,,,
55mAFmdJXT9eSJuXQDPPZPunCRGTfHVXaWcfYSrH59ct,NVIDIA,2026-09-20T17:27:44.650389+00:00,2026-09-20T17:27:44.650389+00:00,2026-09-20T17:27:44.650389+00:00,,False,LP_NOT_BURNED,,False,0.26,21023.743721208608,52580.62056789119,4,0,4.0,,4,0,1,0.0,0.0,0.0,0.0,0.0,,,,,,,,,,,,,,,,,,,,,,,,,,
B77MqgjhPKQfo1tGxeyTL481KyVRWvca2cx1saUoZdS,Tsunami,2026-09-20T17:28:44.799317+00:00,2026-09-20T17:28:44.799317+00:00,2026-09-20T17:28:44.799317+00:00,,False,LP_NOT_BURNED,,False,0.59,23132.964594575762,58109.493475005904,193,4,48.25,48.25,197,0,1,0.0,0.0,0.0,0.0,0.0,,,,,,,,,,,,,,,,,,,,,,,,,,
EUJnfWGCgzAmAU6tE2vBLKEBfeTRx3is7R3ydMzcpump,GIGAJEAN,2026-09-20T17:29:44.783072+00:00,2026-09-20T17:29:44.783072+00:00,,,True,,,True,0.45,17498.32353632092,39717.7472919543,80,51,1.5686,1.5686274509803921,131,100,1,7.8318709e-05,7.8318709e-05,7.8318709e-05,24739.791261,24739.791261,,,,0.0,0.0,0.0,,,,,,,,,,,,,,,,,,,0.5789,skip_no_signal
98EaLa5gutCfGcnNqm3oVyaDUubR1CuGF931HD3spump,TradeX,2026-09-20T17:32:44.713036+00:00,2026-09-20T17:32:44.713036+00:00,,,True,,,True,0.13,22449.568656383162,65209.37229734916,154,139,1.1079,1.1079136690647482,293,100,1,3.6789521e-05,3.6789521e-05,3.6789521e-05,16953.661443,16953.661443,,,0.0,0.0,0.0,0.0,,,,,,,,,,,,,,,,,,,0.5812,skip_no_signal
Exek5o7L9zjBdeR5cVWRARtaDEcyQVmZfXo5xRb1qenn,AAPL,2026-09-20T17:32:45.006362+00:00,2026-09-20T17:32:45.006362+00:00,2026-09-20T17:32:45.006362+00:00,,False,LP_NOT_BURNED,,False,0.2,22220.907402535937,55573.957091193006,4,0,4.0,,4,0,1,7.4047864e-05,7.4047864e-05,7.4047864e-05,25698.086831,25698.086831,,,0.0,0.0,0.0,0.0,0.0,0.0,0.0,0.0,,,,,,,,,,,,,,,,
zbJtpr2ELU4DxpJyqhxbKmAQH482uJTYAvpEvp6pump,AMD,2026-09-20T17:32:45.289332+00:00,2026-09-20T17:32:45.289332+00:00,2026-09-20T17:32:45.289332+00:00,,False,WASH_TRADING,,True,0.48,58861.18447746565,448697.0969075699,154,0,154.0,,154,100,1,0.000601897439,0.000601897439,0.000601897439,68301.911201,68301.911201,,,0.0,0.0,0.0,0.0,0.0,0.0,0.0,0.0,,,,,,,,,,,,,,,,
AhW3LeTNZY3A8g4xaKMTkyKxX8KzQMhNnGDbH2KJpump,Nike,2026-09-20T17:34:44.854269+00:00,2026-09-20T17:34:44.854269+00:00,2026-09-20T17:34:44.854269+00:00,,False,WASH_TRADING,,True,0.96,50458.52811651549,328999.2310582507,16,0,16.0,,16,100,1,0.000350547484,0.000350547484,0.000350547484,52112.737444,52112.737444,,,0.0,0.0,0.0,0.0,0.0,0.0,0.0,0.0,,,,,,,,,,,,,,,,
FeCccCuWS9Dnhc1S5pDUEmaacbS8uPKNT7QzKLXApump,CDOG,2026-09-20T17:35:44.742388+00:00,2026-09-20T17:35:44.742388+00:00,2026-09-20T17:35:44.742388+00:00,,False,WASH_TRADING,,True,0.18,62056.501170989,497890.9021210797,18,4,4.5,4.5,22,100,1,0.000521478911,0.000521478911,0.000521478911,63564.627924,63564.627924,,,0.0,0.0,0.0,0.0,0.0,0.0,0.0,0.0,,,,,,,,,,,,,,,,
5FL8wR86NNBbqFTZvf7vSVHGtARtLGTH8nfVjuuXpump,OnlyCats,2026-09-20T17:36:44.745675+00:00,2026-09-20T17:36:44.745675+00:00,2026-09-20T17:36:44.745675+00:00,,False,WASH_TRADING,,True,0.53,34834.02028391595,156948.55589430212,18,1,18.0,18.0,19,100,1,0.000126363947,0.000126363947,0.000126363947,31323.789571,31323.789571,,,0.0,0.0,0.0,0.0,0.0,0.0,0.0,0.0,,,,,,,,,,,,,,,,
8Ac9wXJ8y16zhqmWsxSxBZKdjUEWszRJwWMSpRtUpump,FTX6900,2026-09-20T17:37:28.486152+00:00,2026-09-20T17:37:28.486152+00:00,,,True,,,True,0.73,16961.408133571782,37184.20162397189,57,37,1.5405,1.5405405405405406,94,100,0,,,,,,,,,,,,,,,,,,,,,,,,,,,,,,,
BMgFz5gF76JuqR3qCdBM1SHHHAYyUroakavYVK6pump,WSOS,2026-09-20T17:38:28.248365+00:00,2026-09-20T17:38:28.248365+00:00,2026-09-20T17:38:28.248365+00:00,,False,WASH_TRADING,,True,0.9,585952.8263858072,44278894.905707926,16,0,16.0,,16,100,0,,,,,,,,,,,,,,,,,,,,,,,,,,,,,,,
