group,token_id,symbol,decision_time,decision_price,bp_p1,bp_p2,bp_p3,vm_p1,vm_p2,vm_p3,vlr_p1,vlr_p2,vlr_p3,score,age_minutes,bp_component,vm_component,vlr_component,buys_at_discovery,sells_at_discovery,total_txns_at_discovery,liquidity_usd_at_discovery,market_cap_usd_at_discovery,wash_multiplier_at_discovery,buy_sell_ratio_at_discovery,prev_composite_score,bp_trend,vm_trend,vlr_trend,vm_zone,signal,scorer_version,forward_return_5,peak_return_5,max_drawdown_5,n_observations_used_5,outage_excluded_5,forward_return_15,peak_return_15,max_drawdown_15,n_observations_used_15,outage_excluded_15,forward_return_30,peak_return_30,max_drawdown_30,n_observations_used_30,outage_excluded_30,forward_return_60,peak_return_60,max_drawdown_60,n_observations_used_60,outage_excluded_60,forward_return_full,peak_return_full,max_drawdown_full,n_observations_used_full,outage_excluded_full,rug_flag_gone,rug_flag_price,rug_flag,decision_gate,wash_multiplier,liquidity_usd,market_cap_usd,buys,sells,split
shadow,b4a214c3-bce4-49a5-8ae1-5a80131ae928,Greenland,2026-09-20 18:52:20.024088+00:00,0.001054965083,0.7067,0.7067,0.7048,1.08,1.0805,1.0712,0.179963,0.182156,0.18242,4.18,0.06,4.2048,4.5,3.68242,155.0,8.0,163.0,70717.74823055684,645423.1733322814,19.375,19.375,4.18,FLAT,FLAT,FLAT,,DISCARD,rolling_window_v1,0.10704165646779029,0.10704165646779029,0.0,10,False,0.10912762313669866,0.11091836107716957,0.0,28,False,0.5050510207265313,0.5050510207265313,0.0,54,False,-0.998118453366859,0.8104750477319826,-0.9981264451005532,106,False,-0.998118453366859,0.8104750477319826,-0.9981264451005532,106,False,False,True,True,,,,,,,train
shadow,64698b52-d7b9-4edc-9f32-7d38808419ec,CALI,2026-09-20 18:52:20.379103+00:00,8.1345715e-05,0.5615,0.5618,0.5613,0.1359,0.1492,0.5352,1.275936,1.248819,1.25249,4.86,0.08,4.0613,6.0352,4.5,30.0,14.0,44.0,62291.30623229151,501357.6704467516,2.1429,2.142857142857143,3.4,FLAT,SPIKE,FLAT,,DISCARD,rolling_window_v1,-0.9753001863712182,0.39578136352972004,-0.9753941679657004,10,False,-0.9753213921593781,0.39578136352972004,-0.9753941679657004,28,False,-0.9752631223414779,0.39578136352972004,-0.9753941679657004,54,False,-0.9751261268033602,0.39578136352972004,-0.9753941679657004,106,False,-0.9751261268033602,0.39578136352972004,-0.9753941679657004,106,False,False,True,True,,,,,,,train
shadow,1bfb36d5-7506-4c91-a697-9b0596d8e1e4,Stamp,2026-09-20 18:52:20.703202+00:00,0.001465507463,0.4781,0.4696,0.4682,3.945,2.9968,2.8001,10.744298,10.514331,12.255275,4.29,0.07,3.9682,2.0,8.0,102.0,85.0,187.0,35860.57077124084,101999.76140356091,1.2,1.2,2.79,FLAT,DECELERATING,EMERGING,,DISCARD,rolling_window_v1,1.5819806937414418,1.5819806937414418,0.0,10,False,1.6757490828281099,2.1052594892176266,0.0,28,False,-0.001314496888372263,2.1052594892176266,-0.036343654566568295,54,False,1.0657200604102282,2.1052594892176266,-0.2691156844692233,106,False,1.0657200604102282,2.1052594892176266,-0.2691156844692233,106,False,False,False,False,,,,,,,train
shadow,00671f4e-2eea-44d1-8d0d-ec60fabb95f2,BEAST,2026-09-20 18:52:21.117940+00:00,0.000557568031,0.6739,0.6681,0.6593,1.1179,1.1108,1.0983,0.409845,0.414826,0.418794,4.22,0.08,4.1593,4.5,3.918794,272.0,194.0,466.0,59029.218253755505,450741.3121342516,1.4021,1.402061855670103,4.22,FLAT,FLAT,FLAT,,DISCARD,rolling_window_v1,0.08924765810326729,0.08924765810326729,0.0,10,False,-0.9964738562996988,0.28111358486405025,-0.9964789337070152,28,False,-0.9964657658071504,0.28111358486405025,-0.9964789337070152,54,False,-0.9964461933076647,0.28111358486405025,-0.9964789337070152,106,False,-0.9964461933076647,0.28111358486405025,-0.9964789337070152,106,False,False,True,True,,,,,,,train
shadow,a772b8fc-c79f-4c2a-80dc-487193166059,BASKET,2026-09-20 18:52:52.383070+00:00,0.000565051143,0.5329,0.5214,0.5233,1.0181,1.012,1.0431,0.006681,0.006869,0.016814,4.56,0.62,4.0233,4.5,5.516814,236.0,201.0,437.0,64204.25708453018,535523.4941983352,1.1741,1.1741293532338308,,FLAT,FLAT,SPIKE,,DISCARD,rolling_window_v1,-0.6311038379759546,0.18610449744723367,-0.8414224391720238,10,False,-0.7140207359955735,0.18610449744723367,-0.8986271761244805,27,False,-0.9964918910003868,0.18610449744723367,-0.9965042049299951,54,False,-0.9964707637092595,0.18610449744723367,-0.9965042049299951,106,False,-0.9964707637092595,0.18610449744723367,-0.9965042049299951,106,False,False,True,True,,,,,,,train
shadow,98b086c4-9c03-41b9-b4b7-f7e357e799cc,JEANWIFHAT,2026-09-20 18:58:54.301671+00:00,1.6955413e-05,0.5053,0.5,0.5,0.4643,0.8209,0.9593,0.62352,0.616711,0.67623,7.0,1.65,4.0,9.9593,7.67623,44.0,40.0,84.0,12887.458381855828,21559.672873750053,1.1,1.1,,FLAT,ACCELERATING,EMERGING,,WATCH,rolling_window_v1,0.8462929803007455,0.8462929803007455,0.0,9,False,-0.8576294779726097,1.866724390612013,-0.8579063806938823,27,False,-0.8602793691902403,1.866724390612013,-0.860314697141261,53,False,-0.8594222387859264,1.866724390612013,-0.860314697141261,105,False,-0.8595022722242154,1.866724390612013,-0.860314697141261,106,False,False,True,True,,,,,,,train
shadow,688e12e7-9c40-424f-ab23-6e4718d64549,WHEREJP,2026-09-20 19:00:36.762544+00:00,9.3447873e-05,0.5909,0.5641,0.5725,1.0829,1.1465,2.2873,1.780141,2.596004,3.708362,6.4,1.37,4.0725,6.5,10.0,193.0,143.0,336.0,21685.097686951623,60700.58123922121,1.3497,1.3496503496503496,,FLAT,SPIKE,ACCELERATING,,WATCH,rolling_window_v1,0.13585689638971243,0.33216825598588007,-0.09496325293567676,9,False,0.5243536682745045,1.6456365999898148,-0.09496325293567676,27,False,-0.9660260218014807,1.6456365999898148,-0.9660557496049161,53,False,-0.9714611909893337,1.6456365999898148,-0.9714698589233808,105,False,-0.9714533470440788,1.6456365999898148,-0.9714698589233808,106,False,False,True,True,,,,,,,train
shadow,a91ab3cf-89fb-4435-8bca-37077bd9d317,FOMO LISA,2026-09-20 19:02:51.656846+00:00,0.000166863773,0.6151,0.597,0.6,2.0046,2.0305,1.4841,4.934298,5.398884,6.576809,4.84,1.61,4.1,2.0,10.0,442.0,256.0,698.0,25853.93471487362,85523.99157423302,1.7266,1.7265625,,FLAT,DECELERATING,ACCELERATING,,DISCARD,rolling_window_v1,-0.9764083004403837,0.5932214477734481,-0.9764083004403837,9,False,-0.9808390644504964,0.5932214477734481,-0.9819728575836529,27,False,-0.9802882678434941,0.5932214477734481,-0.9819728575836529,53,False,-0.9805858399234446,0.5932214477734481,-0.9819728575836529,105,False,-0.9805858399234446,0.5932214477734481,-0.9819728575836529,105,False,False,True,True,,,,,,,train
shadow,8108c4fa-b5c7-4674-8f84-2c9ae74be5d0,zkSNARK,2026-09-20 19:07:58.635239+00:00,6.68262e-05,0.5706,0.5673,0.5522,0.6281,1.2633,1.5367,3.565012,3.595638,3.375912,5.62,1.73,4.0522,10.0,2.0,590.0,435.0,1025.0,22238.819461182167,38862.31349679817,1.3563,1.3563218390804597,,FLAT,ACCELERATING,DECELERATING,,WATCH,rolling_window_v1,-0.09083498687640479,0.7747806848212226,-0.4180732257707306,9,False,-0.6796242791001135,0.7747806848212226,-0.6796242791001135,27,False,-0.7468178947777968,0.7747806848212226,-0.8072465140917784,53,False,-0.6048207888522765,0.7747806848212226,-0.8353012890153861,105,False,-0.6093097018833931,0.7747806848212226,-0.8353012890153861,107,False,False,True,True,,,,,,,train
shadow,31e81e44-2d06-40c7-a1e9-914c01714ea8,ZERO,2026-09-20 19:12:33.399473+00:00,3.5480428e-05,0.609,0.528,0.5109,4.1661,1.7936,1.2051,0.791297,2.458945,2.925009,4.8,1.31,4.0109,2.0,10.0,172.0,144.0,316.0,24374.08287067223,76703.29420903098,1.1944,1.1944444444444444,,FLAT,DECELERATING,ACCELERATING,,DISCARD,rolling_window_v1,-0.8870645247007731,0.0,-0.8935542998523017,9,False,-0.8874976367252391,0.0,-0.8935542998523017,27,False,-0.8911437877806886,0.0,-0.8935542998523017,53,False,-0.8912105288019637,0.0,-0.8935542998523017,104,False,-0.8912105288019637,0.0,-0.8935542998523017,104,False,False,True,True,,,,,,,train
shadow,305b4b60-9791-48b6-ae7f-7ff55aea7ac4,Lobby,2026-09-20 19:20:03.541592+00:00,0.000568945162,0.5266,0.5178,0.5183,1.0163,1.0212,1.0417,0.004768,0.004971,0.01136,4.56,1.79,4.0183,4.5,5.51136,113.0,89.0,202.0,64722.7777238702,541155.6733673306,1.2697,1.2696629213483146,,FLAT,FLAT,SPIKE,,DISCARD,rolling_window_v1,0.28639800262507564,0.28639800262507564,0.0,9,False,-0.9965347363301773,0.28639800262507564,-0.9965386998053074,27,False,-0.9965262979070731,0.28639800262507564,-0.9965386998053074,53,False,-0.9965360668626267,0.28639800262507564,-0.9965386998053074,104,False,-0.9965360668626267,0.28639800262507564,-0.9965386998053074,104,False,False,True,True,,,,,,,train
shadow,ed971670-1c5d-42ed-9f3f-58b5d77710f3,ORANGE,2026-09-20 19:21:46.341851+00:00,4.6643002e-05,0.5891,0.5861,0.5739,1.1113,5.5179,3.8406,0.606146,0.772409,0.95838,4.82,1.52,4.0739,2.0,9.95838,110.0,70.0,180.0,18093.345702937026,42309.72897875745,1.5714,1.5714285714285714,,FLAT,DECELERATING,ACCELERATING,,DISCARD,rolling_window_v1,0.2160470503163583,0.2758397497656775,-0.031090408803447045,9,False,1.0458167765445285,1.0458167765445285,-0.031090408803447045,27,False,-0.9469605108178929,2.7712341714197555,-0.9469605108178929,53,False,-0.9485764445435995,2.7712341714197555,-0.948579660460105,104,False,-0.9485764445435995,2.7712341714197555,-0.948579660460105,104,False,False,True,True,,,,,,,train
shadow,6fcb426a-1b29-4fa3-8797-7bdbad5ac9e2,anon,2026-09-20 19:22:53.925196+00:00,8.572926e-06,0.5603,0.5348,0.5234,0.4414,0.3113,0.5336,4.672655,7.84694,8.46537,5.52,1.65,4.0234,4.0336,10.0,366.0,289.0,655.0,16113.839559643977,20218.74158919522,1.2664,1.2664359861591696,,FLAT,FLAT,ACCELERATING,,WATCH,rolling_window_v1,0.1455898487867504,0.31685669513535974,-0.06421238209684765,9,False,-0.0864196191591996,1.9093535859285384,-0.12345131638836027,27,False,-0.2004618959734401,1.9093535859285384,-0.2031659902348394,53,False,-0.21108883944641543,1.9093535859285384,-0.21108883944641543,104,False,-0.21053488622204375,1.9093535859285384,-0.21114634606667548,107,False,False,False,False,,,,,,,train
shadow,4dfa9548-88ff-4dc4-8fc6-4def60d9f4c3,anon,2026-09-20 19:22:54.262016+00:00,9.4543952e-05,0.7407,0.6824,0.6551,1.9895,2.1532,2.2599,0.506324,0.798448,1.092861,6.66,1.66,1.6551,10.0,10.0,50.0,23.0,73.0,29099.175849181272,66625.53065522031,2.1739,2.1739130434782608,,DECELERATING,ACCELERATING,ACCELERATING,,WATCH,rolling_window_v1,-0.08868442478478156,0.01846731560364656,-0.4532503781944719,9,False,0.0017327813840488648,0.01846731560364656,-0.8003445952841066,27,False,-0.35174112459356466,0.120761823030203,-0.8003445952841066,53,False,-0.7615623366368268,0.120761823030203,-0.8025650123024263,104,False,-0.7582290192396443,0.120761823030203,-0.8025650123024263,106,False,False,True,True,,,,,,,train
shadow,15358e3b-73e8-47c6-b4aa-ad57accce07d,CLIPPED,2026-09-20 19:23:28.324639+00:00,0.000106726666,0.6335,0.616,0.6062,6.5662,7.7916,4.6326,1.276299,2.706343,5.077515,4.84,1.23,4.1062,2.0,10.0,288.0,160.0,448.0,26541.981116965217,90579.54037143016,1.8,1.8,,FLAT,DECELERATING,ACCELERATING,,DISCARD,rolling_window_v1,1.1876698743686043,1.6162777726046462,0.0,9,False,-0.6393847157185628,1.6162777726046462,-0.7583560419661193,27,False,-0.858000736198393,1.6162777726046462,-0.921666193526555,53,False,-0.9294045313848743,1.6162777726046462,-0.9465939468211253,104,False,-0.9294045313848743,1.6162777726046462,-0.9465939468211253,104,False,False,True,True,,,,,,,train
shadow,4b62a55e-1bc4-49ed-a454-e444ddf7aeff,TIM,2026-09-20 19:26:52.493749+00:00,5.3013172e-05,0.5628,0.5345,0.5149,3.542,4.1514,3.0829,1.488434,2.539375,4.141586,4.81,1.62,4.0149,2.0,10.0,247.0,169.0,416.0,21690.35820467544,60751.38927128698,1.4615,1.4615384615384615,,FLAT,DECELERATING,ACCELERATING,,DISCARD,rolling_window_v1,-0.47775888603685135,0.4709928128805423,-0.552223360639503,9,False,-0.8330005984173141,0.4709928128805423,-0.8391046662893517,27,False,-0.8429912475337261,0.4709928128805423,-0.8607630571511549,52,False,-0.8556979197547356,0.4709928128805423,-0.8778543000596154,104,False,-0.8556979197547356,0.4709928128805423,-0.8778543000596154,104,False,False,True,True,,,,,,,train
shadow,9f7b0943-35b1-40e7-ba65-e4960532b3fb,JEANDOOMER,2026-09-20 19:28:36.260629+00:00,0.000111858207,0.6261,0.5771,0.5746,1.3313,1.4448,1.6758,1.023856,2.147458,3.13108,7.63,1.36,4.0746,10.0,10.0,107.0,65.0,172.0,20695.30447005826,55303.368729034046,1.6462,1.646153846153846,,FLAT,ACCELERATING,ACCELERATING,,WATCH,rolling_window_v1,1.393115410834361,1.7981040944094517,0.0,9,False,-0.29018885489555546,2.134652328192602,-0.29018885489555546,27,False,-0.9753198082282867,2.134652328192602,-0.9753797859463276,52,False,-0.9762233002715661,2.134652328192602,-0.9762387126409062,104,False,-0.9762044728644721,2.134652328192602,-0.9762387126409062,106,False,False,True,True,,,,,,,train
shadow,f333d1d8-e634-476b-a4b6-2052631e8d37,JeanWhale,2026-09-20 19:28:36.544587+00:00,4.4621336e-05,0.6264,0.6109,0.6095,1.4221,0.7768,0.9112,1.39712,3.560896,4.979781,5.69,1.36,4.1095,4.4112,10.0,92.0,53.0,145.0,22033.708591901704,62662.26499568613,1.7358,1.7358490566037736,,FLAT,FLAT,ACCELERATING,,WATCH,rolling_window_v1,-0.9222942585134609,0.8553592613183971,-0.9319468605780876,9,False,-0.9347915087078522,0.8553592613183971,-0.9348032743797721,27,False,-0.9347639210085508,0.8553592613183971,-0.9348760422592457,52,False,-0.934985720732342,0.8553592613183971,-0.935047821069275,104,False,-0.934897242879505,0.8553592613183971,-0.935047821069275,107,False,False,True,True,,,,,,,train
shadow,adf47aa3-0e50-40f9-88ad-bf3708a17bb5,JEANTROLL,2026-09-20 19:36:43.168144+00:00,5.8826684e-05,0.7072,0.6971,0.6742,1.4911,2.3388,2.4887,0.685388,1.225259,1.674024,6.67,1.47,1.6742,10.0,10.0,90.0,42.0,132.0,17386.605372989543,38940.44683852829,2.1429,2.142857142857143,,DECELERATING,ACCELERATING,ACCELERATING,,WATCH,rolling_window_v1,0.006723292443272744,0.006723292443272744,-0.037857802761753434,4,False,0.006723292443272744,0.006723292443272744,-0.037857802761753434,4,False,0.006723292443272744,0.006723292443272744,-0.037857802761753434,4,False,0.006723292443272744,0.006723292443272744,-0.037857802761753434,4,False,0.006723292443272744,0.006723292443272744,-0.037857802761753434,4,False,False,False,False,,,,,,,train
shadow,a2b44113-6e9a-4067-8776-058d5f98c508,MEALS,2026-09-20 19:37:53.245236+00:00,2.6103642e-05,0.5171,0.4988,0.4931,16.8312,0.5928,0.8052,2.832603,6.200674,6.831637,5.6,1.64,3.9931,4.3052,10.0,178.0,131.0,309.0,19102.234335058027,47019.72176353794,1.3588,1.3587786259541985,,FLAT,FLAT,ACCELERATING,,WATCH,rolling_window_v1,1.1991821294515148,1.3465051734926488,-0.4660027516466859,9,False,1.9532726889221053,2.157607049621658,-0.4660027516466859,27,False,2.1422052141229946,2.722730414399646,-0.4660027516466859,52,False,-0.8897022109022181,2.722730414399646,-0.8897022109022181,104,False,-0.8897022109022181,2.722730414399646,-0.8897022109022181,105,False,False,True,True,,,,,,,train
shadow,f3dc6d9d-8209-451d-8a77-5d31226e73ee,PHILSEM,2026-09-20 19:43:37.453885+00:00,5.6091222e-05,0.7,0.6216,0.6226,1.0,1.0,1.2314,0.054817,0.829688,1.990241,5.72,1.37,4.1226,4.5,10.0,18.0,9.0,27.0,19078.919843332762,46871.0549848004,2.0,2.0,,FLAT,FLAT,ACCELERATING,,WATCH,rolling_window_v1,0.021879466273706738,0.09224721472461428,-0.28683343714636855,9,False,-0.9595459517712058,0.09224721472461428,-0.9595459517712058,26,False,-0.9593023664201861,0.09224721472461428,-0.9597264078147557,52,False,-0.9597899471685605,0.09224721472461428,-0.9598491721217983,104,False,-0.9597899471685605,0.09224721472461428,-0.9598491721217983,104,False,False,True,True,,,,,,,train
shadow,9b4c79e9-c8c1-4662-b1d6-a85718a014ae,Stamp,2026-09-20 19:47:38.938066+00:00,0.000127713989,0.5639,0.5304,0.5198,1.0,0.2908,1.0378,0.006054,0.447846,0.445503,4.17,1.4,4.0198,4.5,3.945503,102.0,69.0,171.0,58283.53426516407,436892.7390903155,1.4783,1.4782608695652173,,FLAT,FLAT,FLAT,,DISCARD,rolling_window_v1,-0.2239090269116879,0.5242754182550824,-0.27183004987809134,9,False,-0.9842298794691943,0.5242754182550824,-0.9842298794691943,26,False,-0.9842560003352491,0.5242754182550824,-0.9842560003352491,52,False,-0.9842122619785997,0.5242754182550824,-0.9842560003352491,103,False,-0.9842122619785997,0.5242754182550824,-0.9842560003352491,103,False,False,True,True,,,,,,,train
shadow,587ad798-3b44-4cbe-a258-21dad6a2618a,fomopay,2026-09-20 19:52:54.922498+00:00,0.000568377223,0.5158,0.5128,0.5162,1.0236,1.0238,1.063,0.003714,0.006578,0.016405,4.56,1.66,4.0162,4.5,5.516405,206.0,186.0,392.0,64146.620280315474,528265.5518804799,1.1075,1.10752688172043,,FLAT,FLAT,SPIKE,,DISCARD,rolling_window_v1,-0.7872114907039475,0.16770165682730043,-0.8355588995866571,9,False,-0.9963790121829003,0.16770165682730043,-0.9964744171319476,27,False,-0.9963866374004927,0.16770165682730043,-0.9964744171319476,52,False,-0.9963851595087582,0.16770165682730043,-0.9964744171319476,103,False,-0.9963851595087582,0.16770165682730043,-0.9964744171319476,103,False,False,True,True,,,,,,,train
shadow,6743e208-4ff1-409c-a436-e163946b537d,GFM,2026-09-20 20:07:58.609762+00:00,8.706344e-06,0.5119,0.4793,0.4678,14.1774,6.7534,2.1298,1.599645,5.152168,10.060782,4.79,1.72,3.9678,2.0,10.0,126.0,102.0,228.0,21839.632011476107,61220.680050481875,1.2353,1.2352941176470589,,FLAT,DECELERATING,ACCELERATING,,DISCARD,rolling_window_v1,2.2832132523134856,2.2832132523134856,0.0,9,False,-0.5094962937370726,2.2832132523134856,-0.537997005402038,26,False,-0.574584234208986,2.2832132523134856,-0.574584234208986,52,False,-0.6418242835339381,2.2832132523134856,-0.6421633466355108,102,False,-0.6418242835339381,2.2832132523134856,-0.6421633466355108,102,False,False,False,False,,,,,,,train
shadow,086d59e0-b48f-4817-bb7b-1431f1715b7b,JEV,2026-09-20 20:10:54.271359+00:00,0.000535653559,0.535,0.5186,0.5118,1.0,1.0179,1.0184,0.002314,0.002538,0.002759,4.06,1.65,4.0118,4.5,3.502759,38.0,18.0,56.0,63494.68832124374,518437.6144574629,2.1111,2.111111111111111,,FLAT,FLAT,FLAT,,DISCARD,rolling_window_v1,0.29934948495320257,0.29934948495320257,0.0,9,False,-0.9963209317535777,0.40291754693633974,-0.9963264073076008,26,False,-0.9963176460477882,0.40291754693633974,-0.9963264073076008,52,False,-0.9963363913726931,0.40291754693633974,-0.9963433622962262,102,False,-0.9963363913726931,0.40291754693633974,-0.9963433622962262,102,False,False,True,True,,,,,,,train
shadow,e7f44b7c-cc46-49e3-8cb4-98fcc62725be,uoaoa,2026-09-20 20:15:34.446366+00:00,7.7555555e-05,0.6534,0.5733,0.5709,1.1415,1.1228,1.334,1.482855,2.651933,4.237112,5.7,1.32,4.0709,4.5,10.0,176.0,97.0,273.0,19337.987669194255,47980.6174626814,1.8144,1.8144329896907216,,FLAT,FLAT,ACCELERATING,,WATCH,rolling_window_v1,1.9514361285919493,1.9514361285919493,-0.16056607421608937,9,False,0.37463886371517807,2.763637485412876,-0.16056607421608937,26,False,-0.962917021224334,2.763637485412876,-0.9644711716652663,52,False,-0.9658886072055057,2.763637485412876,-0.9659792003293639,101,False,-0.9658854868616439,2.763637485412876,-0.9659792003293639,102,False,False,True,True,,,,,,,train
shadow,cbbc784a-682d-4665-8358-58a3df122531,GIVE,2026-09-20 20:20:53.321133+00:00,0.000188035479,0.4358,0.4654,0.4779,4.9932,6.7134,8.0658,2.409144,3.755928,4.955673,7.59,1.63,3.9779,10.0,10.0,276.0,451.0,727.0,22900.607947451434,67236.26200081763,0.612,0.6119733924611973,,FLAT,ACCELERATING,ACCELERATING,,WATCH,rolling_window_v1,-0.6621587461162051,0.34074066415944815,-0.6621587461162051,9,False,-0.9333245615844656,0.34074066415944815,-0.936198907441292,26,False,-0.9148065615851144,0.34074066415944815,-0.9445397004040924,52,False,-0.9619537013012316,0.34074066415944815,-0.9652726228330559,101,False,-0.9608005093549393,0.34074066415944815,-0.9652726228330559,103,False,False,True,True,,,,,,,train
shadow,ce8b553c-aaa7-45ba-8d00-63ef49edc36b,ONKEY,2026-09-20 20:23:48.599628+00:00,1.0047791e-05,0.487,0.5053,0.495,1.0,0.9974,0.1286,3.181118,7.473518,17.479112,4.49,1.56,3.995,1.1286,10.0,177.0,195.0,372.0,22658.263684509446,65797.736127575,0.9077,0.9076923076923077,,FLAT,DECELERATING,ACCELERATING,,DISCARD,rolling_window_v1,0.2228416176252075,0.9286685998942454,-0.4424274947597935,9,False,-0.18456783187468762,1.9464173767149417,-0.4424274947597935,26,False,-0.49743650121703364,1.9464173767149417,-0.49743650121703364,52,False,-0.5734901333039272,1.9464173767149417,-0.5734901333039272,101,False,-0.5734901333039272,1.9464173767149417,-0.5734901333039272,101,False,False,False,False,,,,,,,train
shadow,2bd2f07c-4052-44da-98d7-058c083dc761,FLORK,2026-09-20 20:25:00.663256+00:00,5.580649e-06,0.3541,0.3589,0.3657,0.3038,1.3035,0.8305,5.87422,5.908446,7.055112,4.69,1.76,3.8657,1.8305,10.0,170.0,283.0,453.0,12327.024283218467,19562.35808764526,0.6007,0.6007067137809188,,FLAT,DECELERATING,ACCELERATING,,DISCARD,rolling_window_v1,0.11530881085694511,0.11530881085694511,-0.0629964364359773,9,False,-0.16572266057227403,0.11530881085694511,-0.16572266057227403,26,False,-0.2010914859544114,0.11530881085694511,-0.2010914859544114,52,False,-0.2041439983055734,0.11530881085694511,-0.20766742362761037,101,False,-0.2041439983055734,0.11530881085694511,-0.20766742362761037,101,False,False,False,False,,,,,,,train
shadow,9644f6ae-dac4-45a5-b959-0de5e732d4d2,JEANPILL,2026-09-20 20:29:06.133949+00:00,0.000181349415,0.5309,0.5199,0.5187,1.0262,1.0183,0.3817,0.005234,0.332214,0.3383,4.43,1.82,4.0187,1.3817,9.3383,94.0,69.0,163.0,60186.8277219844,466320.2741159876,1.3623,1.3623188405797102,,FLAT,DECELERATING,ACCELERATING,,DISCARD,rolling_window_v1,0.45319603595081914,0.45319603595081914,-0.05402288173910008,9,False,-0.9889101544661724,0.7365672836606616,-0.9890177368369234,26,False,-0.98892078587626,0.7365672836606616,-0.9890177368369234,51,False,-0.988961916419747,0.7365672836606616,-0.9890177368369234,100,False,-0.988961916419747,0.7365672836606616,-0.9890177368369234,100,False,False,True,True,,,,,,,train
shadow,4ee45db9-4bcc-4259-9b9a-e6c9208cd0e6,Pigeon,2026-09-20 20:29:40.913501+00:00,0.000557209944,0.5197,0.5134,0.5162,1.0192,1.0197,1.024,0.002069,0.00227,0.010387,4.56,1.42,4.0162,4.5,5.510387,185.0,167.0,352.0,64599.64581337926,536753.1387612522,1.1078,1.1077844311377245,,FLAT,FLAT,SPIKE,,DISCARD,rolling_window_v1,0.321316722588856,0.321316722588856,0.0,9,False,-0.5657143889736469,0.6207096350742798,-0.6448637212404091,26,False,-0.9964655171337,0.6207096350742798,-0.9964669923406823,51,False,-0.9964709782709836,0.6207096350742798,-0.9964867586785207,100,False,-0.9964709782709836,0.6207096350742798,-0.9964867586785207,100,False,False,True,True,,,,,,,train
shadow,ea31f51e-ea23-4dff-b8dc-3f2e07221bfb,TablePhil,2026-09-20 20:32:01.060339+00:00,3.22894e-05,0.6667,0.6944,0.6754,0.9167,1.2011,0.78,0.160346,0.228109,1.420496,4.79,1.76,4.1754,1.78,10.0,25.0,12.0,37.0,19118.89456886796,46871.71673679886,2.0833,2.0833333333333335,,FLAT,DECELERATING,ACCELERATING,,DISCARD,rolling_window_v1,0.613697064671378,1.0260198702979926,0.0,9,False,-0.9319433622179415,1.0260198702979926,-0.9319825391614586,26,False,-0.9322444517395801,1.0260198702979926,-0.9322444517395801,51,False,-0.9324402435474181,1.0260198702979926,-0.9328274294350468,100,False,-0.9324402435474181,1.0260198702979926,-0.9328274294350468,100,False,False,True,True,,,,,,,train
shadow,c2b9f427-41b9-4a65-b05c-48ac715150ef,CASINO,2026-09-20 20:32:35.785818+00:00,1.8694017e-05,0.5166,0.5078,0.5006,2.1813,4.684,0.7869,1.221832,4.927467,6.244737,4.73,1.34,4.0006,1.7869,10.0,95.0,66.0,161.0,22159.538048450755,63170.466280382585,1.4394,1.4393939393939394,,FLAT,DECELERATING,ACCELERATING,,DISCARD,rolling_window_v1,-0.7892718830843044,0.17655830739856504,-0.7892718830843044,9,False,-0.8038442994889755,0.17655830739856504,-0.8040438820613034,26,False,-0.814967430488589,0.17655830739856504,-0.814967430488589,51,False,-0.8227108705421633,0.17655830739856504,-0.8235272279895756,100,False,-0.8227108705421633,0.17655830739856504,-0.8235272279895756,100,False,False,True,True,,,,,,,train
shadow,cca97c11-f1b3-4e30-8ba3-55846a74e56f,Launchpad,2026-09-20 20:35:31.029654+00:00,5.830323e-05,0.5161,0.4934,0.5115,2.3125,1.5824,3.6881,2.210103,3.526527,3.355689,4.9,1.26,4.0115,8.0,2.0,456.0,423.0,879.0,22141.301163826487,62611.96652142025,1.078,1.0780141843971631,,FLAT,EMERGING,DECELERATING,,DISCARD,rolling_window_v1,-0.8187238511485556,0.0,-0.8187238511485556,9,False,-0.8788121344220552,0.0,-0.9047889628070349,26,False,-0.9280758201561046,0.0,-0.9280758201561046,51,False,-0.9507323693730176,0.0,-0.9507323693730176,100,False,-0.9507323693730176,0.0,-0.9507323693730176,100,False,False,True,True,,,,,,,train
shadow,6de09f93-2a7d-4251-9b85-e949c72b0d8a,STC,2026-09-20 20:39:01.380903+00:00,4.5141962e-05,0.5496,0.5238,0.5222,1.3426,0.7352,0.8384,3.671202,4.95974,5.402967,5.63,1.77,4.0222,4.3384,10.0,598.0,474.0,1072.0,22281.65859549991,47096.93636633466,1.2616,1.261603375527426,,FLAT,FLAT,ACCELERATING,,WATCH,rolling_window_v1,-0.6366624029323316,0.28274818892453113,-0.8626336622231883,9,False,-0.64992538427993,0.28274818892453113,-0.8626336622231883,26,False,-0.8984265460149916,0.28274818892453113,-0.8984265460149916,50,False,-0.9134256947006424,0.28274818892453113,-0.9134256947006424,99,False,-0.9134161027382903,0.28274818892453113,-0.9134256947006424,100,False,False,True,True,,,,,,,train
shadow,c81b90fa-64fe-4f20-9e63-74bbc8a769b8,1M,2026-09-20 20:39:36.883848+00:00,2.0609953e-05,0.5115,0.5406,0.5421,1.1085,0.592,0.76,1.307238,3.351441,4.755892,5.61,1.36,4.0421,4.26,10.0,194.0,194.0,388.0,13932.605292743763,25023.861943912852,1.0,1.0,,FLAT,FLAT,ACCELERATING,,WATCH,rolling_window_v1,-0.2408345618255412,0.0,-0.39148211546139866,9,False,-0.742256277828484,0.0,-0.742256277828484,26,False,-0.8528799168052446,0.0,-0.8634916828776853,50,False,-0.8591391741650259,0.0,-0.8634916828776853,99,False,-0.8591418912988302,0.0,-0.8634916828776853,100,False,False,True,True,,,,,,,train
shadow,6403ef15-169e-47af-8ecf-34cffe362926,FUNDED,2026-09-20 20:41:56.333177+00:00,1.3651053e-05,0.4719,0.4588,0.4779,1.0,0.5215,0.5302,1.394136,2.546072,3.269355,5.5,1.69,3.9779,4.0302,10.0,55.0,63.0,118.0,13587.45692267537,23768.45852909993,0.873,0.873015873015873,,FLAT,FLAT,ACCELERATING,,WATCH,rolling_window_v1,1.0573053228934062,1.0573053228934062,0.0,9,False,16.016455067605406,16.016455067605406,0.0,26,False,3.7770865002135734,17.17158463892859,0.0,50,False,-0.05408300736946814,17.17158463892859,-0.28414145048004713,99,False,-0.06555274527173838,17.17158463892859,-0.28414145048004713,100,False,False,False,False,,,,,,,train
shadow,80a399fe-a19a-4b15-9abe-8364b66db41c,SoLLM,2026-09-20 20:43:40.360667+00:00,3.2625937e-05,0.5142,0.513,0.5184,0.9642,0.9771,0.9821,1.327706,1.815433,1.92515,5.68,1.42,4.0184,4.4821,10.0,222.0,178.0,400.0,18058.758398664802,41982.38555482931,1.2472,1.247191011235955,,FLAT,FLAT,ACCELERATING,,WATCH,rolling_window_v1,-0.0335871119962009,0.6261671197366685,-0.0335871119962009,9,False,-0.4549723123660785,0.6261671197366685,-0.4549723123660785,26,False,-0.4302293908064617,0.6261671197366685,-0.5830114856164896,50,False,-0.9190584779220288,0.6261671197366685,-0.9190614510167172,99,False,-0.9205089803244578,0.6261671197366685,-0.9205089803244578,102,False,False,True,True,,,,,,,train
shadow,6a9d09de-0db3-4661-957d-9aadc90c7b21,FLY4003488,2026-09-20 20:53:05.753314+00:00,0.000757492946,0.5189,0.5109,0.5135,1.0172,0.9416,1.0275,0.020633,0.020689,0.026856,4.06,1.84,4.0135,4.5,3.526856,96.0,82.0,178.0,77683.16820302274,776710.7582266828,1.1707,1.170731707317073,,FLAT,FLAT,FLAT,,DISCARD,rolling_window_v1,0.26660810647337696,0.26660810647337696,0.0,9,False,-0.5571625098671216,0.4735225111918071,-0.6474519011560538,25,False,-0.8371476082366053,0.4735225111918071,-0.852312239221829,49,False,-0.9973966226214864,0.4735225111918071,-0.9974096379242058,98,False,-0.9973966226214864,0.4735225111918071,-0.9974096379242058,98,False,False,True,True,,,,,,,train
shadow,30714c1c-794a-4345-a6e9-30b3a148894e,imagine,2026-09-20 20:53:06.119546+00:00,1.0745623e-05,0.5871,0.5719,0.5601,0.5333,0.354,0.8505,9.567445,12.941526,14.374244,6.87,1.83,4.0601,7.8505,10.0,907.0,605.0,1512.0,16271.38074612543,33871.62548996697,1.4992,1.4991735537190083,,FLAT,EMERGING,ACCELERATING,,WATCH,rolling_window_v1,-0.5692875136229887,0.7566570128134962,-0.5692875136229887,9,False,-0.6817328320563638,0.7566570128134962,-0.6837374622206642,25,False,-0.7169548940996721,0.7566570128134962,-0.7169548940996721,49,False,-0.7312028348658798,0.7566570128134962,-0.7315483709041346,98,False,-0.7313406584243649,0.7566570128134962,-0.7315483709041346,101,False,False,False,False,,,,,,,train
shadow,b06e0e49-f98d-44d6-a090-7747f9b3ad12,PERC,2026-09-20 20:56:47.224829+00:00,1.7336452e-05,0.5036,0.5113,0.4996,1.228,0.8595,0.5683,4.091355,4.851893,6.268488,4.65,1.54,3.9996,1.5683,10.0,466.0,460.0,926.0,14581.236607713592,27380.198224765045,1.013,1.0130434782608695,,FLAT,DECELERATING,ACCELERATING,,DISCARD,rolling_window_v1,-0.4249436966687302,1.3077090975708292,-0.4249436966687302,9,False,-0.851869805886464,1.3077090975708292,-0.851869805886464,25,False,-0.8599619460775481,1.3077090975708292,-0.8600909228716465,49,False,-0.8609769749888847,1.3077090975708292,-0.8612428310014068,98,False,-0.8609769749888847,1.3077090975708292,-0.8612428310014068,98,False,False,True,True,,,,,,,train
shadow,0bdc4c25-423d-4d5e-ba16-ee4639bb22aa,PEPEPHIL,2026-09-20 20:59:51.802328+00:00,3.5432047e-05,0.6355,0.6414,0.6108,0.66,0.7176,1.0009,2.701706,4.291278,6.897421,5.94,1.61,1.6108,8.0,10.0,271.0,141.0,412.0,19965.950604612342,51113.86676455195,1.922,1.9219858156028369,,DECELERATING,EMERGING,ACCELERATING,,WATCH,rolling_window_v1,-0.9283842957196349,0.0,-0.9283842957196349,9,False,-0.9293399560008486,0.0,-0.9294891147553512,25,False,-0.9292277129797214,0.0,-0.9294891147553512,49,False,,,,94,True,-0.9295832668092814,0.0,-0.9297541290798129,94,False,False,True,True,,,,,,,train
shadow,2dc684f6-b26f-442f-9bcf-0f5f8d4db00b,Sanders,2026-09-20 21:01:05.516111+00:00,0.000101240186,0.5592,0.5287,0.5315,1.3217,0.551,7.3322,3.226696,5.644861,4.435283,4.91,1.82,4.0315,8.0,2.0,293.0,205.0,498.0,25593.981235490217,84005.89904840861,1.4293,1.4292682926829268,,FLAT,EMERGING,DECELERATING,,DISCARD,rolling_window_v1,-0.9698460253717827,0.24502015434859037,-0.9698460253717827,9,False,-0.97276148820983,0.24502015434859037,-0.9728313814042183,25,False,-0.973631202139435,0.24502015434859037,-0.9737548882022007,49,False,,,,92,True,-0.9739403382763442,0.24502015434859037,-0.9739460672267038,92,False,False,True,True,,,,,,,train
shadow,1b11e028-64c2-417c-98a2-fa7c6bc3788e,bud,2026-09-20 21:04:10.810461+00:00,4.0893135e-05,0.5935,0.5615,0.567,1.7369,1.0797,3.7155,1.414428,2.044925,3.148081,6.93,1.91,4.067,8.0,10.0,238.0,166.0,404.0,19011.83870301991,46705.16862935798,1.4337,1.4337349397590362,,FLAT,EMERGING,ACCELERATING,,WATCH,rolling_window_v1,-0.12195694949775793,1.9146159373694385,-0.12195694949775793,9,False,-0.9165670472562204,1.9146159373694385,-0.9165670472562204,25,False,-0.933658962561809,1.9146159373694385,-0.933658962561809,49,False,,,,87,True,-0.9406580102014678,1.9146159373694385,-0.9408352771192524,87,False,False,True,True,,,,,,,train
shadow,28ca57c2-189a-4327-ac8d-c962fe13f6c4,TF,2026-09-20 21:06:40.217184+00:00,3.1934372e-05,0.6651,0.5722,0.5585,1.1842,0.4145,2.7917,2.539231,6.008374,4.898175,4.92,1.41,4.0585,8.0,2.0,530.0,268.0,798.0,16421.98385650909,34880.58366254504,1.9776,1.9776119402985075,,FLAT,EMERGING,DECELERATING,,DISCARD,rolling_window_v1,-0.7673899145409843,0.34075453245174203,-0.7673899145409843,9,False,-0.8978391684045016,0.34075453245174203,-0.8978391684045016,25,False,-0.904418442924132,0.34075453245174203,-0.9062088335414894,49,False,,,,83,True,-0.9060445278209949,0.34075453245174203,-0.9062449701531629,83,False,False,True,True,,,,,,,train
shadow,b4f8cc84-8c05-4b9c-ba2a-2eb9475690c8,CROWD,2026-09-20 21:07:52.928962+00:00,1.8304436e-05,0.5018,0.4941,0.504,0.625,0.546,1.4481,1.018263,1.48706,1.426595,4.38,1.63,4.004,6.5,2.0,109.0,89.0,198.0,14884.498236514397,28657.74269963897,1.2247,1.2247191011235956,,FLAT,SPIKE,DECELERATING,,DISCARD,rolling_window_v1,-0.7105821233716243,0.2117595975095874,-0.7345004784632534,9,False,-0.8297112787304672,0.2117595975095874,-0.8297112787304672,25,False,-0.8294714461565491,0.2117595975095874,-0.8300321845480516,49,False,,,,81,True,-0.8328890330190999,0.2117595975095874,-0.8330122272000077,81,False,False,True,True,,,,,,,train
shadow,0c070d2b-063b-4b72-93a9-eca59f150bdf,INU,2026-09-20 21:09:05.715060+00:00,6.5044535e-05,0.6194,0.6035,0.5856,1.657,0.8074,1.2054,4.924135,8.990176,11.122527,5.71,1.84,4.0856,4.5,10.0,248.0,132.0,380.0,23975.657909419715,73969.65467673381,1.8788,1.878787878787879,,FLAT,FLAT,ACCELERATING,,WATCH,rolling_window_v1,2.929964246804132,2.929964246804132,-0.5830522272163219,9,False,2.0321123211965464,3.214366910302303,-0.5830522272163219,25,False,-0.9429546233207755,3.839264451656084,-0.9429546233207755,49,False,,,,79,True,-0.943175933227903,3.839264451656084,-0.9489340956930509,79,False,False,True,True,,,,,,,train
shadow,2aed7e5f-2502-4f43-8ff7-fafc884a109c,Tender,2026-09-20 21:10:55.540766+00:00,4.7942354e-05,0.5291,0.5583,0.5456,11.7735,4.4327,1.9342,6.983274,13.130294,26.458967,4.82,1.67,4.0456,2.0,10.0,1254.0,1134.0,2388.0,29686.254292226487,111312.23602818348,1.1058,1.1058201058201058,,FLAT,DECELERATING,ACCELERATING,,DISCARD,rolling_window_v1,0.2570394645202445,0.7981115195136228,-0.11612569128332739,9,False,-0.9041790688876061,1.3345671970967468,-0.9148624616972292,25,False,-0.925505347526323,1.3345671970967468,-0.9294002125969868,49,False,,,,76,True,-0.932241103555324,1.3345671970967468,-0.9322477365212396,76,False,False,True,True,,,,,,,train
shadow,c6899cf2-0504-4ef5-a67e-ddc07a60a7a7,fomopad,2026-09-20 21:14:02.701273+00:00,8.910978e-06,0.4137,0.4637,0.4782,0.3184,0.2269,0.5789,1.824323,4.007619,3.740566,4.22,1.79,3.9782,6.0789,2.0,63.0,64.0,127.0,19961.43109746933,51790.79918586041,0.9844,0.984375,,FLAT,SPIKE,DECELERATING,,DISCARD,rolling_window_v1,-0.48696764821998206,0.0,-0.5066800748470033,9,False,-0.5128712022406519,0.0,-0.5131491739739453,25,False,-0.517061539148677,0.0,-0.5170792700868525,49,False,,,,71,True,-0.5646024487996716,0.0,-0.5646024487996716,71,False,False,False,False,,,,,,,train
shadow,5dba7df6-554f-43a8-b12d-9e13a4a85c47,minijean,2026-09-20 21:15:52.910795+00:00,7.2498519e-05,0.6667,0.6431,0.6146,1.0839,0.7868,1.2295,2.770562,4.516468,5.701694,4.72,1.63,1.6146,4.5,10.0,289.0,156.0,445.0,25169.201159150256,81737.6849022036,1.8526,1.8525641025641026,,DECELERATING,FLAT,ACCELERATING,,DISCARD,rolling_window_v1,-0.002813036773895883,0.0800482558823028,-0.2555399924790187,9,False,1.4845318426435719,1.4941088796586315,-0.42454377585285563,25,False,-0.9662889389506012,1.4941088796586315,-0.9663020426665543,49,False,,,,68,True,-0.966267766104298,1.4941088796586315,-0.9663020426665543,68,False,False,True,True,,,,,,,train
shadow,245d2d46-d000-4b6d-8162-6c9cb493519f,Simple,2026-09-20 21:20:10.057453+00:00,2.6998725e-05,0.5297,0.5671,0.5601,1.3481,1.3152,0.9796,1.571194,2.05231,2.420976,4.82,1.89,4.0601,1.9796,10.0,89.0,74.0,163.0,18914.3064368967,46266.14726544627,1.2027,1.2027027027027026,,FLAT,DECELERATING,ACCELERATING,,DISCARD,rolling_window_v1,-0.4613195623126648,0.0,-0.505601208945978,9,False,-0.7030210871068912,0.0,-0.7030210871068912,25,False,-0.8534511537118883,0.0,-0.8541041845494556,49,False,,,,61,True,-0.8656970653243811,0.0,-0.8656970653243811,61,False,False,True,True,,,,,,,train
shadow,90e5d62c-7daf-41a2-8737-95dc270f3ca1,Doge,2026-09-20 21:22:01.033566+00:00,1.5355704e-05,0.5371,0.5345,0.5241,1.1258,0.4519,0.5292,6.575855,7.786352,8.563059,5.52,1.76,4.0241,4.0292,10.0,242.0,213.0,455.0,16026.058995923486,33153.48549539409,1.1362,1.136150234741784,,FLAT,FLAT,ACCELERATING,,WATCH,rolling_window_v1,-0.735971792631585,0.0,-0.735971792631585,9,False,-0.7598130310404525,0.0,-0.7657953031655208,25,False,-0.7601412478385882,0.0,-0.7657953031655208,49,False,,,,58,True,-0.7600556119081222,0.0,-0.7657953031655208,58,False,False,False,False,,,,,,,train
shadow,4ee81f27-7150-47a4-bb5c-d22d75719d23,worldwar,2026-09-20 21:22:01.208318+00:00,3.2837116e-05,0.5677,0.5761,0.5629,1.0314,1.2177,1.2444,0.872724,1.151932,1.190787,5.7,1.76,4.0629,4.5,10.0,145.0,115.0,260.0,16130.84011968963,33625.639874208646,1.2609,1.2608695652173914,,FLAT,FLAT,ACCELERATING,,WATCH,rolling_window_v1,0.9345676094088164,0.9345676094088164,0.0,9,False,0.8808640503021032,1.6685303301300878,0.0,25,False,0.19071522602654878,1.6685303301300878,0.0,49,False,,,,58,True,0.05836940734990259,1.6685303301300878,0.0,58,False,False,False,False,,,,,,,train
shadow,a1a26b8d-396a-40b4-9f1c-09eaa1b1aa79,DOGE,2026-09-20 21:22:01.461997+00:00,0.000186886742,0.516,0.5236,0.5284,3.6597,0.818,0.8545,17.750542,26.423522,29.156725,5.64,1.77,4.0284,4.3545,10.0,1558.0,1531.0,3089.0,42492.4142615341,223861.6092138262,1.0176,1.0176355323318094,,FLAT,FLAT,ACCELERATING,,WATCH,rolling_window_v1,-0.5763057392268094,0.0,-0.658009073752273,9,False,-0.7155594482994412,0.0,-0.7155594482994412,25,False,-0.8216707635686645,0.0,-0.899350350920024,49,False,,,,58,True,-0.856547951379023,0.0,-0.899350350920024,58,False,False,True,True,,,,,,,train
shadow,6d4f38ae-b76c-4ae8-8a51-af54fce9798b,ZEBRA,2026-09-20 21:23:50.280589+00:00,4.2922905e-05,0.48,0.4862,0.488,0.6352,1.3256,1.2473,5.163916,4.871996,6.106029,5.17,1.58,3.988,4.5,8.0,537.0,611.0,1148.0,14360.341469909188,26472.507480904307,0.8789,0.8788870703764321,,FLAT,FLAT,EMERGING,,WATCH,rolling_window_v1,2.472238120882079,2.472238120882079,0.0,9,False,2.654029963722166,4.836736516319201,0.0,25,False,3.0561829400875826,5.054483427904053,0.0,49,False,,,,55,True,2.9338167582087,5.054483427904053,0.0,55,False,False,False,False,,,,,,,train
shadow,63a310b0-06ad-4102-b139-4c86bcb4bcae,Aiden,2026-09-20 21:25:05.493618+00:00,0.000526866771,0.5512,0.546,0.5403,1.0221,1.014,1.0212,0.004298,0.00451,0.006441,4.07,1.84,4.0403,4.5,3.506441,232.0,178.0,410.0,62770.31684690118,509829.33977269183,1.3034,1.303370786516854,,FLAT,FLAT,FLAT,,DISCARD,rolling_window_v1,-0.6841657489915984,0.0,-0.7594226909405908,9,False,-0.6226060193118537,0.0,-0.793634886493914,25,False,-0.9962040802151859,0.0,-0.9962126098857732,49,False,,,,53,True,-0.9962033874404275,0.0,-0.9962126098857732,53,False,False,True,True,,,,,,,train
shadow,bb564438-a452-4c99-a3c9-33f7b833cf3b,ZCAT,2026-09-20 21:28:09.236545+00:00,1.8941617e-05,0.3663,0.3529,0.371,8.2754,7.7098,4.5844,1.473916,2.950807,4.686939,4.75,1.89,3.871,2.0,10.0,28.0,63.0,91.0,16400.909313649983,34827.32950979299,0.4444,0.4444444444444444,,FLAT,DECELERATING,ACCELERATING,,DISCARD,rolling_window_v1,-0.21035405794552808,0.19215117695601158,-0.3267404783868242,9,False,-0.1963885131876546,0.19215117695601158,-0.3830297592861265,25,False,,,,48,True,,,,48,True,-0.3327476212828082,0.19215117695601158,-0.3830297592861265,48,False,False,False,False,,,,,,,train
shadow,169d7360-25f9-41b2-aec3-b764b599af2b,StonkBankr,2026-09-20 21:30:02.116805+00:00,9.663068e-06,0.4819,0.4888,0.485,1.3838,1.3463,0.5819,2.756544,5.232443,7.584996,4.65,1.78,3.985,1.5819,10.0,128.0,127.0,255.0,17335.180697475284,38439.20406309579,1.0079,1.0078740157480315,,FLAT,DECELERATING,ACCELERATING,,DISCARD,rolling_window_v1,0.19111963198437598,0.3991411423369886,0.0,9,False,-0.5154075289545722,0.3991411423369886,-0.5154075289545722,25,False,,,,45,True,,,,45,True,-0.6004362175656841,0.3991411423369886,-0.6004362175656841,45,False,False,False,False,,,,,,,train
shadow,10d822d5-cc25-45c3-80d3-a522035103ec,fomo,2026-09-20 21:30:03.058568+00:00,9.9869203e-05,0.6074,0.6004,0.601,1.3107,1.6516,1.8213,3.987366,4.798574,4.810806,7.64,1.79,4.101,10.0,10.0,257.0,154.0,411.0,19648.85110371041,49709.780501542315,1.6688,1.6688311688311688,,FLAT,ACCELERATING,ACCELERATING,,WATCH,rolling_window_v1,1.0785890821617952,1.5512210305713565,-0.06087559344996485,9,False,-0.9755361019552744,2.0476098322322644,-0.9755361019552744,25,False,,,,45,True,,,,45,True,-0.9770852882444652,2.0476098322322644,-0.9770852882444652,45,False,False,True,True,,,,,,,train
shadow,5031f61f-9ab3-4d6b-8cd2-a5e1ed725c5a,SUSHINU,2026-09-20 21:36:11.603543+00:00,7.1288272e-05,0.6362,0.6075,0.6094,1.1409,1.1393,1.1307,1.118649,1.689962,2.327479,5.72,1.91,4.1094,4.5,10.0,112.0,60.0,172.0,19615.087325919678,49637.942435123834,1.8667,1.8666666666666667,,FLAT,FLAT,ACCELERATING,,WATCH,rolling_window_v1,-0.5499639828554127,0.33310045725333337,-0.5616619098299928,9,False,-0.9675884835586981,0.33310045725333337,-0.9676513550503791,25,False,,,,35,True,,,,35,True,-0.9675817924160092,0.33310045725333337,-0.9676513550503791,35,False,False,True,True,,,,,,,train
shadow,3847300b-1c00-47b5-8721-62d9843bf1d1,OpenAI,2026-09-20 21:36:48.708271+00:00,0.000442045688,0.5311,0.5155,0.5124,1.0,1.0183,1.0239,0.003191,0.003448,0.006392,4.06,1.55,4.0124,4.5,3.506392,69.0,56.0,125.0,57561.89610160793,427676.4615701013,1.2321,1.2321428571428572,,FLAT,FLAT,FLAT,,DISCARD,rolling_window_v1,-0.8194514160717251,0.052188015008982624,-0.831541915187735,9,False,-0.9954614012658347,0.052188015008982624,-0.9954736058866386,25,False,,,,34,True,,,,34,True,-0.995483521151325,0.052188015008982624,-0.9954835279379538,34,False,False,True,True,,,,,,,train
shadow,56e9aed9-7368-4e33-8dd0-aeb8b36fcd9c,ZEAL,2026-09-20 21:39:53.191062+00:00,2.9906572e-05,0.608,0.5879,0.5863,5.1476,8.3909,5.6376,2.34626,2.561966,3.673069,4.83,1.63,4.0863,2.0,10.0,154.0,100.0,254.0,14663.46086147027,27748.043178334585,1.54,1.54,,FLAT,DECELERATING,ACCELERATING,,DISCARD,rolling_window_v1,-0.521081720766927,0.09323271821324086,-0.521081720766927,9,False,-0.7275032056499153,0.09323271821324086,-0.8271518046267556,25,False,,,,29,True,,,,29,True,-0.7253930674501912,0.09323271821324086,-0.8271518046267556,29,False,False,True,True,,,,,,,train
shadow,ac96e6bc-6dfc-4a91-84e4-0d83f03d5f2d,IKUN,2026-09-20 21:52:13.154443+00:00,0.000527314673,0.6013,0.5902,0.6148,1.0205,1.0173,1.0241,0.002513,0.002926,0.003161,4.1,1.97,4.1148,4.5,3.503161,48.0,22.0,70.0,62475.480770513524,504937.60878292273,2.1818,2.1818181818181817,,FLAT,FLAT,FLAT,,DISCARD,rolling_window_v1,,,,9,True,,,,9,True,,,,9,True,,,,9,True,-0.7490106784872266,0.2508599983524449,-0.7919650967118073,9,False,False,False,False,,,,,,,train
shadow,ba215e0a-2bdc-45e8-9cc0-cb8e7a41806c,GATSBY,2026-09-20 21:52:49.309004+00:00,2.6069454e-05,0.5446,0.5581,0.548,3.9917,0.5678,0.7671,4.684902,8.588213,13.218499,5.61,1.57,4.048,4.2671,10.0,309.0,234.0,543.0,25572.29603779564,84162.63151651488,1.3205,1.3205128205128205,,FLAT,FLAT,ACCELERATING,,WATCH,rolling_window_v1,,,,8,True,,,,8,True,,,,8,True,,,,8,True,-0.47656268520238276,0.052546670137395335,-0.6414245192860579,8,False,False,False,False,,,,,,,train
shadow,538a2949-e927-44f2-8c1b-9106babdf4a6,NTDA,2026-09-20 21:57:07.524478+00:00,0.003459414219,0.6017,0.5542,0.5353,1.0088,1.007,1.0253,0.00137,0.00263,0.008403,4.57,1.87,4.0353,4.5,5.508403,44.0,24.0,68.0,161075.0896541442,3351251.948177495,1.8333,1.8333333333333333,,FLAT,FLAT,SPIKE,,DISCARD,rolling_window_v1,,,,1,True,,,,1,True,,,,1,True,,,,1,True,0.0,0.0,0.0,1,True,False,False,False,,,,,,,train
shadow,3e0e6d64-d9c0-48c4-aec8-1881eecd2af7,beekini,2026-09-21 10:05:23.646496+00:00,3.7792107e-05,0.6108,0.609,0.6082,1.7711,0.5237,0.312,16.481815,29.458118,44.714579,4.6,2.92,4.1082,1.312,10.0,6456.0,4150.0,10606.0,44374.412513943505,215931.9930938257,1.5557,1.5556626506024096,,FLAT,DECELERATING,ACCELERATING,,DISCARD,rolling_window_v1,-0.3808461115967945,0.6356998301259045,-0.5116570769658331,6,False,-0.9155358286850743,0.6356998301259045,-0.9180384412014921,16,False,-0.9159238197542148,0.6356998301259045,-0.9180384412014921,18,False,-0.9159238197542148,0.6356998301259045,-0.9180384412014921,18,False,-0.9159238197542148,0.6356998301259045,-0.9180384412014921,18,False,False,True,True,,,,,,,train
shadow,d87e7b74-dfa3-4167-9e32-f89675841a8c,POPEYE,2026-09-21 10:05:24.051282+00:00,0.00021695618,0.6429,0.6429,0.6429,1.0271,1.0005,0.9997,0.222088,0.22236,0.222488,4.16,2.93,4.1429,4.4997,3.722488,18.0,10.0,28.0,42169.26148073928,215430.32764741793,1.8,1.8,,FLAT,FLAT,FLAT,,DISCARD,rolling_window_v1,0.0005176667472666097,0.0005176667472666097,-0.001069497075400161,6,False,0.0006720066697341043,0.0006720066697341043,-0.001069497075400161,16,False,-0.0008049920495465379,0.0006720066697341043,-0.001069497075400161,18,False,-0.0008049920495465379,0.0006720066697341043,-0.001069497075400161,18,False,-0.0008049920495465379,0.0006720066697341043,-0.001069497075400161,18,False,False,False,False,,,,,,,train
shadow,c1989178-af44-4d90-949b-afe96c81b886,Spider-Man,2026-09-21 10:05:24.795866+00:00,0.000867056688,0.5515,0.5521,0.5521,1.3831,1.3632,1.303,0.139902,0.159595,0.175801,5.49,2.94,4.0521,4.5,9.175801,2287.0,1860.0,4147.0,78101.60308498584,743381.136398738,1.2296,1.2295698924731182,,FLAT,FLAT,ACCELERATING,,WATCH,rolling_window_v1,-0.9976103154168854,0.07908659485479919,-0.9976123302793785,6,False,-0.9976133982602993,0.07908659485479919,-0.9976138503645335,16,False,-0.9976133982602993,0.07908659485479919,-0.9976138503645335,20,False,-0.9976133982602993,0.07908659485479919,-0.9976138503645335,20,False,-0.9976133982602993,0.07908659485479919,-0.9976138503645335,20,False,False,True,True,,,,,,,train
shadow,f48990f3-29a1-489f-88bf-bf462a552551,patryczek,2026-09-21 10:11:25.869772+00:00,6.2757239e-05,0.54,0.5152,0.5152,2.4373,1.221,1.7325,2.301599,2.960266,3.341761,5.68,3.1,4.0152,4.5,10.0,295.0,232.0,527.0,20812.663926386034,53054.95215063227,1.2716,1.271551724137931,,FLAT,FLAT,ACCELERATING,,WATCH,rolling_window_v1,-0.4686128878295618,0.0863454015241174,-0.6005170495151961,6,False,-0.3636812320567513,0.0863454015241174,-0.6005170495151961,16,False,-0.6656221603375508,0.0863454015241174,-0.6656221603375508,21,False,-0.6656221603375508,0.0863454015241174,-0.6656221603375508,21,False,-0.6656221603375508,0.0863454015241174,-0.6656221603375508,21,False,False,False,False,,,,,,,train
shadow,b0c28650-9f83-41f8-a23a-f8e139aaaa85,GreenGuy,2026-09-21 10:14:28.114951+00:00,0.000102037262,0.5943,0.5458,0.5525,1.7413,3.9567,2.7096,0.494615,0.881246,0.977241,4.82,3.14,4.0525,2.0,9.977241,48.0,30.0,78.0,19221.095517440095,45365.65674928932,1.6,1.6,,FLAT,DECELERATING,ACCELERATING,,DISCARD,rolling_window_v1,-0.05438143763598824,0.12455795805261816,-0.2280448979511034,6,False,0.7685380464246485,1.0792257538231476,-0.2280448979511034,13,False,0.7685380464246485,1.0792257538231476,-0.2280448979511034,13,False,0.7685380464246485,1.0792257538231476,-0.2280448979511034,13,False,0.7685380464246485,1.0792257538231476,-0.2280448979511034,13,False,False,False,False,,,,,,,train
shadow,6c7f46e3-2833-4b40-82fd-5388d45a010a,REK,2026-09-21 10:20:31.441216+00:00,8.5257809e-05,0.5399,0.4984,0.4997,3.558,2.631,2.4736,1.466311,2.159597,2.653408,4.8,3.19,3.9997,2.0,10.0,162.0,122.0,284.0,20799.07764915551,53155.73070748472,1.3279,1.3278688524590163,,FLAT,DECELERATING,ACCELERATING,,DISCARD,rolling_window_v1,0.3946245088235847,0.5948012222551955,-0.08268383955304315,6,False,1.3685812404585724,2.1648024053726274,-0.3416583341943492,16,False,1.3505516661822736,2.1648024053726274,-0.3416583341943492,20,False,1.3505516661822736,2.1648024053726274,-0.3416583341943492,20,False,1.3505516661822736,2.1648024053726274,-0.3416583341943492,20,False,False,False,False,,,,,,,train
shadow,69e5c711-fdb9-43c0-b867-995de3d3c7a3,Pepuh,2026-09-21 10:26:41.999791+00:00,0.00014417193,0.6027,0.562,0.5514,1.1726,1.419,1.2673,3.322103,6.886417,9.202595,4.82,3.36,4.0514,2.0,10.0,123.0,61.0,184.0,22733.91899870937,63306.42628572707,2.0164,2.0163934426229506,,FLAT,DECELERATING,ACCELERATING,,DISCARD,rolling_window_v1,1.6342297144804818,1.6342297144804818,0.0,6,False,-0.9771890062094611,1.6342297144804818,-0.9776922040233491,16,False,-0.9777789060602851,1.6342297144804818,-0.9778312671544315,23,False,-0.9777789060602851,1.6342297144804818,-0.9778312671544315,23,False,-0.9777789060602851,1.6342297144804818,-0.9778312671544315,23,False,False,True,True,,,,,,,train
shadow,321e069f-6774-4b39-909e-cdcf85ee8ad7,TERMINATOR,2026-09-21 10:32:26.080059+00:00,3.3515058e-05,0.5088,0.5269,0.5316,3.8479,2.4188,0.9095,1.348022,3.481969,4.072077,4.78,3.1,4.0316,1.9095,10.0,42.0,46.0,88.0,21568.992278205704,57102.795763528484,0.913,0.9130434782608695,,FLAT,DECELERATING,ACCELERATING,,DISCARD,rolling_window_v1,0.6071363206353395,0.6071363206353395,0.0,6,False,-0.08877179923125889,1.080175126058263,-0.39681106922148246,16,False,-0.6334814936020698,1.080175126058263,-0.6841747968927877,22,False,-0.6334814936020698,1.080175126058263,-0.6841747968927877,22,False,-0.6334814936020698,1.080175126058263,-0.6841747968927877,22,False,False,False,False,,,,,,,train
shadow,e9a61b77-9771-4c74-ba43-7e3604ebe5bd,Stamp,2026-09-21 10:52:59.082085+00:00,9.3950338e-05,0.5375,0.5353,0.5342,0.9882,1.1021,0.1681,0.054927,0.079744,0.991953,4.52,3.22,4.0342,1.1681,9.991953,243.0,200.0,443.0,63580.4334308207,495654.68302604125,1.215,1.215,,FLAT,DECELERATING,ACCELERATING,,DISCARD,rolling_window_v1,-0.9775887022354299,0.15188959724657947,-0.9776214216493825,6,False,-0.9775673611733041,0.15188959724657947,-0.9776214216493825,16,False,-0.9775182394766904,0.15188959724657947,-0.9776214216493825,27,False,-0.9775182394766904,0.15188959724657947,-0.9776214216493825,27,False,-0.9775182394766904,0.15188959724657947,-0.9776214216493825,27,False,False,True,True,,,,,,,train
shadow,52190c2a-fa9f-4f69-beac-14f29ff4894d,TRUMPGRILL,2026-09-21 10:55:04.432083+00:00,1.1411528e-05,0.6118,0.5927,0.5796,0.2458,0.9826,0.955,4.750924,4.856791,5.149341,5.69,3.32,4.0796,4.455,10.0,252.0,109.0,361.0,18813.36121745138,43313.98584256467,2.3119,2.311926605504587,,FLAT,FLAT,ACCELERATING,,WATCH,rolling_window_v1,-0.7457716442530746,0.1352867906909574,-0.7460396188836411,6,False,-0.7465750423606725,0.1352867906909574,-0.746908477111917,16,False,-0.7510086291686793,0.1352867906909574,-0.7511861689337309,27,False,-0.7510086291686793,0.1352867906909574,-0.7511861689337309,27,False,-0.7510086291686793,0.1352867906909574,-0.7511861689337309,27,False,False,False,False,,,,,,,train
shadow,6720cbc6-8ccd-4c2b-bed2-fdd0c9465253,Iron Man,2026-09-21 11:00:50.835858+00:00,0.000710142751,0.5612,0.5472,0.5506,1.0216,1.0285,1.0834,0.002539,0.006418,0.028266,4.58,3.09,4.0506,4.5,5.528266,47.0,23.0,70.0,71310.92055119626,622570.2307632571,2.0435,2.0434782608695654,,FLAT,FLAT,SPIKE,,DISCARD,rolling_window_v1,-0.79842421006421,0.1713464410199972,-0.8377222103052911,6,False,-0.997071930964483,0.1713464410199972,-0.9970791520478395,16,False,-0.997071930964483,0.1713464410199972,-0.9970791520478395,27,False,-0.997071930964483,0.1713464410199972,-0.9970791520478395,27,False,-0.997071930964483,0.1713464410199972,-0.9970791520478395,27,False,False,True,True,,,,,,,train
shadow,87c8c817-e433-4014-88f0-63ded51dd6f9,REK,2026-09-21 11:07:06.233836+00:00,0.000593401104,0.5343,0.5325,0.5313,1.0679,1.0683,1.0579,0.031679,0.048742,0.066163,5.45,3.35,4.0313,4.5,9.066163,184.0,154.0,338.0,63110.972837168476,487192.56316175975,1.1948,1.1948051948051948,,FLAT,FLAT,ACCELERATING,,WATCH,rolling_window_v1,-0.9959168107648145,0.06705582907038199,-0.9959168107648145,6,False,-0.9963185373514236,0.06705582907038199,-0.9963185373514236,16,False,-0.9963155629720567,0.06705582907038199,-0.9963185373514236,27,False,-0.9963155629720567,0.06705582907038199,-0.9963185373514236,27,False,-0.9963155629720567,0.06705582907038199,-0.9963185373514236,27,False,False,True,True,,,,,,,test
shadow,8e320c14-5218-4e82-8b1b-612ab892c85d,SJEAN,2026-09-21 11:09:11.611192+00:00,1.0116286e-05,0.6417,0.5968,0.5758,1.2093,0.1915,0.9832,2.495881,10.910402,11.039209,4.7,3.44,1.5758,4.4832,10.0,114.0,50.0,164.0,20134.792978239297,49567.970150913396,2.28,2.28,,DECELERATING,FLAT,ACCELERATING,,DISCARD,rolling_window_v1,-0.7010148783852097,0.00416793277691041,-0.7010148783852097,6,False,-0.7083310021088767,0.00416793277691041,-0.7089098706778357,16,False,-0.709555463339016,0.00416793277691041,-0.7099689550097734,27,False,-0.709555463339016,0.00416793277691041,-0.7099689550097734,27,False,-0.709555463339016,0.00416793277691041,-0.7099689550097734,27,False,False,False,False,,,,,,,test
shadow,f1e2ea35-744f-41c1-92e7-3b5efc13d60b,JEANRETARD,2026-09-21 11:10:13.947851+00:00,1.1917049e-05,0.5961,0.5844,0.5654,0.2408,1.0211,0.8132,7.673366,7.924837,8.904815,4.76,3.47,4.0654,1.8132,10.0,171.0,93.0,264.0,24821.02984572269,75035.87877446,1.8387,1.8387096774193548,,FLAT,DECELERATING,ACCELERATING,,DISCARD,rolling_window_v1,-0.7683844381272579,0.12079978860538376,-0.7686024451187539,6,False,-0.7707408939914571,0.12079978860538376,-0.7707408939914571,16,False,-0.7710905610944454,0.12079978860538376,-0.7712123194257237,27,False,-0.7710905610944454,0.12079978860538376,-0.7712123194257237,27,False,-0.7710905610944454,0.12079978860538376,-0.7712123194257237,27,False,False,False,False,,,,,,,test
shadow,1809132e-7ad7-4604-a7b0-8e4dec7f7907,Youtube,2026-09-21 11:10:47.037562+00:00,0.00038265776,0.5815,0.7439,0.8226,1.0274,1.0185,1.0237,0.307921,0.304563,0.300892,6.45,3.02,9.8226,4.5,3.800892,113.0,105.0,218.0,53973.850521408895,355661.50024746975,1.0762,1.0761904761904761,,ACCELERATING,FLAT,FLAT,,WATCH,rolling_window_v1,0.07696487587237222,0.07696487587237222,0.0,6,False,0.47374607273089153,0.47374607273089153,0.0,16,False,-0.9945232026654837,0.8331989347347877,-0.9945232026654837,27,False,-0.9945232026654837,0.8331989347347877,-0.9945232026654837,27,False,-0.9945232026654837,0.8331989347347877,-0.9945232026654837,27,False,False,True,True,,,,,,,test
shadow,4a09e9ce-f055-493d-bf73-6b83780e137b,JEANPHIL,2026-09-21 11:18:05.263446+00:00,0.000632799955,0.5647,0.5602,0.5603,1.0227,1.0562,1.0803,0.003389,0.01635,0.04034,5.46,3.32,4.0603,4.5,9.04034,169.0,115.0,284.0,66528.63966911664,539938.0260985608,1.4696,1.4695652173913043,,FLAT,FLAT,ACCELERATING,,WATCH,rolling_window_v1,-0.9967020430650947,0.07848757511368665,-0.9967020430650947,6,False,-0.9967024887035588,0.07848757511368665,-0.9967088635459843,16,False,-0.9966977462885566,0.07848757511368665,-0.9967088635459843,27,False,-0.9966977462885566,0.07848757511368665,-0.9967088635459843,27,False,-0.9966977462885566,0.07848757511368665,-0.9967088635459843,27,False,False,True,True,,,,,,,test
shadow,df17da47-8af5-46c6-8e9a-78caa6b78813,USDF,2026-09-21 11:42:09.283765+00:00,0.00057843087,0.5936,0.5793,0.5751,1.0247,1.0256,1.0222,0.00947,0.015848,0.020876,5.46,3.4,4.0751,4.5,9.020876,263.0,151.0,414.0,66415.85250739788,538042.53397704,1.7417,1.7417218543046358,,FLAT,FLAT,ACCELERATING,,WATCH,rolling_window_v1,0.0587588539318451,0.0587588539318451,0.0,6,False,0.06928643002749846,0.06928643002749846,0.0,16,False,0.08166647641056923,0.08166647641056923,0.0,27,False,0.08166647641056923,0.08166647641056923,0.0,27,False,0.08166647641056923,0.08166647641056923,0.0,27,False,False,False,False,,,,,,,test
shadow,25fff2ac-f6c6-45c9-9d54-b738ea70d309,PENNY,2026-09-21 11:48:58.605521+00:00,6.077673e-06,0.5339,0.5095,0.497,0.2357,0.8593,0.906,5.156952,5.806382,6.448353,5.64,3.22,3.997,4.406,10.0,38.0,26.0,64.0,17346.442582819007,36600.30328527787,1.4615,1.4615384615384615,,FLAT,FLAT,ACCELERATING,,WATCH,rolling_window_v1,-0.08454880675548027,0.04134148053045972,-0.08454880675548027,6,False,-0.18018047367800138,0.04134148053045972,-0.1809509988444591,16,False,-0.1903070467924154,0.04134148053045972,-0.1903070467924154,27,False,-0.1903070467924154,0.04134148053045972,-0.1903070467924154,27,False,-0.1903070467924154,0.04134148053045972,-0.1903070467924154,27,False,False,False,False,,,,,,,test
shadow,d294d148-ac96-4755-adb6-261f25c71523,BMW,2026-09-21 11:55:15.336591+00:00,0.00091556459,0.5659,0.5552,0.5553,1.015,1.0181,1.062,0.002551,0.003017,0.018449,4.58,3.5,4.0553,4.5,5.518449,104.0,68.0,172.0,82640.33535765167,828476.8615284124,1.5294,1.5294117647058822,,FLAT,FLAT,SPIKE,,DISCARD,rolling_window_v1,-0.8392872052860847,0.183354919831489,-0.8559120083488594,6,False,-0.5596080927507255,0.183354919831489,-0.8559120083488594,16,False,-0.997434196313774,0.183354919831489,-0.997434196313774,27,False,-0.997434196313774,0.183354919831489,-0.997434196313774,27,False,-0.997434196313774,0.183354919831489,-0.997434196313774,27,False,False,True,True,,,,,,,test
shadow,ca881e1d-f914-4b43-ac63-7739299e21ca,DUMBCOIN,2026-09-21 11:57:51.877270+00:00,0.000681425386,0.5159,0.5166,0.5209,1.0165,1.0324,1.0618,0.003919,0.01173,0.038624,5.44,3.11,4.0209,4.5,9.038624,52.0,40.0,92.0,70280.05857065332,600584.4603615659,1.3,1.3,,FLAT,FLAT,ACCELERATING,,WATCH,rolling_window_v1,-0.7079758648733407,0.1143103303756281,-0.8600316176069203,6,False,-0.9969283254733337,0.1143103303756281,-0.9969290342816785,16,False,-0.9969270604779025,0.1143103303756281,-0.9969290342816785,27,False,-0.9969270604779025,0.1143103303756281,-0.9969290342816785,27,False,-0.9969270604779025,0.1143103303756281,-0.9969290342816785,27,False,False,True,True,,,,,,,test
shadow,981c2999-c9d7-4dd7-bfc2-4d894be50eae,McDonald's,2026-09-21 12:02:03.790903+00:00,0.000667053056,0.5514,0.5468,0.5493,1.0164,1.0265,1.0808,0.006045,0.011032,0.0332,4.58,3.31,4.0493,4.5,5.5332,118.0,83.0,201.0,69287.00487738324,584649.3007682422,1.4217,1.4216867469879517,,FLAT,FLAT,SPIKE,,DISCARD,rolling_window_v1,0.31953513155031565,0.31953513155031565,0.0,6,False,-0.9968463722921614,0.382729427147696,-0.996868704848569,16,False,-0.9968714347663524,0.382729427147696,-0.9968714347663524,27,False,-0.9968714347663524,0.382729427147696,-0.9968714347663524,27,False,-0.9968714347663524,0.382729427147696,-0.9968714347663524,27,False,False,True,True,,,,,,,test
shadow,1136d3b4-ba76-4a9e-85a4-39116e314da1,degen,2026-09-21 12:17:13.678640+00:00,8.6025798e-05,0.5763,0.5498,0.5392,1.9326,0.7184,1.692,6.203719,9.997483,10.702929,5.69,3.47,4.0392,4.5,10.0,312.0,175.0,487.0,22441.421494008602,60779.55050774084,1.7829,1.782857142857143,,FLAT,FLAT,ACCELERATING,,WATCH,rolling_window_v1,1.50002358594802,1.50002358594802,0.0,6,False,-0.47582954127318877,1.50002358594802,-0.5563722059282729,16,False,-0.9670034563352728,1.50002358594802,-0.9670034563352728,26,False,-0.9670034563352728,1.50002358594802,-0.9670034563352728,26,False,-0.9670034563352728,1.50002358594802,-0.9670034563352728,26,False,False,True,True,,,,,,,test
shadow,7568d5c9-f3de-4f44-9738-87c2f226f65f,POKEMON,2026-09-21 12:22:59.161678+00:00,0.000676968054,0.5607,0.5527,0.5556,1.0211,1.0327,1.0828,0.002455,0.007425,0.03189,4.58,3.22,4.0556,4.5,5.53189,80.0,47.0,127.0,69711.43113287239,590533.4647607093,1.7021,1.702127659574468,,FLAT,FLAT,SPIKE,,DISCARD,rolling_window_v1,0.3261105346043405,0.3261105346043405,0.0,6,False,-0.9968456029979813,0.40106851629958884,-0.9969161779678307,16,False,-0.9968441730929891,0.40106851629958884,-0.9969161779678307,27,False,-0.9968441730929891,0.40106851629958884,-0.9969161779678307,27,False,-0.9968441730929891,0.40106851629958884,-0.9969161779678307,27,False,False,True,True,,,,,,,test
shadow,26a76b5d-3b02-4f0b-8050-3d0f9c87191d,JEANPHIL,2026-09-21 12:40:13.602488+00:00,0.000618221905,0.539,0.5345,0.5317,1.055,1.0593,1.0624,0.030873,0.049388,0.067026,5.45,3.46,4.0317,4.5,9.067026,116.0,88.0,204.0,64741.80947238383,509326.19016743015,1.3182,1.3181818181818181,,FLAT,FLAT,ACCELERATING,,WATCH,rolling_window_v1,0.25065783296695043,0.25065783296695043,0.0,6,False,-0.4873096982870577,0.3061724479012111,-0.7218293583434252,16,False,-0.9966184116365142,0.3061724479012111,-0.9966270460766026,27,False,-0.9966184116365142,0.3061724479012111,-0.9966270460766026,27,False,-0.9966184116365142,0.3061724479012111,-0.9966270460766026,27,False,False,True,True,,,,,,,test
shadow,ae0237c3-206a-4344-84b1-32e7af138f5b,FAMILY,2026-09-21 12:41:17.457030+00:00,6.3890876e-05,0.4165,0.4549,0.4709,2.0868,2.1471,1.806,1.279266,1.56875,1.984798,4.79,3.52,3.9709,2.0,10.0,236.0,276.0,512.0,18171.692952274585,40188.14069024785,0.8551,0.855072463768116,,FLAT,DECELERATING,ACCELERATING,,DISCARD,rolling_window_v1,-0.31038640008629703,0.0,-0.3457341389402768,6,False,0.5831656620266095,0.5831656620266095,-0.3457341389402768,16,False,0.9341503472264179,0.9341503472264179,-0.3457341389402768,17,False,0.9341503472264179,0.9341503472264179,-0.3457341389402768,17,False,0.9341503472264179,0.9341503472264179,-0.3457341389402768,17,False,False,False,False,,,,,,,test
shadow,c7627d5b-ff09-44f7-a617-97bcccaa05a5,Pigeon,2026-09-21 12:52:16.817980+00:00,0.000669933883,0.5143,0.5189,0.5221,1.0175,1.0586,1.0901,0.003425,0.018415,0.040582,5.44,3.52,4.0221,4.5,9.040582,150.0,127.0,277.0,68252.82207654699,566868.1601596094,1.1811,1.1811023622047243,,FLAT,FLAT,ACCELERATING,,WATCH,rolling_window_v1,-0.6402763838114455,0.0586462350942174,-0.8249747311258177,6,False,-0.8395766138611622,0.0586462350942174,-0.8557107821340035,16,False,-0.9968197563161617,0.0586462350942174,-0.9968400911586673,27,False,-0.9968197563161617,0.0586462350942174,-0.9968400911586673,27,False,-0.9968197563161617,0.0586462350942174,-0.9968400911586673,27,False,False,True,True,,,,,,,test
shadow,2804a9b9-803a-42db-8d2c-aabad1d3426c,OpenAI,2026-09-21 13:04:51.166081+00:00,0.00039004939,0.8282,0.8965,0.9095,1.0167,1.0206,1.0342,0.306752,0.302694,0.298742,4.29,3.09,4.4095,4.5,3.798742,244.0,117.0,361.0,54422.62116325146,359819.76345161465,2.0855,2.0854700854700856,,FLAT,FLAT,FLAT,,DISCARD,rolling_window_v1,0.16083367032057128,0.16083367032057128,0.0,6,False,0.5013814327462478,0.5013814327462478,0.0,16,False,0.6743641824436641,0.6743641824436641,0.0,26,False,0.6743641824436641,0.6743641824436641,0.0,26,False,0.6743641824436641,0.6743641824436641,0.0,26,False,False,False,False,,,,,,,test
shadow,7539a1ea-b1f4-4442-a123-40f4ce678194,Stamp,2026-09-21 13:11:07.919778+00:00,0.000560823414,0.5549,0.544,0.5467,1.0223,1.0204,1.0771,0.002572,0.002973,0.023456,4.57,3.36,4.0467,4.5,5.523456,87.0,60.0,147.0,64093.299851724056,497402.55883763125,1.45,1.45,,FLAT,FLAT,SPIKE,,DISCARD,rolling_window_v1,0.3846288468262846,0.3846288468262846,0.0,6,False,-0.5681071938982918,0.6812522185459255,-0.6832110686448623,16,False,-0.9962496501617174,0.6812522185459255,-0.9962553810208787,27,False,-0.9962496501617174,0.6812522185459255,-0.9962553810208787,27,False,-0.9962496501617174,0.6812522185459255,-0.9962553810208787,27,False,False,True,True,,,,,,,test
shadow,38377c9b-c588-4f3b-b210-e66eb470e92b,FAIRTRUMP,2026-09-21 13:15:52.132236+00:00,0.000118857948,0.5843,0.5739,0.5654,1.2084,1.1479,0.973,4.344123,7.471461,10.276679,4.82,3.1,4.0654,1.973,10.0,180.0,95.0,275.0,21453.92735332999,55531.16358255783,1.8947,1.894736842105263,,FLAT,DECELERATING,ACCELERATING,,DISCARD,rolling_window_v1,1.302970778193142,1.302970778193142,-0.07723675323757062,6,False,0.8376397176232588,2.586292378192496,-0.07723675323757062,16,False,0.4344782058663843,2.586292378192496,-0.07723675323757062,27,False,0.4344782058663843,2.586292378192496,-0.07723675323757062,27,False,0.4344782058663843,2.586292378192496,-0.07723675323757062,27,False,False,False,False,,,,,,,test
shadow,67c08f98-aaf3-4bd7-bf0f-e5e9e3d94688,Smolting,2026-09-21 13:27:54.456504+00:00,2.8906697e-05,0.4103,0.4146,0.4375,0.8176,1.0612,1.0346,0.190359,0.182979,0.256233,4.96,3.14,3.9375,4.5,7.256233,9.0,22.0,31.0,17108.932550022128,35260.6897674373,0.4091,0.4090909090909091,,FLAT,FLAT,EMERGING,,DISCARD,rolling_window_v1,-0.9078825228631275,0.17868828112738022,-0.908023459062099,6,False,-0.9082464177764759,0.17868828112738022,-0.9082614315983594,16,False,-0.9078154449814865,0.17868828112738022,-0.9082787978162984,26,False,-0.9078154449814865,0.17868828112738022,-0.9082787978162984,26,False,-0.9078154449814865,0.17868828112738022,-0.9082787978162984,26,False,False,True,True,,,,,,,test
shadow,8cf5f87c-1b7b-4df2-b9a8-1034b156bfda,CAT,2026-09-21 13:28:57.884151+00:00,3.6835933e-05,0.5622,0.5945,0.603,1.1037,0.7276,0.9733,1.368822,2.336724,2.995219,5.71,3.2,4.103,4.4733,10.0,41.0,26.0,67.0,20601.345901192035,51995.83472711433,1.5769,1.5769230769230769,,FLAT,FLAT,ACCELERATING,,WATCH,rolling_window_v1,-0.3472449306496459,0.36730485420309567,-0.3472449306496459,6,False,-0.5788101525757472,0.36730485420309567,-0.6200092447773754,16,False,-0.217584932625434,0.36730485420309567,-0.6200092447773754,27,False,-0.217584932625434,0.36730485420309567,-0.6200092447773754,27,False,-0.217584932625434,0.36730485420309567,-0.6200092447773754,27,False,False,False,False,,,,,,,test
shadow,2aea67c9-a8bb-4884-b8a3-afd17e8d66c8,PFDOG,2026-09-21 13:28:58.581345+00:00,4.5625116e-05,0.6153,0.5964,0.5923,1.3809,1.3266,1.1135,1.784798,2.296741,2.873954,4.84,3.21,4.0923,2.0,10.0,297.0,163.0,460.0,20447.727484319454,50468.38706006364,1.8221,1.822085889570552,,FLAT,DECELERATING,ACCELERATING,,DISCARD,rolling_window_v1,0.14686555536647838,0.15973583497300026,0.0,3,False,0.14686555536647838,0.15973583497300026,0.0,3,False,0.14686555536647838,0.15973583497300026,0.0,3,False,0.14686555536647838,0.15973583497300026,0.0,3,False,0.14686555536647838,0.15973583497300026,0.0,3,False,False,False,False,,,,,,,test
shadow,178cea83-8161-45fe-9726-2c7587384fc6,JEANCASH,2026-09-21 13:46:13.934428+00:00,1.4892526e-05,0.5762,0.5582,0.533,0.2441,0.9481,1.0644,4.843354,4.995921,4.814609,4.61,3.47,1.533,10.0,2.0,190.0,111.0,301.0,20882.524120306778,52751.99500362221,1.7117,1.7117117117117118,,DECELERATING,ACCELERATING,DECELERATING,,DISCARD,rolling_window_v1,-0.8148192590028045,0.0,-0.8148192590028045,6,False,-0.8139087351601736,0.0,-0.8148192590028045,16,False,-0.8148200647761166,0.0,-0.8152410813316693,27,False,-0.8148200647761166,0.0,-0.8152410813316693,27,False,-0.8148200647761166,0.0,-0.8152410813316693,27,False,False,True,True,,,,,,,test
shadow,dd22467a-d928-4df0-9b4a-6436b403af0b,ZEROCASH,2026-09-21 13:47:49.163431+00:00,1.2938946e-05,0.5403,0.5276,0.5248,1.4088,0.6835,0.6018,5.558209,6.605689,7.724733,5.55,3.06,4.0248,4.1018,10.0,250.0,135.0,385.0,24389.59227498626,72094.04777191399,1.8519,1.8518518518518519,,FLAT,FLAT,ACCELERATING,,WATCH,rolling_window_v1,-0.5874176304623266,0.0,-0.5874176304623266,6,False,-0.7307339407707552,0.0,-0.7313340669324997,16,False,-0.7334912751007694,0.0,-0.7336720471667476,22,False,-0.7334912751007694,0.0,-0.7336720471667476,22,False,-0.7334912751007694,0.0,-0.7336720471667476,22,False,False,False,False,,,,,,,test
shadow,d86a4c5d-bd92-4261-b7af-694083c2d53d,Iron Man,2026-09-21 14:00:54.929217+00:00,0.000666390231,0.5448,0.5503,0.5531,1.0109,1.0114,1.19,0.002681,0.024152,0.049257,5.46,3.14,4.0531,4.5,9.049257,249.0,203.0,452.0,67135.53350689037,540860.6103154465,1.2266,1.2266009852216748,,FLAT,FLAT,ACCELERATING,,WATCH,rolling_window_v1,-0.9967652872150222,0.055953941497680626,-0.9968343023323821,6,False,-0.9967527915336442,0.055953941497680626,-0.9968343023323821,16,False,-0.9967495321821427,0.055953941497680626,-0.9968343023323821,27,False,-0.9967495321821427,0.055953941497680626,-0.9968343023323821,27,False,-0.9967495321821427,0.055953941497680626,-0.9968343023323821,27,False,False,True,True,,,,,,,test
shadow,8b0acdcf-d37d-4ba0-b2db-d252ceb9e827,AWARDED,2026-09-21 14:03:00.624108+00:00,0.000299450392,0.5541,0.5607,0.4842,0.8371,1.7247,1.7925,3.243873,2.310141,9.924262,4.17,3.24,1.4842,4.5,8.0,60.0,63.0,123.0,20404.919422568193,50113.531351952326,0.9524,0.9523809523809523,,DECELERATING,FLAT,EMERGING,,DISCARD,rolling_window_v1,0.8735444467209112,1.1333561820817386,0.0,6,False,0.643020423897124,1.2847809396088552,0.0,16,False,-0.18725149640144734,1.2847809396088552,-0.18776010485235894,26,False,-0.18725149640144734,1.2847809396088552,-0.18776010485235894,26,False,-0.18725149640144734,1.2847809396088552,-0.18776010485235894,26,False,False,False,False,,,,,,,test
shadow,b55eda23-fa00-4d7b-9266-2a4fed7b9bed,DOGE,2026-09-21 14:05:06.320090+00:00,4.2702295e-05,0.5714,0.6129,0.6061,0.7912,1.0918,0.9459,0.171436,0.167033,0.199438,4.12,3.34,4.1061,1.9459,7.199438,0.0,0.0,0.0,20393.070698169,49912.34910049915,,,,FLAT,DECELERATING,EMERGING,,DISCARD,rolling_window_v1,-0.3026718353193897,0.17744702011917624,-0.3026718353193897,6,False,-0.9463950825125441,0.17744702011917624,-0.9463950825125441,16,False,-0.9463821089709581,0.17744702011917624,-0.9463950825125441,27,False,-0.9463821089709581,0.17744702011917624,-0.9463950825125441,27,False,-0.9463821089709581,0.17744702011917624,-0.9463950825125441,27,False,False,True,True,,,,,,,test
shadow,34717271-8235-4d07-a1bf-ca0300f99cd1,CLIP,2026-09-21 14:12:58.424488+00:00,0.000183206528,0.5169,0.5161,0.5127,1.2134,1.4796,1.2241,2.87697,3.546051,4.384836,4.81,3.21,4.0127,2.0,10.0,189.0,151.0,340.0,23643.16811564186,67170.98429310776,1.2517,1.2516556291390728,,FLAT,DECELERATING,ACCELERATING,,DISCARD,rolling_window_v1,-0.4560176916839994,0.20077580969167208,-0.4560176916839994,6,False,3.150675285981076,3.150675285981076,-0.5642839156910391,16,False,0.7975583599291833,3.150675285981076,-0.5642839156910391,26,False,0.7975583599291833,3.150675285981076,-0.5642839156910391,26,False,0.7975583599291833,3.150675285981076,-0.5642839156910391,26,False,False,False,False,,,,,,,test
shadow,cee8f87b-15b7-43fc-86be-8d4f4c23683c,CHAIN,2026-09-21 14:18:11.129506+00:00,0.000635553358,0.5523,0.5517,0.5542,1.0177,1.0427,1.082,0.002568,0.014237,0.034116,5.46,3.42,4.0542,4.5,9.034116,123.0,88.0,211.0,67580.68455488913,548983.0781169921,1.3977,1.3977272727272727,,FLAT,FLAT,ACCELERATING,,WATCH,rolling_window_v1,0.3428672545854128,0.3428672545854128,0.0,6,False,-0.41452775551222887,0.6962797622414574,-0.49920979254742603,16,False,-0.9966616555898994,0.6962797622414574,-0.9966616555898994,27,False,-0.9966616555898994,0.6962797622414574,-0.9966616555898994,27,False,-0.9966616555898994,0.6962797622414574,-0.9966616555898994,27,False,False,True,True,,,,,,,test
shadow,4ba402d1-6ace-4f6b-88ee-465dbbb50afa,FOMOPILL,2026-09-21 14:21:52.040576+00:00,3.8807531e-05,0.3658,0.4021,0.4393,1.0186,1.2289,0.9293,1.276279,1.427484,1.660177,6.95,3.1,9.4393,1.9293,10.0,166.0,273.0,439.0,18004.0081128871,38943.398881096,0.6081,0.608058608058608,,ACCELERATING,DECELERATING,ACCELERATING,,WATCH,rolling_window_v1,-0.043444119132443726,0.2623210943257379,-0.12916979954225893,6,False,-0.5656372470590825,0.2623210943257379,-0.5656372470590825,8,False,-0.5656372470590825,0.2623210943257379,-0.5656372470590825,8,False,-0.5656372470590825,0.2623210943257379,-0.5656372470590825,8,False,-0.5656372470590825,0.2623210943257379,-0.5656372470590825,8,False,False,False,False,,,,,,,test
shadow,7cc95c14-8285-427b-8214-81a1fff26a5d,wizz,2026-09-21 14:30:14.117133+00:00,3.4669592e-05,0.5045,0.5172,0.5156,2.6591,2.0206,0.8946,2.471237,3.282063,5.565292,4.77,3.46,4.0156,1.8946,10.0,247.0,252.0,499.0,23001.79059320617,62887.43483220675,0.9802,0.9801587301587301,,FLAT,DECELERATING,ACCELERATING,,DISCARD,rolling_window_v1,-0.04240592159261636,0.326183273226867,-0.2663233821730582,6,False,0.0842498521470918,0.326183273226867,-0.2663233821730582,16,False,0.1018090723421261,0.326183273226867,-0.2663233821730582,18,False,0.1018090723421261,0.326183273226867,-0.2663233821730582,18,False,0.1018090723421261,0.326183273226867,-0.2663233821730582,18,False,False,False,False,,,,,,,test
shadow,10c7ecb4-e884-40bd-9223-a6a0705aab05,Penguin,2026-09-21 14:53:49.006554+00:00,2.6569053e-05,0.5178,0.5298,0.529,1.3385,0.7739,2.6383,2.797999,4.219387,9.984153,6.91,3.05,4.029,8.0,10.0,232.0,237.0,469.0,20988.8582253348,52621.99383309628,0.9789,0.9789029535864979,,FLAT,EMERGING,ACCELERATING,,WATCH,rolling_window_v1,-0.5534912742279523,0.19448705981353576,-0.5728573765877165,6,False,-0.8415403063105034,0.19448705981353576,-0.84446325580366,16,False,-0.8455192211781127,0.19448705981353576,-0.8515284681015918,25,False,-0.8455192211781127,0.19448705981353576,-0.8515284681015918,25,False,-0.8455192211781127,0.19448705981353576,-0.8515284681015918,25,False,False,True,True,,,,,,,test
shadow,65946065-a4f9-4f01-875e-7c314a0fe582,ZKEY,2026-09-21 14:53:49.243558+00:00,5.5971919e-05,0.4856,0.4949,0.5024,0.3165,2.5251,0.9324,5.792429,4.730546,6.822304,4.28,3.05,4.0024,1.9324,8.0,516.0,499.0,1015.0,22119.89274132035,58464.67149194421,1.0341,1.034068136272545,,FLAT,DECELERATING,EMERGING,,DISCARD,rolling_window_v1,-0.3099063835921009,0.0,-0.48542788036265117,6,False,-0.9504787034369859,0.0,-0.9504787034369859,16,False,-0.9486896277399387,0.0,-0.9504787034369859,26,False,-0.9486896277399387,0.0,-0.9504787034369859,26,False,-0.9486896277399387,0.0,-0.9504787034369859,26,False,False,True,True,,,,,,,test
shadow,91a2c476-3d95-49d3-b5ee-8da7e8755962,ZPHIL,2026-09-21 14:55:54.100890+00:00,5.3447355e-05,0.5167,0.5285,0.5341,1.4012,1.5056,1.2885,0.99475,1.214326,1.570153,4.81,3.14,4.0341,2.0,10.0,95.0,89.0,184.0,20949.247863206925,52560.36702201766,1.0674,1.0674157303370786,,FLAT,DECELERATING,ACCELERATING,,DISCARD,rolling_window_v1,-0.9531566155144627,0.09973299894821719,-0.9531566155144627,6,False,-0.9541847861320734,0.09973299894821719,-0.9543025281606545,16,False,-0.9542168924916864,0.09973299894821719,-0.9543025281606545,19,False,-0.9542168924916864,0.09973299894821719,-0.9543025281606545,19,False,-0.9542168924916864,0.09973299894821719,-0.9543025281606545,19,False,False,True,True,,,,,,,test
shadow,13455d1f-4122-4cd7-81e5-03f696de92a6,Uranus,2026-09-21 15:04:17.937256+00:00,0.000268939881,0.4967,0.4879,0.4961,0.6863,1.2604,0.6573,7.094154,7.186974,10.551754,4.68,3.53,3.9961,1.6573,10.0,794.0,718.0,1512.0,48879.697860398766,177952.04919078498,1.1058,1.105849582172702,,FLAT,DECELERATING,ACCELERATING,,DISCARD,rolling_window_v1,2.0360414378260248,2.0360414378260248,0.0,6,False,0.4557165956357363,2.724742653544938,0.0,16,False,1.61943572065461,2.724742653544938,0.0,25,False,1.61943572065461,2.724742653544938,0.0,25,False,1.61943572065461,2.724742653544938,0.0,25,False,False,False,False,,,,,,,test
shadow,ed0f667b-925b-46cc-810d-a4dbb1cd05d4,GLM,2026-09-21 15:08:59.992296+00:00,4.9699343e-05,0.3712,0.4119,0.4218,2.4252,1.468,1.8164,2.578609,3.915556,4.102698,5.64,3.23,3.9218,4.5,10.0,240.0,410.0,650.0,23255.273133959763,64523.91616646036,0.5854,0.5853658536585366,,FLAT,FLAT,ACCELERATING,,WATCH,rolling_window_v1,-0.9261334702150892,0.34079565196666683,-0.9261334702150892,6,False,-0.9406394768639095,0.34079565196666683,-0.9406394768639095,16,False,-0.9407025360476093,0.34079565196666683,-0.9407025360476093,17,False,-0.9407025360476093,0.34079565196666683,-0.9407025360476093,17,False,-0.9407025360476093,0.34079565196666683,-0.9407025360476093,17,False,False,True,True,,,,,,,test
shadow,8033b64f-7971-4bb5-aeb0-a90ae848bc58,MOSS,2026-09-21 15:18:55.119721+00:00,3.122151e-05,0.5132,0.5153,0.5151,1.2155,0.753,1.4842,5.954411,7.906928,8.039919,6.91,3.14,4.0151,8.0,10.0,514.0,346.0,860.0,24363.93493776617,70694.88387814719,1.4855,1.4855491329479769,,FLAT,EMERGING,ACCELERATING,,WATCH,rolling_window_v1,-0.5211368380324974,0.0,-0.55760749560159,4,False,-0.5211368380324974,0.0,-0.55760749560159,4,False,-0.5211368380324974,0.0,-0.55760749560159,4,False,-0.5211368380324974,0.0,-0.55760749560159,4,False,-0.5211368380324974,0.0,-0.55760749560159,4,False,False,False,False,,,,,,,test
shadow,c6b66114-4a24-4353-8cc2-69560cf4580e,ANONCATE,2026-09-21 15:22:05.011041+00:00,5.1089927e-05,0.4504,0.4521,0.4756,1.3743,1.3681,1.1949,0.62927,0.882755,1.174784,4.79,3.32,3.9756,2.0,10.0,55.0,120.0,175.0,21386.07669669453,54976.023334055426,0.4583,0.4583333333333333,,FLAT,DECELERATING,ACCELERATING,,DISCARD,rolling_window_v1,-0.9513412105677896,0.20854142148216437,-0.9513412105677896,6,False,-0.952725749637497,0.20854142148216437,-0.952725749637497,13,False,-0.952725749637497,0.20854142148216437,-0.952725749637497,13,False,-0.952725749637497,0.20854142148216437,-0.952725749637497,13,False,-0.952725749637497,0.20854142148216437,-0.952725749637497,13,False,False,True,True,,,,,,,test
shadow,6e8542c8-444c-41f5-9166-464bda6b72a5,$CPARC,2026-09-21 15:30:59.935934+00:00,5.6613069e-05,0.6456,0.6331,0.624,1.6118,2.0005,1.9657,1.765498,3.095252,3.472856,5.72,3.23,4.124,4.5,10.0,113.0,47.0,160.0,21139.813351820318,54009.01341337625,2.4043,2.404255319148936,,FLAT,FLAT,ACCELERATING,,WATCH,rolling_window_v1,-0.7072805044361753,0.0,-0.7072805044361753,6,False,-0.9566704818634721,0.0,-0.9566704818634721,12,False,-0.9566704818634721,0.0,-0.9566704818634721,12,False,-0.9566704818634721,0.0,-0.9566704818634721,12,False,-0.9566704818634721,0.0,-0.9566704818634721,12,False,False,True,True,,,,,,,test
shadow,afbd6c99-6509-4422-9ded-0402ee2b794b,HIVE,2026-09-21 15:31:00.134251+00:00,7.698771e-06,0.4995,0.4856,0.4804,0.2787,1.1601,0.2904,9.984421,11.030368,12.762286,4.54,3.23,3.9804,1.2904,10.0,566.0,446.0,1012.0,20399.38552818829,50013.59705570942,1.2691,1.2690582959641257,,FLAT,DECELERATING,ACCELERATING,,DISCARD,rolling_window_v1,-0.2914263848086923,0.0,-0.29704182654608124,6,False,-0.4528138322337423,0.0,-0.4528138322337423,16,False,-0.4615119737942589,0.0,-0.471571371586452,25,False,-0.4615119737942589,0.0,-0.471571371586452,25,False,-0.4615119737942589,0.0,-0.471571371586452,25,False,False,False,False,,,,,,,test
shadow,4bc2a6b0-f42e-4239-ba5e-750a5a5ad208,NTDA,2026-09-21 15:35:10.675269+00:00,0.003174574288,0.5513,0.5342,0.5356,1.0099,1.0122,1.0312,0.001649,0.00255,0.010696,4.57,3.41,4.0356,4.5,5.510696,45.0,20.0,65.0,157500.55942152106,2994979.2929963544,2.25,2.25,,FLAT,FLAT,SPIKE,,DISCARD,rolling_window_v1,-0.3490431319211895,0.09254751829578223,-0.3614914047965099,6,False,-0.8704438328771597,0.09254751829578223,-0.8891391556561363,16,False,-0.9993399663041685,0.09254751829578223,-0.9993399663041685,27,False,-0.9993399663041685,0.09254751829578223,-0.9993399663041685,27,False,-0.9993399663041685,0.09254751829578223,-0.9993399663041685,27,False,False,True,True,,,,,,,test
shadow,f023d80b-d8ce-4077-b946-55701b6e3573,ANGEL,2026-09-21 15:38:51.456835+00:00,7.387593e-06,0.4015,0.3974,0.3957,0.5329,0.184,0.8549,6.622698,18.296587,19.920979,6.81,3.09,3.8957,7.8549,10.0,482.0,1109.0,1591.0,25286.112970687405,76650.83611849365,0.4346,0.43462578899909826,,FLAT,EMERGING,ACCELERATING,,WATCH,rolling_window_v1,-0.17396423977336062,0.0,-0.17396423977336062,6,False,-0.397554656841545,0.0,-0.4025159480225833,16,False,-0.46614059545510966,0.0,-0.46614059545510966,26,False,-0.46614059545510966,0.0,-0.46614059545510966,26,False,-0.46614059545510966,0.0,-0.46614059545510966,26,False,False,False,False,,,,,,,test
shadow,3b67360d-3e8e-4c88-85dc-e89260cd244e,FOMOMINT,2026-09-21 15:40:57.899316+00:00,1.3211233e-05,0.5019,0.5004,0.496,1.7008,1.2955,0.3987,6.477622,8.980479,14.812171,4.59,3.19,3.996,1.3987,10.0,714.0,690.0,1404.0,28139.734173948265,94746.06615125778,1.0348,1.0347826086956522,,FLAT,DECELERATING,ACCELERATING,,DISCARD,rolling_window_v1,-0.36397564103214286,0.0,-0.5066779156797856,6,False,-0.5863696446804019,0.0,-0.6353765011940975,11,False,-0.5863696446804019,0.0,-0.6353765011940975,11,False,-0.5863696446804019,0.0,-0.6353765011940975,11,False,-0.5863696446804019,0.0,-0.6353765011940975,11,False,False,False,False,,,,,,,test
shadow,b1ceb078-42d0-422a-b9d8-b4dee5db4474,CASHED,2026-09-21 15:41:59.482205+00:00,8.8735281e-05,0.5431,0.5484,0.5619,0.8444,1.3118,1.069,4.290878,4.923427,6.352481,4.82,3.22,4.0619,2.0,10.0,285.0,162.0,447.0,21600.35877043998,56008.0218568278,1.7593,1.7592592592592593,,FLAT,DECELERATING,ACCELERATING,,DISCARD,rolling_window_v1,-0.4136984250942981,1.2156598005251147,-0.4136984250942981,6,False,-0.6923621620131005,1.2156598005251147,-0.8128993359473331,16,False,-0.9567519936066918,1.2156598005251147,-0.9579608926916003,27,False,-0.9567519936066918,1.2156598005251147,-0.9579608926916003,27,False,-0.9567519936066918,1.2156598005251147,-0.9579608926916003,27,False,False,True,True,,,,,,,test
shadow,5cb5dc7e-72c4-4bfc-b73f-a0e1e28e8759,Plop,2026-09-21 15:48:49.451463+00:00,8.128422e-06,0.5234,0.5113,0.4936,2.0675,0.8861,0.3734,5.406874,8.686898,10.667702,4.58,3.06,3.9936,1.3734,10.0,608.0,591.0,1199.0,12197.244086777195,17815.988462230747,1.0288,1.0287648054145515,,FLAT,DECELERATING,ACCELERATING,,DISCARD,rolling_window_v1,0.13565375911831357,0.13565375911831357,-0.24280616828210932,6,False,-0.5159914187526189,0.13565375911831357,-0.5159914187526189,16,False,-0.5205855453863001,0.13565375911831357,-0.5205855453863001,18,False,-0.5205855453863001,0.13565375911831357,-0.5205855453863001,18,False,-0.5205855453863001,0.13565375911831357,-0.5205855453863001,18,False,False,False,False,,,,,,,test
shadow,7007da87-87be-4b20-8325-a1bb4312b602,MEME,2026-09-21 15:49:51.553853+00:00,6.0720563e-05,0.5542,0.5627,0.5546,0.5846,2.4528,4.1117,2.92818,4.182926,4.242136,7.62,3.09,4.0546,10.0,10.0,68.0,47.0,115.0,21687.20706161318,56642.43987180213,1.4468,1.446808510638298,,FLAT,ACCELERATING,ACCELERATING,,WATCH,rolling_window_v1,-0.8201794999825677,0.0,-0.8695458900801035,6,False,-0.9135682421126431,0.0,-0.9135682421126431,16,False,-0.9280893690000865,0.0,-0.9280893690000865,24,False,-0.9280893690000865,0.0,-0.9280893690000865,24,False,-0.9280893690000865,0.0,-0.9280893690000865,24,False,False,True,True,,,,,,,test
shadow,7004bbcc-d886-4222-8d62-e6e5ba7d0936,SI,2026-09-21 15:53:00.504258+00:00,6.773804e-06,0.5126,0.5,0.4581,0.6124,0.3851,0.3487,3.857961,7.840049,14.769039,4.43,3.23,1.4581,3.8487,10.0,39.0,26.0,65.0,28317.83665640065,79623.56141288091,1.5,1.5,,DECELERATING,FLAT,ACCELERATING,,DISCARD,rolling_window_v1,0.38608808285565965,1.0993621899895536,0.0,6,False,-0.39514385122451146,1.0993621899895536,-0.39514385122451146,16,False,-0.32991049047182364,1.0993621899895536,-0.39931063845366654,27,False,-0.32991049047182364,1.0993621899895536,-0.39931063845366654,27,False,-0.32991049047182364,1.0993621899895536,-0.39931063845366654,27,False,False,False,False,,,,,,,test
shadow,7cab1c37-e0a6-45ca-95a1-d72e98871b8f,X7,2026-09-21 15:58:13.628174+00:00,7.6034999e-05,0.5618,0.5447,0.5554,2.0774,2.8335,3.3241,2.189595,2.751325,3.370291,7.62,3.46,4.0554,10.0,10.0,255.0,178.0,433.0,22323.760796182192,59601.41337427334,1.4326,1.4325842696629214,,FLAT,ACCELERATING,ACCELERATING,,WATCH,rolling_window_v1,-0.8182778696426365,0.0,-0.8182778696426365,6,False,-0.9397831911591135,0.0,-0.9397831911591135,9,False,-0.9397831911591135,0.0,-0.9397831911591135,9,False,-0.9397831911591135,0.0,-0.9397831911591135,9,False,-0.9397831911591135,0.0,-0.9397831911591135,9,False,False,True,True,,,,,,,test
shadow,ca324186-0676-44ff-9ed1-7823c6ddde24,SI,2026-09-21 15:59:18.395203+00:00,1.1885585e-05,0.3076,0.3105,0.3125,0.326,0.6895,0.8452,6.18668,7.032239,7.880946,7.47,3.53,3.8125,9.8452,10.0,231.0,198.0,429.0,30015.12401993655,89057.69165661704,1.1667,1.1666666666666667,,FLAT,ACCELERATING,ACCELERATING,,WATCH,rolling_window_v1,-0.16225478173771013,0.0,-0.36424349327357475,6,False,-0.6005622777507376,0.0,-0.6005622777507376,16,False,-0.5428508567310738,0.0,-0.650162108133508,26,False,-0.5428508567310738,0.0,-0.650162108133508,26,False,-0.5428508567310738,0.0,-0.650162108133508,26,False,False,False,False,,,,,,,test
shadow,7a89ec87-49c9-4de0-99ba-0ff73cae71fb,ETH,2026-09-21 16:09:13.119463+00:00,2.0587054e-05,0.4829,0.49,0.4851,0.9663,5.4512,2.2547,2.00656,3.368303,4.115691,4.79,3.45,3.9851,2.0,10.0,29.0,35.0,64.0,17153.56015885531,35513.80006248573,0.8286,0.8285714285714286,,FLAT,DECELERATING,ACCELERATING,,DISCARD,rolling_window_v1,-0.06049792262652054,0.07996127080640103,-0.48903228213225647,6,False,-0.36454521370566184,0.07996127080640103,-0.48903228213225647,16,False,-0.4621707408937674,0.07996127080640103,-0.48903228213225647,24,False,-0.4621707408937674,0.07996127080640103,-0.48903228213225647,24,False,-0.4621707408937674,0.07996127080640103,-0.48903228213225647,24,False,False,False,False,,,,,,,test
shadow,a439ef1f-083e-4bc6-8ae9-2a84dd11b9bc,RCAT,2026-09-21 16:10:16.792624+00:00,4.0843033e-05,0.6434,0.5905,0.6072,1.2725,0.9726,1.277,0.410647,0.68251,1.389363,5.72,3.51,4.1072,4.5,10.0,16.0,13.0,29.0,19302.89565920715,45014.06757148856,1.2308,1.2307692307692308,,FLAT,FLAT,ACCELERATING,,WATCH,rolling_window_v1,-0.8189082088981982,0.10587849829859608,-0.8189082088981982,6,False,-0.8997833241228681,0.10587849829859608,-0.8997833241228681,11,False,-0.8997833241228681,0.10587849829859608,-0.8997833241228681,11,False,-0.8997833241228681,0.10587849829859608,-0.8997833241228681,11,False,-0.8997833241228681,0.10587849829859608,-0.8997833241228681,11,False,False,True,True,,,,,,,test
shadow,415c7086-9d04-4510-82a2-69f974f019df,XPAIR,2026-09-21 16:16:03.117516+00:00,2.2073216e-05,0.5494,0.5538,0.5544,1.3788,0.8999,0.8949,4.490605,5.100405,5.553887,5.66,3.28,4.0544,4.3949,10.0,579.0,437.0,1016.0,16975.501400990135,34632.961308831495,1.3249,1.3249427917620138,,FLAT,FLAT,ACCELERATING,,WATCH,rolling_window_v1,-0.7531091980434568,0.33344506754249115,-0.7531091980434568,6,False,-0.7531091980434568,0.33344506754249115,-0.7531091980434568,6,False,-0.7531091980434568,0.33344506754249115,-0.7531091980434568,6,False,-0.7531091980434568,0.33344506754249115,-0.7531091980434568,6,False,-0.7531091980434568,0.33344506754249115,-0.7531091980434568,6,False,False,False,False,,,,,,,test
shadow,cc28f227-7de0-44d4-9c29-ff8d11e35883,NOXUS,2026-09-21 16:17:06.486273+00:00,7.0391897e-05,0.5279,0.5023,0.4961,1.387,1.3115,1.9229,0.437621,0.667706,0.829234,6.86,3.34,3.9961,8.0,9.829234,46.0,20.0,66.0,21024.314046541316,53345.4768724104,2.3,2.3,,FLAT,EMERGING,ACCELERATING,,WATCH,rolling_window_v1,-0.3933277718030529,0.10861538509183788,-0.3933277718030529,6,False,-0.3197178930978377,0.10861538509183788,-0.40027487822923713,11,False,-0.3197178930978377,0.10861538509183788,-0.40027487822923713,11,False,-0.3197178930978377,0.10861538509183788,-0.40027487822923713,11,False,-0.3197178930978377,0.10861538509183788,-0.40027487822923713,11,False,False,False,False,,,,,,,test
shadow,e34f5ef2-de12-4a97-b831-e38736e02248,padtard,2026-09-21 16:20:13.873969+00:00,6.2973578e-05,0.527,0.5728,0.5721,1.5307,1.453,1.8889,0.789511,1.487582,2.069674,6.93,3.46,4.0721,8.0,10.0,55.0,49.0,104.0,18458.397150666162,41005.2385927802,1.1224,1.1224489795918366,,FLAT,EMERGING,ACCELERATING,,WATCH,rolling_window_v1,0.29070523831439266,0.29070523831439266,-0.14800872518312358,6,False,0.20020083661118937,0.6528890100543436,-0.14800872518312358,16,False,-0.9557789776531357,0.6528890100543436,-0.9557789776531357,17,False,-0.9557789776531357,0.6528890100543436,-0.9557789776531357,17,False,-0.9557789776531357,0.6528890100543436,-0.9557789776531357,17,False,False,True,True,,,,,,,test
shadow,f0ab4ce1-c040-48e1-8f91-455cb97e1726,CLAYNOSAUR,2026-09-21 16:23:55.847148+00:00,5.327531e-06,0.5386,0.4821,0.4609,0.8601,0.5702,0.841,2.342963,5.018074,5.604327,4.6,3.15,1.4609,4.341,10.0,230.0,156.0,386.0,14455.132207974955,25118.574161539836,1.4744,1.4743589743589745,,DECELERATING,FLAT,ACCELERATING,,DISCARD,rolling_window_v1,-0.10858838737869381,0.1265802113586949,-0.10858838737869381,6,False,-0.1293771917986024,0.1265802113586949,-0.1293771917986024,16,False,-0.13061022075704487,0.1265802113586949,-0.13885250034209096,26,False,-0.13061022075704487,0.1265802113586949,-0.13885250034209096,26,False,-0.13061022075704487,0.1265802113586949,-0.13885250034209096,26,False,False,False,False,,,,,,,test
shadow,dfba1d73-c98c-486d-9b63-6c3085f4cce7,PREDIKT,2026-09-21 16:23:56.562813+00:00,0.00011948586,0.5914,0.5653,0.5374,1.2259,1.4251,9.3969,1.58916,2.544984,3.484404,6.61,3.17,1.5374,10.0,10.0,0.0,0.0,0.0,20088.37334497027,48630.71467213349,,,,DECELERATING,ACCELERATING,ACCELERATING,,WATCH,rolling_window_v1,-0.3668900236396173,0.0,-0.5570042764892851,6,False,-0.9772493331010046,0.0,-0.9776493134836206,16,False,-0.9771567112627385,0.0,-0.9776493134836206,25,False,-0.9771567112627385,0.0,-0.9776493134836206,25,False,-0.9771567112627385,0.0,-0.9776493134836206,25,False,False,True,True,,,,,,,test
shadow,0847d1fd-6db4-424b-afde-3b33bd6c5f28,FBEAR,2026-09-21 16:24:59.094403+00:00,5.4343867e-05,0.5282,0.5245,0.5308,1.3142,1.118,1.2474,0.519444,0.782077,0.917849,5.67,3.21,4.0308,4.5,9.917849,67.0,59.0,126.0,20404.79147418542,49996.131566421805,1.1356,1.1355932203389831,,FLAT,FLAT,ACCELERATING,,WATCH,rolling_window_v1,0.13007631569538458,0.13007631569538458,-0.08838956933263509,6,False,-0.9533017773652361,0.5543685545969705,-0.9533359486545189,15,False,-0.9533017773652361,0.5543685545969705,-0.9533359486545189,15,False,-0.9533017773652361,0.5543685545969705,-0.9533359486545189,15,False,-0.9533017773652361,0.5543685545969705,-0.9533359486545189,15,False,False,True,True,,,,,,,test
shadow,af49dc41-e94e-4870-a429-293ca470c12c,LastPad,2026-09-21 16:29:09.435881+00:00,3.1952649e-05,0.5412,0.5148,0.5067,0.5902,8.5463,4.8444,4.132185,3.668101,5.336503,4.3,3.39,4.0067,2.0,8.0,349.0,360.0,709.0,19418.852029643895,45197.67248472931,0.9694,0.9694444444444444,,FLAT,DECELERATING,EMERGING,,DISCARD,rolling_window_v1,-0.8225485154611125,0.0,-0.8225485154611125,6,False,-0.8682592795357906,0.0,-0.8682592795357906,16,False,-0.8702342957543208,0.0,-0.8702342957543208,24,False,-0.8702342957543208,0.0,-0.8702342957543208,24,False,-0.8702342957543208,0.0,-0.8702342957543208,24,False,False,True,True,,,,,,,test
shadow,50bf8b91-b119-4fcd-9cc0-83989b8f5643,BULLBUBU,2026-09-21 16:42:48.782565+00:00,6.2911727e-05,0.6377,0.6379,0.6178,1.5949,1.5723,1.4994,0.542033,0.797723,1.194235,4.72,3.04,1.6178,4.5,10.0,203.0,112.0,315.0,21136.304385327385,54299.86992053462,1.8125,1.8125,,DECELERATING,FLAT,ACCELERATING,,DISCARD,rolling_window_v1,0.18676743685640673,0.18676743685640673,0.0,6,False,-0.007954399344338614,0.3578197114188264,-0.20802560387509317,15,False,-0.007954399344338614,0.3578197114188264,-0.20802560387509317,15,False,-0.007954399344338614,0.3578197114188264,-0.20802560387509317,15,False,-0.007954399344338614,0.3578197114188264,-0.20802560387509317,15,False,False,False,False,,,,,,,test
shadow,571e44b2-dfb5-46bb-bbbb-01616875aebd,PERK,2026-09-21 16:45:57.509221+00:00,4.3381224e-05,0.5922,0.5855,0.5839,0.5505,1.0221,0.9819,7.723103,7.689043,8.463913,5.2,3.18,4.0839,4.4819,8.0,727.0,375.0,1102.0,23007.860991361704,63430.122706076945,1.9387,1.9386666666666668,,FLAT,FLAT,EMERGING,,WATCH,rolling_window_v1,-0.4530176926312637,0.0,-0.6930600436723501,6,False,-0.9212200882114345,0.0,-0.9286863597947351,16,False,-0.9327179657263704,0.0,-0.9327495692606552,27,False,-0.9327179657263704,0.0,-0.9327495692606552,27,False,-0.9327179657263704,0.0,-0.9327495692606552,27,False,False,True,True,,,,,,,test
shadow,eb9a11a4-ff06-4764-a8ef-0757dd6d3598,NYACASHCAT,2026-09-21 16:46:59.799678+00:00,8.6190118e-05,0.6085,0.5752,0.5606,1.3289,1.2636,1.0902,2.991744,6.568536,9.95125,4.82,3.22,4.0606,2.0,10.0,109.0,45.0,154.0,19959.413474519133,48149.03438306054,2.4222,2.422222222222222,,FLAT,DECELERATING,ACCELERATING,,DISCARD,rolling_window_v1,1.747038227746712,1.747038227746712,0.0,6,False,0.76097713429282,1.9250306050166914,0.0,16,False,-0.9638348215279158,1.9250306050166914,-0.9638348215279158,27,False,-0.9638348215279158,1.9250306050166914,-0.9638348215279158,27,False,-0.9638348215279158,1.9250306050166914,-0.9638348215279158,27,False,False,True,True,,,,,,,test
shadow,a41859e5-297e-4c8f-a7d0-610df70fa4aa,FAMILY,2026-09-21 16:49:06.299590+00:00,0.000767578619,0.5815,0.5638,0.5624,1.0205,1.0227,1.0736,0.002809,0.004088,0.022469,4.58,3.34,4.0624,4.5,5.522469,246.0,140.0,386.0,75059.14742375143,680535.0608122814,1.7571,1.7571428571428571,,FLAT,FLAT,SPIKE,,DISCARD,rolling_window_v1,0.2158236132421505,0.2158236132421505,0.0,6,False,-0.35083819472569233,0.3388102906498496,-0.8629936446940036,16,False,-0.9972453649076956,0.3388102906498496,-0.9972453649076956,27,False,-0.9972453649076956,0.3388102906498496,-0.9972453649076956,27,False,-0.9972453649076956,0.3388102906498496,-0.9972453649076956,27,False,False,True,True,,,,,,,test
shadow,e7250984-a775-454f-b476-ec6d5b9b127f,SENDR,2026-09-21 16:51:11.104836+00:00,4.3444295e-05,0.5387,0.5032,0.4916,1.2383,1.162,0.8016,2.593338,3.597026,4.79964,4.73,3.42,3.9916,1.8016,10.0,389.0,308.0,697.0,16068.762127970593,31174.188636557126,1.263,1.2629870129870129,,FLAT,DECELERATING,ACCELERATING,,DISCARD,rolling_window_v1,-0.4908164351613946,0.0,-0.4908164351613946,6,False,-0.9135230989477444,0.0,-0.9135230989477444,16,False,-0.9283748073251045,0.0,-0.9283748073251045,26,False,-0.9283748073251045,0.0,-0.9283748073251045,26,False,-0.9283748073251045,0.0,-0.9283748073251045,26,False,False,True,True,,,,,,,test
shadow,a1d38323-64c3-4973-8132-0b9a6ae4401b,gloam,2026-09-21 16:52:13.371322+00:00,9.1419385e-05,0.5424,0.5379,0.4886,2.0685,1.5302,2.7615,1.746644,2.201753,2.380546,5.9,3.45,1.4886,8.0,10.0,241.0,193.0,434.0,22744.108021421445,49978.39063509995,1.2487,1.2487046632124352,,DECELERATING,EMERGING,ACCELERATING,,WATCH,rolling_window_v1,-0.15097253170101732,0.03830798030417726,-0.18923805930219284,6,False,-0.2847985796447877,0.03830798030417726,-0.5916223129263012,14,False,-0.2847985796447877,0.03830798030417726,-0.5916223129263012,14,False,-0.2847985796447877,0.03830798030417726,-0.5916223129263012,14,False,-0.2847985796447877,0.03830798030417726,-0.5916223129263012,14,False,False,False,False,,,,,,,test
shadow,e4f7781e-3ba3-4282-bde9-93217dc0bc8e,QUILL,2026-09-21 16:57:59.470643+00:00,0.000112206749,0.5189,0.51,0.4927,2.3229,3.2791,2.7938,3.191231,5.138367,7.187669,4.8,3.21,3.9927,2.0,10.0,153.0,123.0,276.0,20770.845532029172,51943.678702470526,1.2439,1.2439024390243902,,FLAT,DECELERATING,ACCELERATING,,DISCARD,rolling_window_v1,2.361445629264243,2.8953238187125443,0.0,6,False,0.4807399062956541,2.8953238187125443,-0.005781666484250381,16,False,-0.4054690596195778,2.8953238187125443,-0.4054690596195778,19,False,-0.4054690596195778,2.8953238187125443,-0.4054690596195778,19,False,-0.4054690596195778,2.8953238187125443,-0.4054690596195778,19,False,False,False,False,,,,,,,test
shadow,98c063b3-df7b-42cb-9659-f881496c7bcb,ECHO,2026-09-21 16:57:59.853885+00:00,3.3367686e-05,0.3895,0.4121,0.4032,1.5531,1.7498,1.4718,0.44348,0.516556,0.756048,4.7,3.21,3.9032,2.0,9.756048,49.0,75.0,124.0,24065.08016184514,56748.25851077052,0.6533,0.6533333333333333,,FLAT,DECELERATING,ACCELERATING,,DISCARD,rolling_window_v1,0.18877769947847156,0.2938899029438242,-0.023088655293627358,6,False,0.145649866160932,0.2938899029438242,-0.023088655293627358,9,False,0.145649866160932,0.2938899029438242,-0.023088655293627358,9,False,0.145649866160932,0.2938899029438242,-0.023088655293627358,9,False,0.145649866160932,0.2938899029438242,-0.023088655293627358,9,False,False,False,False,,,,,,,test
shadow,24ae5038-afe2-44ea-8ee1-89b0e27ef167,GitSponsor,2026-09-21 17:00:05.023133+00:00,8.606324e-05,0.5054,0.5277,0.5358,4.107,3.3869,2.3314,5.433555,7.473303,8.316107,4.81,3.31,4.0358,2.0,10.0,722.0,819.0,1541.0,21182.048673376445,53853.85418038315,0.8816,0.8815628815628815,,FLAT,DECELERATING,ACCELERATING,,DISCARD,rolling_window_v1,-0.6374168692696207,0.0,-0.7632412746719738,6,False,-0.9386400976770105,0.0,-0.9386400976770105,16,False,-0.9424147986991891,0.0,-0.9424147986991891,17,False,-0.9424147986991891,0.0,-0.9424147986991891,17,False,-0.9424147986991891,0.0,-0.9424147986991891,17,False,False,True,True,,,,,,,test
shadow,4071fb22-dc29-4230-86e8-9e291de7e91b,MODELS,2026-09-21 17:13:15.006489+00:00,5.6819948e-05,0.4844,0.5205,0.5239,3.1017,2.2078,3.756,3.386401,4.870474,5.26331,6.91,3.48,4.0239,8.0,10.0,174.0,208.0,382.0,21291.83942125626,54517.83688970352,0.8365,0.8365384615384616,,FLAT,EMERGING,ACCELERATING,,WATCH,rolling_window_v1,-0.8418513160202118,0.0,-0.8576112565256131,4,False,-0.8418513160202118,0.0,-0.8576112565256131,4,False,-0.8418513160202118,0.0,-0.8576112565256131,4,False,-0.8418513160202118,0.0,-0.8576112565256131,4,False,-0.8418513160202118,0.0,-0.8576112565256131,4,False,False,True,True,,,,,,,test
observing,84dcbf3d-1146-4282-83e1-9d643ef73d41,Vmaxsolana,2026-09-20 11:13:45.980995+00:00,,,,,,,,,,,4.82,,,,,,,,,,,,,FLAT,DECELERATING,,,,,0.2789290589310791,0.9947421303780073,-0.2602373253924015,9,False,-0.9641957051051736,0.9947421303780073,-0.9642170084152706,29,False,-0.9641056720337572,0.9947421303780073,-0.9642170084152706,57,False,-0.9641056720337572,0.9947421303780073,-0.9642170084152706,57,False,-0.9641056720337572,0.9947421303780073,-0.9642170084152706,57,False,False,True,True,SCORER,,,,,,train
observing,686e1718-ac33-4fe3-b98b-8e7e3b75a008,deFLOCK,2026-09-20 11:13:46.256869+00:00,,,,,,,,,,,4.83,,,,,,,,,,,,,FLAT,DECELERATING,,,,,-0.012044468961378008,0.07278810901019517,-0.24268580334157597,9,False,-0.9587759388406131,0.44853078311379235,-0.9587759388406131,29,False,-0.9206486925643134,0.44853078311379235,-0.9587759388406131,57,False,-0.9206486925643134,0.44853078311379235,-0.9587759388406131,57,False,-0.9206486925643134,0.44853078311379235,-0.9587759388406131,57,False,False,True,True,SCORER,,,,,,train
observing,7ccf1a20-315d-48a5-b5f7-f32746f87e38,ROBINPHIL,2026-09-20 11:13:46.957953+00:00,,,,,,,,,,,4.65,,,,,,,,,,,,,DECELERATING,FLAT,,,,,2.4451914705330307,2.6134433940473354,-0.2030337678630123,9,False,-0.9264592047647441,3.0203511047226357,-0.9264870492250823,29,False,-0.9283885727347297,3.0203511047226357,-0.9284319214968473,57,False,-0.9283885727347297,3.0203511047226357,-0.9284319214968473,57,False,-0.9283885727347297,3.0203511047226357,-0.9284319214968473,57,False,False,True,True,SCORER,,,,,,train
observing,8067d18a-5ed7-4008-bedd-25cb749d3258,Spider-Man,2026-09-20 11:13:47.348834+00:00,,,,,,,,,,,4.07,,,,,,,,,,,,,FLAT,FLAT,,,,,-0.7053826335792588,0.0,-0.81182857473581,9,False,-0.7103474047173989,0.0,-0.8646077121239284,29,False,-0.9968903906932264,0.0,-0.996899308305248,57,False,-0.9968903906932264,0.0,-0.996899308305248,57,False,-0.9968903906932264,0.0,-0.996899308305248,57,False,False,True,True,SCORER,,,,,,train
observing,b3d66c94-94a0-46d7-9c73-2999a9bc66a7,Cupcoin,2026-09-20 11:15:44.000065+00:00,,,,,,,,,,,,0.08,,,,,,,,,,,,,,,,,,-0.7960446472000162,0.0,-0.8059077366237957,10,False,-0.9454500944823543,0.0,-0.9454500944823543,29,False,-0.9453582409235236,0.0,-0.9454617603222926,58,False,-0.9453582409235236,0.0,-0.9454617603222926,58,False,-0.9453582409235236,0.0,-0.9454617603222926,58,False,False,True,True,TIER1,3.8,19241.649386276502,48716.27535587494,19.0,5.0,train
observing,f69de54c-0193-4c8c-8750-efc557fcc645,STARBUCKS,2026-09-20 11:18:44.015284+00:00,,,,,,,,,,,,0.13,,,,,,,,,,,,,,,,,,0.2601909862855223,0.2601909862855223,0.0,10,False,-0.9970008092452319,0.3354545244702307,-0.9970043406528412,29,False,-0.9970208287687875,0.3354545244702307,-0.9970280563727606,58,False,-0.9970208287687875,0.3354545244702307,-0.9970280563727606,58,False,-0.9970208287687875,0.3354545244702307,-0.9970280563727606,58,False,False,True,True,TIER1,10.0,69442.62121095245,634004.1940729859,10.0,0.0,train
observing,b70eacc4-5aa9-43bb-9f5e-c1a1005cc9e8,Amazon,2026-09-20 11:20:44.057459+00:00,,,,,,,,,,,,0.07,,,,,,,,,,,,,,,,,,0.6798847753686035,0.6798847753686035,0.0,10,False,0.6798847753686035,0.6798847753686035,0.0,10,False,0.6798847753686035,0.6798847753686035,0.0,10,False,0.6798847753686035,0.6798847753686035,0.0,10,False,0.6798847753686035,0.6798847753686035,0.0,10,False,False,False,False,TIER1,1.6667,22018.890706070873,55054.44773521338,5.0,3.0,train
observing,1307ee25-b812-4310-a94c-2b23f9b19f2d,Vmaxsolana,2026-09-20 11:21:43.937808+00:00,,,,,,,,,,,,0.39,,,,,,,,,,,,,,,,,,-0.818640298228983,0.0,-0.8302480320554695,10,False,-0.9382503478978909,0.0,-0.9382821805603145,29,False,-0.9381289899299288,0.0,-0.9382821805603145,57,False,-0.9381289899299288,0.0,-0.9382821805603145,57,False,-0.9381289899299288,0.0,-0.9382821805603145,57,False,False,True,True,TIER1,3.2727,20072.63985435738,52982.361237947596,36.0,11.0,train
observing,68c2391f-8f44-443d-8f33-56ce76323de8,PENIS,2026-09-20 11:29:44.072324+00:00,,,,,,,,,,,,0.78,,,,,,,,,,,,,,,,,,0.008292016048346396,0.008292016048346396,0.0,10,False,0.009908752062723458,0.009908752062723458,0.0,13,False,0.009908752062723458,0.009908752062723458,0.0,13,False,0.009908752062723458,0.009908752062723458,0.0,13,False,0.009908752062723458,0.009908752062723458,0.0,13,False,False,False,False,TIER1,36.0,22591.22220999976,56509.95345814448,36.0,1.0,train
observing,0846d81d-3fc8-4741-b8ed-b55d08b2ace9,Rolex,2026-09-20 11:29:44.253001+00:00,,,,,,,,,,,,0.89,,,,,,,,,,,,,,,,,,0.2487075824340499,0.2487075824340499,0.0,10,False,0.623986028682934,0.623986028682934,0.0,29,False,1.258803429386421,1.258803429386421,0.0,57,False,1.258803429386421,1.258803429386421,0.0,57,False,1.258803429386421,1.258803429386421,0.0,57,False,False,False,False,TIER1,42.2,67776.76060548285,602887.564834761,211.0,5.0,train
observing,a427ba19-f95f-4f67-9ace-21f6f0c8febc,Vmaxsolana,2026-09-20 11:30:43.937069+00:00,,,,,,,,,,,,0.04,,,,,,,,,,,,,,,,,,-0.7280586139090202,0.2205135756812735,-0.7591001064227206,10,False,-0.9455680495372648,0.2205135756812735,-0.9456618761711396,29,False,-0.9454889686749622,0.2205135756812735,-0.9456618761711396,56,False,-0.9454889686749622,0.2205135756812735,-0.9456618761711396,56,False,-0.9454889686749622,0.2205135756812735,-0.9456618761711396,56,False,False,True,True,TIER1,3.0,18064.691924663042,42903.61921618111,3.0,1.0,train
observing,b4e4cff1-8d59-4c14-b822-ca0ba1584071,Kraken,2026-09-20 11:37:44.058794+00:00,,,,,,,,,,,,0.73,,,,,,,,,,,,,,,,,,0.008651780887561689,0.008651780887561689,0.0,9,False,0.06300815607735188,0.06300815607735188,0.0,12,False,0.06300815607735188,0.06300815607735188,0.0,12,False,0.06300815607735188,0.06300815607735188,0.0,12,False,0.06300815607735188,0.06300815607735188,0.0,12,False,False,False,False,TIER1,6.75,22481.06069749283,56216.20604440793,27.0,4.0,train
observing,8d88ee4f-f244-480d-afdf-570cd861a34e,Vmaxsolana,2026-09-20 11:40:43.904639+00:00,,,,,,,,,,,,0.41,,,,,,,,,,,,,,,,,,-0.7486669940572037,0.0,-0.7515779319035909,10,False,-0.9610987242874012,0.0,-0.9610987242874012,29,False,-0.9610809872058574,0.0,-0.9611969380210503,56,False,-0.9610809872058574,0.0,-0.9611969380210503,56,False,-0.9610809872058574,0.0,-0.9611969380210503,56,False,False,True,True,TIER1,2.8333,20826.945214871965,56917.74392374991,34.0,12.0,train
observing,b419a545-db53-41f3-a636-e588d139e2db,XIAOMI,2026-09-20 11:45:44.087853+00:00,,,,,,,,,,,,0.28,,,,,,,,,,,,,,,,,,0.12355104624431568,0.12355104624431568,0.0,9,False,0.557328039680066,0.557328039680066,0.0,12,False,0.557328039680066,0.557328039680066,0.0,12,False,0.557328039680066,0.557328039680066,0.0,12,False,0.557328039680066,0.557328039680066,0.0,12,False,False,False,False,TIER1,1.5,21554.270288000425,53892.29916162051,6.0,4.0,train
observing,bfad455d-bfc1-4799-82c4-48071857c7ff,Youtube,2026-09-20 11:45:44.204881+00:00,,,,,,,,,,,,0.82,,,,,,,,,,,,,,,,,,0.09959640151299665,0.09959640151299665,0.0,9,False,0.3122936058186101,0.3122936058186101,0.0,27,False,-0.9940232236814861,0.5749086346840164,-0.9940270681966453,56,False,-0.9940232236814861,0.5749086346840164,-0.9940270681966453,56,False,-0.9940232236814861,0.5749086346840164,-0.9940270681966453,56,False,False,True,True,TIER1,20.0,49644.408081922025,322746.2679988576,20.0,0.0,train
observing,35fbc2a8-57aa-46ce-805a-1a082a9e14ca,PAIDFART,2026-09-20 11:50:43.935229+00:00,,,,,,,,,,,,0.62,,,,,,,,,,,,,,,,,,-0.7750103829485384,0.0,-0.7750103829485384,10,False,-0.9442827227079518,0.0,-0.944369749003029,28,False,-0.94435858336517,0.0,-0.944369749003029,56,False,,,,56,True,-0.94435858336517,0.0,-0.944369749003029,56,False,False,True,True,TIER1,3.4,18872.09123913714,46614.41123391007,102.0,30.0,train
observing,b1750ac2-23ed-4979-9ea0-35d5929c68a4,Coinbase,2026-09-20 11:54:44.044245+00:00,,,,,,,,,,,,0.88,,,,,,,,,,,,,,,,,,0.08092550391211373,0.08092550391211373,0.0,6,False,0.08092550391211373,0.08092550391211373,0.0,6,False,0.08092550391211373,0.08092550391211373,0.0,6,False,,,,6,True,0.08092550391211373,0.08092550391211373,0.0,6,False,False,False,False,TIER1,22.5,22116.816089881948,55321.336999373525,45.0,2.0,train
observing,cafade4e-6dfb-432e-83db-8087d891d829,USDF,2026-09-20 11:55:43.940371+00:00,,,,,,,,,,,,0.11,,,,,,,,,,,,,,,,,,0.2192703718421143,0.2192703718421143,0.0,8,False,1.1109658386859755,1.1109658386859755,0.0,27,False,-0.25938746842849747,1.8358981365334528,-0.7109484559969512,56,False,,,,56,True,-0.25938746842849747,1.8358981365334528,-0.7109484559969512,56,False,False,False,False,TIER1,9.0,59269.92008886422,459212.6200190585,9.0,0.0,train
observing,4f953b1b-3e88-44cd-a451-d98260a7f192,SpaceX,2026-09-20 11:59:44.103825+00:00,,,,,,,,,,,,0.26,,,,,,,,,,,,,,,,,,0.00640644302536808,0.00640644302536808,0.0,9,False,0.012092516953285504,0.012092516953285504,0.0,14,False,0.012092516953285504,0.012092516953285504,0.0,14,False,,,,14,True,0.012092516953285504,0.012092516953285504,0.0,14,False,False,False,False,TIER1,2.0,21880.794802202916,54709.45390284462,6.0,3.0,train
observing,f038a502-5bb0-4c8b-9bb5-658f8c13cbf7,Amazon,2026-09-20 12:08:43.995328+00:00,,,,,,,,,,,,0.65,,,,,,,,,,,,,,,,,,0.21795736205155403,0.21795736205155403,0.0,9,False,0.580349871171854,0.580349871171854,0.0,28,False,-0.9970160958350306,0.580349871171854,-0.997018729513463,56,False,,,,56,True,-0.9970160958350306,0.580349871171854,-0.997018729513463,56,False,False,True,True,TIER1,3.3833,69920.1655546269,638560.236785024,203.0,60.0,train
observing,facadb0d-13d1-48ad-95c5-77902e7184db,CRCL,2026-09-20 12:08:44.200879+00:00,,,,,,,,,,,,0.77,,,,,,,,,,,,,,,,,,0.40233755452712083,0.40233755452712083,0.0,7,False,0.40233755452712083,0.40233755452712083,0.0,7,False,0.40233755452712083,0.40233755452712083,0.0,7,False,,,,7,True,0.40233755452712083,0.40233755452712083,0.0,7,False,False,False,False,TIER1,11.3333,22421.077220995034,56069.22681956861,34.0,3.0,train
observing,81d8c5b3-120c-455c-9705-4140b8210551,Fartcoin,2026-09-20 12:14:44.130283+00:00,,,,,,,,,,,,0.31,,,,,,,,,,,,,,,,,,0.004245593064788444,0.004245593064788444,0.0,9,False,0.007307733045846199,0.007307733045846199,0.0,13,False,0.007307733045846199,0.007307733045846199,0.0,13,False,,,,13,True,0.007307733045846199,0.007307733045846199,0.0,13,False,False,False,False,TIER1,3.0,21386.421661299482,53480.0150205581,3.0,1.0,train
observing,edfb5b15-9f65-4007-8870-fcfa96f74a37,YouTube,2026-09-20 12:18:45.375891+00:00,,,,,,,,,,,,0.64,,,,,,,,,,,,,,,,,,0.09475376549523351,0.09475376549523351,0.0,9,False,0.2626159280238285,0.2626159280238285,0.0,28,False,,,,52,True,,,,52,True,0.5724329166702615,0.5724329166702615,0.0,52,False,False,False,False,TIER1,4.6471,53800.22421254352,379128.76870652486,79.0,17.0,train
observing,63be44cd-9bf7-4626-926f-fd769420ad2d,CATE,2026-09-20 12:20:44.159027+00:00,,,,,,,,,,,,0.42,,,,,,,,,,,,,,,,,,0.9515284481006903,0.9515284481006903,0.0,9,False,0.9515284481006903,0.9515284481006903,0.0,9,False,,,,9,True,,,,9,True,0.9515284481006903,0.9515284481006903,0.0,9,False,False,False,False,TIER1,96.0,22846.689696786874,57362.035362209484,192.0,2.0,train
observing,4f1a0c4c-8017-44fc-9c2e-0cc2c06920c3,OpenSea,2026-09-20 12:22:44.168326+00:00,,,,,,,,,,,,0.17,,,,,,,,,,,,,,,,,,0.006193773974700001,0.006193773974700001,0.0,9,False,0.00952504497958917,0.00952504497958917,0.0,14,False,,,,14,True,,,,14,True,0.00952504497958917,0.00952504497958917,0.0,14,False,False,False,False,TIER1,1.3333,22738.405650095683,56854.021173264424,4.0,3.0,train
observing,293f585c-beb3-4d0b-9ac9-8c3d7623b8ce,JEANPHIL,2026-09-20 12:25:44.365017+00:00,,,,,,,,,,,,0.12,,,,,,,,,,,,,,,,,,0.1379952533611204,0.1379952533611204,-0.026210391638303965,9,False,-0.7721439963891736,0.5783268148517353,-0.8117015085315574,28,False,,,,39,True,,,,39,True,-0.6216383775784864,0.5783268148517353,-0.8117015085315574,39,False,False,True,True,TIER1,5.0,56305.688987774,415561.2584898582,5.0,0.0,train
observing,baa1b72e-9fe0-4b58-8439-ceb5a283f2d1,USDF,2026-09-20 12:25:44.736148+00:00,,,,,,,,,,,,0.79,,,,,,,,,,,,,,,,,,0.010669998401053649,0.010669998401053649,0.0,9,False,0.0222166150526677,0.0222166150526677,0.0,28,False,,,,39,True,,,,39,True,0.027723500072389662,0.027723500072389662,0.0,39,False,False,False,False,TIER1,27.25,662297.290540664,57460845.17793464,109.0,4.0,train
observing,a4166e34-3a3b-40f1-824c-b705730494e4,McDonald's,2026-09-20 12:30:44.172824+00:00,,,,,,,,,,,,0.97,,,,,,,,,,,,,,,,,,0.2484173992066776,0.2484173992066776,0.0,9,False,0.6450971166263686,0.6450971166263686,0.0,28,False,,,,30,True,,,,30,True,0.6913995623371592,0.6913995623371592,0.0,30,False,False,False,False,TIER1,75.25,68286.31038034293,611751.5660077148,301.0,4.0,train
observing,4cb8e6bd-f8c6-4ffa-b901-f1e3144ed1ba,Gemini AI,2026-09-20 12:31:44.050784+00:00,,,,,,,,,,,,0.62,,,,,,,,,,,,,,,,,,0.36182434274123976,0.36182434274123976,0.0,8,False,0.36182434274123976,0.36182434274123976,0.0,8,False,,,,8,True,,,,8,True,0.36182434274123976,0.36182434274123976,0.0,8,False,False,False,False,TIER1,13.0,22643.352182515628,56617.96918417832,13.0,1.0,train
observing,83f42bb6-b84e-4257-8573-eadb6c51d63a,FOMO,2026-09-20 12:33:44.041657+00:00,,,,,,,,,,,,0.4,,,,,,,,,,,,,,,,,,0.10371825341874663,0.10371825341874663,0.0,9,False,,,,24,True,,,,24,True,,,,24,True,0.22072070050746162,0.22072070050746162,0.0,24,False,False,False,False,TIER1,20.0,49316.9497130392,319345.954229072,20.0,0.0,train
observing,612620e4-066e-4e7b-aabf-bc07fac8962b,C4T,2026-09-20 12:37:44.170583+00:00,,,,,,,,,,,,0.56,,,,,,,,,,,,,,,,,,0.8847704014051585,0.8847704014051585,0.0,9,False,,,,12,True,,,,12,True,,,,12,True,1.9028880773203394,1.9028880773203394,0.0,12,False,False,False,False,TIER1,37.75,16379.489734057359,41347.017671850794,302.0,8.0,train
observing,c03e67a0-5b46-438f-b00e-023194a097f8,AMD,2026-09-20 12:38:44.173757+00:00,,,,,,,,,,,,0.77,,,,,,,,,,,,,,,,,,0.14092932881526932,0.14092932881526932,0.0,9,False,,,,9,True,,,,9,True,,,,9,True,0.14092932881526932,0.14092932881526932,0.0,9,False,False,False,False,TIER1,12.3333,21173.85171456563,52977.84206259591,37.0,3.0,train
observing,e0760f12-3878-48a5-b80a-65de85ad485d,callout,2026-09-20 12:39:44.584406+00:00,,,,,,,,,,,,0.19,,,,,,,,,,,,,,,,,,0.5471576541904175,0.5471576541904175,-0.1278008168244158,9,False,,,,13,True,,,,13,True,,,,13,True,0.7275115693052472,0.9352892109372499,-0.1278008168244158,13,False,False,False,False,TIER1,3.7778,17113.717925693323,38457.80861989556,34.0,9.0,train
observing,60cd77ef-eef7-404d-9dfe-b5489d57f79b,DISNEY,2026-09-20 12:44:44.217429+00:00,,,,,,,,,,,,0.42,,,,,,,,,,,,,,,,,,,,,4,True,,,,4,True,,,,4,True,,,,4,True,0.0027104694284438846,0.0027104694284438846,0.0,4,False,False,False,False,TIER1,1.75,21302.321269350192,53262.758511147236,7.0,4.0,train
observing,7142da4f-0a65-48c4-a4b8-892750fa5080,AMD,2026-09-20 17:12:44.825507+00:00,,,,,,,,,,,,0.8,,,,,,,,,,,,,,,,,,,,,0,False,,,,0,False,,,,0,False,,,,0,False,,,,0,False,False,False,False,TIER1,29.0,22407.650660504325,56043.7255456705,29.0,1.0,train
observing,6e0852fa-d37e-44bf-bd50-8d7879717eae,PORNHUB,2026-09-20 17:17:44.731638+00:00,,,,,,,,,,,,0.52,,,,,,,,,,,,,,,,,,,,,0,False,,,,0,False,,,,0,False,,,,0,False,,,,0,False,False,False,False,TIER1,5.0,21016.75817091817,52549.11576837068,5.0,1.0,train
observing,dc24de64-f331-4871-9e38-75d3808b66f8,OnlyCats,2026-09-20 17:22:44.671815+00:00,,,,,,,,,,,,0.82,,,,,,,,,,,,,,,,,,,,,0,True,,,,1,True,,,,20,True,,,,20,True,-9.426884119911882e-05,0.0029049305987958185,-0.0007178934829775718,20,True,False,False,False,TIER1,6.6842,33669.7214737606,146457.88265701744,127.0,19.0,train
observing,096bdb95-c128-4883-adc7-9fae4367767f,Grok,2026-09-20 17:23:44.846505+00:00,,,,,,,,,,,,0.19,,,,,,,,,,,,,,,,,,,,,0,True,,,,1,True,,,,22,True,,,,22,True,0.501294972632476,0.501294972632476,0.0,22,True,False,False,False,TIER1,47.0,45074.68184344821,262643.01406267716,47.0,0.0,train
observing,d55e8a52-28da-4d1d-8289-72d4c27dc8f7,NP,2026-09-20 17:25:44.653364+00:00,,,,,,,,,,,,0.15,,,,,,,,,,,,,,,,,,,,,0,False,,,,0,False,,,,0,False,,,,0,False,,,,0,False,False,False,False,TIER1,24.5,19340.450764763744,48389.81480787919,49.0,2.0,train
observing,ac58300d-9b27-4431-adca-b98c718b2a3d,JEANPILL,2026-09-20 17:26:44.773437+00:00,,,,,,,,,,,,0.85,,,,,,,,,,,,,,,,,,,,,0,True,,,,5,True,,,,26,True,,,,26,True,0.1455393610030149,0.1455393610030149,-0.30379104926821954,26,True,False,False,False,TIER1,5.5455,33795.050015219014,147570.52968866297,61.0,11.0,train
observing,99462e2b-dfb8-4211-bce3-8c612ba5c33c,NVIDIA,2026-09-20 17:27:44.650389+00:00,,,,,,,,,,,,0.26,,,,,,,,,,,,,,,,,,,,,0,False,,,,0,False,,,,0,False,,,,0,False,,,,0,False,False,False,False,TIER1,4.0,21023.743721208608,52580.62056789119,4.0,0.0,train
observing,780d714f-1971-4cb5-91e1-cbf25c56dc6f,Tsunami,2026-09-20 17:28:44.799317+00:00,,,,,,,,,,,,0.59,,,,,,,,,,,,,,,,,,,,,0,False,,,,0,False,,,,0,False,,,,0,False,,,,0,False,False,False,False,TIER1,48.25,23132.964594575762,58109.493475005904,193.0,4.0,train
observing,def52de5-558c-420e-be15-be2985d4f842,AAPL,2026-09-20 17:32:45.006362+00:00,,,,,,,,,,,,0.2,,,,,,,,,,,,,,,,,,,,,1,True,,,,2,True,,,,2,True,,,,2,True,0.26010727331716166,0.26010727331716166,0.0,2,True,False,False,False,TIER1,4.0,22220.907402535937,55573.957091193006,4.0,0.0,train
observing,19e1a7f0-ea2a-461b-a71e-3c334193a41d,AMD,2026-09-20 17:32:45.289332+00:00,,,,,,,,,,,,0.48,,,,,,,,,,,,,,,,,,,,,1,True,,,,14,True,,,,34,True,,,,34,True,-0.9967007684842467,0.2161732407703434,-0.9967044518360212,34,True,False,True,True,TIER1,154.0,58861.18447746565,448697.0969075699,154.0,0.0,train
observing,0b5b69ea-4560-42cc-92af-3ffc0d22eb42,Nike,2026-09-20 17:34:44.854269+00:00,,,,,,,,,,,,0.96,,,,,,,,,,,,,,,,,,,,,3,True,,,,16,True,,,,37,True,,,,37,True,-0.9943731446094191,0.1886211626610903,-0.9943731446094191,37,True,False,True,True,TIER1,16.0,50458.52811651549,328999.2310582507,16.0,0.0,train
observing,4245afc6-7038-413a-8d39-a4ae10c02639,OnlyCats,2026-09-20 17:36:44.745675+00:00,,,,,,,,,,,,0.53,,,,,,,,,,,,,,,,,,,,,5,True,,,,19,True,,,,39,True,,,,39,True,0.5393471050726202,0.686975027774338,-0.4882471659420389,39,True,False,False,False,TIER1,18.0,34834.02028391595,156948.55589430212,18.0,1.0,train
observing,e22c9ff9-3617-4db9-80ac-9119328c9ba5,WSOS,2026-09-20 17:38:28.248365+00:00,,,,,,,,,,,,0.9,,,,,,,,,,,,,,,,,,0.014069833974135193,0.014069833974135193,0.0,7,False,0.013000135018411685,0.014765116053501837,0.0,20,False,0.014023004415985474,0.014765116053501837,0.0,41,False,0.014023004415985474,0.014765116053501837,0.0,41,False,0.014023004415985474,0.014765116053501837,0.0,41,False,False,False,False,TIER1,16.0,585952.8263858072,44278894.905707926,16.0,0.0,train
observing,ca60e2fc-5eae-42b3-9b7d-82a18277e62e,CDOG,2026-09-20 17:41:11.092810+00:00,,,,,,,,,,,,0.18,,,,,,,,,,,,,,,,,,-0.5302316393517651,0.21380208647328947,-0.5653289342234751,7,False,-0.9912246659692457,0.21380208647328947,-0.9912246659692457,20,False,-0.9912231272871288,0.21380208647328947,-0.9912436165196856,40,False,-0.9912231272871288,0.21380208647328947,-0.9912436165196856,40,False,-0.9912231272871288,0.21380208647328947,-0.9912436165196856,40,False,False,True,True,TIER1,4.5,62056.501170989,497890.9021210797,18.0,4.0,train
observing,cac2030d-3610-41c9-a927-d527c18b1381,Redbull,2026-09-20 17:42:29.237257+00:00,,,,,,,,,,,,0.68,,,,,,,,,,,,,,,,,,0.3706364905548636,0.3706364905548636,0.0,5,False,0.3706364905548636,0.3706364905548636,0.0,5,False,0.3706364905548636,0.3706364905548636,0.0,5,False,0.3706364905548636,0.3706364905548636,0.0,5,False,0.3706364905548636,0.3706364905548636,0.0,5,False,False,False,False,TIER1,22.0,21543.298859710725,53882.1240433279,22.0,1.0,train
observing,72ca9ab2-3269-4f94-8fc7-46e4900c13bc,SFX,2026-09-20 17:44:28.352160+00:00,,,,,,,,,,,,0.65,,,,,,,,,,,,,,,,,,-0.7590758744761206,0.0,-0.8583068348768675,7,False,-0.43760308535786685,0.0,-0.8583068348768675,21,False,-0.9006785781461815,0.0,-0.9006785781461815,42,False,-0.9006785781461815,0.0,-0.9006785781461815,42,False,-0.9006785781461815,0.0,-0.9006785781461815,42,False,False,True,True,TIER1,2.617,16938.627841249203,36957.1785317657,246.0,94.0,train
observing,6d3d2fe9-bfcc-4fd7-b6bd-55bd97edc43b,NVIDIA,2026-09-20 17:47:28.832274+00:00,,,,,,,,,,,,0.08,,,,,,,,,,,,,,,,,,0.07926819117081974,0.07926819117081974,0.0,6,False,0.2601775447926362,0.2601775447926362,0.0,20,False,0.6260595913996829,0.6260595913996829,0.0,42,False,0.6260595913996829,0.6260595913996829,0.0,42,False,0.6260595913996829,0.6260595913996829,0.0,42,False,False,False,False,TIER1,7.0,54060.360062040374,376349.38923378923,7.0,0.0,train
observing,b512fcbc-ebd3-4692-bd05-0d67fa5a63b4,SpaceX,2026-09-20 17:47:28.994417+00:00,,,,,,,,,,,,0.38,,,,,,,,,,,,,,,,,,0.08604771380085041,0.08604771380085041,0.0,6,False,0.4914982445733731,0.4914982445733731,0.0,20,False,1.1770126252997395,1.1770126252997395,0.0,42,False,1.1770126252997395,1.1770126252997395,0.0,42,False,1.1770126252997395,1.1770126252997395,0.0,42,False,False,False,False,TIER1,14.0,50845.81704602603,332938.04401837155,14.0,0.0,train
observing,1056e32f-676d-4dd2-b3d2-cac3042797e1,LV,2026-09-20 17:48:28.285777+00:00,,,,,,,,,,,,0.39,,,,,,,,,,,,,,,,,,0.08801701817271423,0.08801701817271423,0.0,6,False,0.17866222659176656,0.17866222659176656,0.0,11,False,0.17866222659176656,0.17866222659176656,0.0,11,False,0.17866222659176656,0.17866222659176656,0.0,11,False,0.17866222659176656,0.17866222659176656,0.0,11,False,False,False,False,TIER1,110.0,37179.155893610645,93275.53318627091,110.0,0.0,train
observing,399ca3d8-157c-4858-b3dd-e0e5e5258d8b,DogWifTipped,2026-09-20 17:48:28.591223+00:00,,,,,,,,,,,,1.03,,,,,,,,,,,,,,,,,,0.7508353777391592,0.7508353777391592,-0.0705038620916727,6,False,-0.3749047572407743,1.1791142038170253,-0.3749047572407743,20,False,0.18792753527059447,1.1791142038170253,-0.3749047572407743,43,False,0.18792753527059447,1.1791142038170253,-0.3749047572407743,43,False,0.18792753527059447,1.1791142038170253,-0.3749047572407743,43,False,False,False,False,TIER1,4.1111,27571.166687335543,97735.93202002191,333.0,81.0,train
observing,c1d01f7e-00a5-4e10-a13f-b0a0c7b40663,Claude,2026-09-20 17:49:28.420665+00:00,,,,,,,,,,,,0.1,,,,,,,,,,,,,,,,,,0.11430050388756374,0.11430050388756374,0.0,7,False,0.27056050821097366,0.27056050821097366,0.0,20,False,0.825501031280629,0.825501031280629,0.0,43,False,0.825501031280629,0.825501031280629,0.0,43,False,0.825501031280629,0.825501031280629,0.0,43,False,False,False,False,TIER1,9.0,51806.23014328245,345856.27743171295,9.0,0.0,train
observing,2698e1b5-dfb8-4623-807d-428b97a81ff1,SpaceX,2026-09-20 17:49:28.552317+00:00,,,,,,,,,,,,0.7,,,,,,,,,,,,,,,,,,0.33470642423279684,0.33470642423279684,0.0,4,False,0.33470642423279684,0.33470642423279684,0.0,4,False,0.33470642423279684,0.33470642423279684,0.0,4,False,0.33470642423279684,0.33470642423279684,0.0,4,False,0.33470642423279684,0.33470642423279684,0.0,4,False,False,False,False,TIER1,17.0,21412.946353759595,53551.71289260627,17.0,1.0,train
observing,6b47705e-b288-4867-a511-fbeecc38d732,NTDA,2026-09-20 17:50:30.090673+00:00,,,,,,,,,,,,0.11,,,,,,,,,,,,,,,,,,0.06658121563811847,0.06658121563811847,0.0,6,False,0.281879259345549,0.281879259345549,0.0,20,False,0.6185379802352284,0.6185379802352284,0.0,43,False,0.6185379802352284,0.6185379802352284,0.0,43,False,0.6185379802352284,0.6185379802352284,0.0,43,False,False,False,False,TIER1,6.0,168451.20286163938,3657543.3049942916,6.0,0.0,train
observing,08e48c7d-8456-4e6f-8778-ce13ef016caa,Kraken,2026-09-20 17:55:28.449903+00:00,,,,,,,,,,,,0.56,,,,,,,,,,,,,,,,,,0.001074891049973159,0.001074891049973159,0.0,2,False,0.001074891049973159,0.001074891049973159,0.0,2,False,0.001074891049973159,0.001074891049973159,0.0,2,False,0.001074891049973159,0.001074891049973159,0.0,2,False,0.001074891049973159,0.001074891049973159,0.0,2,False,False,False,False,TIER1,2.3333,21626.35152786719,54083.43647374281,7.0,3.0,train
observing,1f2915bf-958c-4634-8d5b-9560903ffcac,AMD,2026-09-20 17:57:28.307157+00:00,,,,,,,,,,,,0.54,,,,,,,,,,,,,,,,,,0.2724840995589408,0.2724840995589408,0.0,7,False,0.7070290235054384,0.7070290235054384,0.0,21,False,1.3027579350775134,1.3027579350775134,0.0,46,False,1.3027579350775134,1.3027579350775134,0.0,46,False,1.3027579350775134,1.3027579350775134,0.0,46,False,False,False,False,TIER1,4.9722,59415.99518557428,455975.14155741077,179.0,36.0,train
observing,42af262b-f219-416b-afa5-1c03b86eafc9,OpenSea,2026-09-20 17:58:28.503342+00:00,,,,,,,,,,,,0.39,,,,,,,,,,,,,,,,,,0.5799613594439195,0.5799613594439195,0.0,7,False,0.8249032680760442,0.8249032680760442,0.0,8,False,0.8249032680760442,0.8249032680760442,0.0,8,False,0.8249032680760442,0.8249032680760442,0.0,8,False,0.8249032680760442,0.8249032680760442,0.0,8,False,False,False,False,TIER1,4.0,21828.117598639605,54585.92200621325,4.0,1.0,train
observing,6ad7ee78-38cf-496d-bf2a-395bf1fefbe4,META,2026-09-20 18:09:28.486412+00:00,,,,,,,,,,,,0.67,,,,,,,,,,,,,,,,,,0.0683253434613127,0.0683253434613127,0.0,3,False,0.0683253434613127,0.0683253434613127,0.0,3,False,0.0683253434613127,0.0683253434613127,0.0,3,False,0.0683253434613127,0.0683253434613127,0.0,3,False,0.0683253434613127,0.0683253434613127,0.0,3,False,False,False,False,TIER1,16.0,21982.65733107902,54975.666244012595,16.0,1.0,train
observing,33828744-f340-4f02-8513-73017f78b7a0,RATE,2026-09-20 18:11:28.351917+00:00,,,,,,,,,,,,0.34,,,,,,,,,,,,,,,,,,-0.09315466661546679,0.12117188152700775,-0.16877822802510234,8,False,0.120294911132802,0.31114684722224384,-0.16877822802510234,26,False,0.057112913138244625,0.31114684722224384,-0.16877822802510234,53,False,0.057112913138244625,0.31114684722224384,-0.16877822802510234,53,False,0.057112913138244625,0.31114684722224384,-0.16877822802510234,53,False,False,False,False,TIER1,2.6296,18870.215476989113,46048.86157435708,71.0,27.0,train
observing,7cc3524e-2442-4838-8446-f9b8556af25c,Pepsi,2026-09-20 18:11:28.479052+00:00,,,,,,,,,,,,0.5,,,,,,,,,,,,,,,,,,0.09943792934387452,0.09943792934387452,0.0,8,False,0.3195584045270845,0.3195584045270845,0.0,26,False,0.7858261517863689,0.7858261517863689,0.0,53,False,0.7858261517863689,0.7858261517863689,0.0,53,False,0.7858261517863689,0.7858261517863689,0.0,53,False,False,False,False,TIER1,14.0,49676.31949882549,318933.02806883305,14.0,0.0,train
observing,932efe80-c5ee-4f9d-9a95-d6a9a3080efb,CATESHI,2026-09-20 18:12:28.414792+00:00,,,,,,,,,,,,0.1,,,,,,,,,,,,,,,,,,0.4230350754025891,0.4230350754025891,-0.12523066053145537,8,False,0.07275308659411106,0.5606022968386672,-0.12523066053145537,25,False,0.4310192058664297,0.5606022968386672,-0.12523066053145537,52,False,0.4310192058664297,0.5606022968386672,-0.12523066053145537,52,False,0.4310192058664297,0.5606022968386672,-0.12523066053145537,52,False,False,False,False,TIER1,7.0,25823.2486645838,86270.6612521295,7.0,0.0,train
observing,e25ea8ef-0d20-4943-b88a-68f4fb0aa505,Spider-Man,2026-09-20 18:12:28.753027+00:00,,,,,,,,,,,,0.37,,,,,,,,,,,,,,,,,,0.1826001394718404,0.1826001394718404,0.0,8,False,0.5736038340876297,0.5736038340876297,0.0,25,False,-0.9928087663417793,0.8735334397472039,-0.9928350922614413,52,False,-0.9928087663417793,0.8735334397472039,-0.9928350922614413,52,False,-0.9928087663417793,0.8735334397472039,-0.9928350922614413,52,False,False,True,True,TIER1,10.0,45174.86427685804,263726.5711819091,10.0,0.0,train
observing,366bac2f-c8be-41f1-90a0-ceffcf800e14,TYRONE,2026-09-20 18:13:28.662773+00:00,,,,,,,,,,,,0.54,,,,,,,,,,,,,,,,,,0.1681398835144856,0.35360666329725077,0.0,9,False,-0.2790979477111115,0.35360666329725077,-0.2790979477111115,26,False,-0.9679976205815759,0.35360666329725077,-0.9682000285104405,53,False,-0.9679976205815759,0.35360666329725077,-0.9682000285104405,53,False,-0.9679976205815759,0.35360666329725077,-0.9682000285104405,53,False,False,True,True,TIER1,3.08,27098.00351894692,93234.9553597375,154.0,50.0,train
observing,9fd93264-65c4-4fad-afa4-d6880829c445,Fartcoin,2026-09-20 18:13:28.781881+00:00,,,,,,,,,,,,0.62,,,,,,,,,,,,,,,,,,0.1494202339566575,0.1494202339566575,0.0,9,False,0.47754385396453825,0.47754385396453825,0.0,11,False,0.47754385396453825,0.47754385396453825,0.0,11,False,0.47754385396453825,0.47754385396453825,0.0,11,False,0.47754385396453825,0.47754385396453825,0.0,11,False,False,False,False,TIER1,10.0,21093.845592756334,52743.33456406367,10.0,1.0,train
observing,67e11ac8-acd4-4fa3-9137-9c664f9ce081,WSOS,2026-09-20 18:14:28.588364+00:00,,,,,,,,,,,,0.58,,,,,,,,,,,,,,,,,,0.014326171994846426,0.014326171994846426,0.0,8,False,0.018998385266694617,0.020027863930492718,0.0,26,False,0.02068009290757078,0.02068009290757078,0.0,53,False,0.02068009290757078,0.02068009290757078,0.0,53,False,0.02068009290757078,0.02068009290757078,0.0,53,False,False,False,False,TIER1,244.0,584494.0174019601,44148080.48166813,244.0,0.0,train
observing,0e5ca04d-f279-4321-a457-f0ccf500dcd3,XIAOMI,2026-09-20 18:23:28.609487+00:00,,,,,,,,,,,,0.35,,,,,,,,,,,,,,,,,,0.04893667090417875,0.04893667090417875,0.0,8,False,0.33818869162078724,0.33818869162078724,0.0,10,False,0.33818869162078724,0.33818869162078724,0.0,10,False,0.33818869162078724,0.33818869162078724,0.0,10,False,0.33818869162078724,0.33818869162078724,0.0,10,False,False,False,False,TIER1,6.0,21149.058126138923,52889.05000419123,6.0,1.0,train
observing,274449a8-736b-4857-83d6-93265954d256,Bybit,2026-09-20 18:32:28.485416+00:00,,,,,,,,,,,,0.72,,,,,,,,,,,,,,,,,,0.11031864388122692,0.11031864388122692,0.0,9,False,0.5962913518003341,0.5962913518003341,0.0,12,False,0.5962913518003341,0.5962913518003341,0.0,12,False,0.5962913518003341,0.5962913518003341,0.0,12,False,0.5962913518003341,0.5962913518003341,0.0,12,False,False,False,False,TIER1,5.0,22261.680951034286,55670.58096565886,5.0,1.0,train
observing,05357cb1-52a3-4aab-8ed1-a2e9f6ffb866,SJEANPHIL,2026-09-20 18:36:28.583097+00:00,,,,,,,,,,,,0.37,,,,,,,,,,,,,,,,,,0.058907511020200864,0.749048885738735,-0.1319350301907617,9,False,-0.9453909531904752,0.749048885738735,-0.9453909531904752,27,False,-0.9452545846544949,0.749048885738735,-0.9454702388762076,54,False,-0.9452545846544949,0.749048885738735,-0.9454702388762076,54,False,-0.9452545846544949,0.749048885738735,-0.9454702388762076,54,False,False,True,True,TIER1,3.1429,19426.118072960577,48768.10974165729,22.0,7.0,train
observing,f382ca9f-2a84-4394-9a81-ee6cc7ba0acc,PENIS,2026-09-20 18:41:28.594719+00:00,,,,,,,,,,,,0.75,,,,,,,,,,,,,,,,,,0.07962473533768444,0.07962473533768444,0.0,3,False,0.07962473533768444,0.07962473533768444,0.0,3,False,0.07962473533768444,0.07962473533768444,0.0,3,False,0.07962473533768444,0.07962473533768444,0.0,3,False,0.07962473533768444,0.07962473533768444,0.0,3,False,False,False,False,TIER1,11.5,20935.396854178896,52370.38067915542,23.0,2.0,train
observing,554efc73-ec45-4dfc-b9b1-ec76a14558c9,Amazon,2026-09-20 18:44:28.921943+00:00,,,,,,,,,,,,0.45,,,,,,,,,,,,,,,,,,0.043982379557024,0.043982379557024,0.0,9,False,0.6032021106900989,0.6032021106900989,0.0,13,False,0.6032021106900989,0.6032021106900989,0.0,13,False,0.6032021106900989,0.6032021106900989,0.0,13,False,0.6032021106900989,0.6032021106900989,0.0,13,False,False,False,False,TIER1,3.5,22718.836823099122,56814.396938667815,7.0,2.0,train
observing,f3efd724-8dc5-454a-b44b-fb9cbb4cf490,KIBA,2026-09-20 18:45:28.765380+00:00,,,,,,,,,,,,0.48,,,,,,,,,,,,,,,,,,0.027648531769187468,0.027648531769187468,0.0,9,False,0.03817765995319089,0.038485632643174617,0.0,27,False,0.05569589108785866,0.05569589108785866,0.0,54,False,0.05569589108785866,0.05569589108785866,0.0,54,False,0.05569589108785866,0.05569589108785866,0.0,54,False,False,False,False,TIER1,28.0,225879.8137143443,6589572.4310793355,28.0,0.0,train
observing,a86fa5a5-aff1-4ed8-ab51-ea6a4ebc4fe4,Stamp,2026-09-20 18:49:28.599319+00:00,,,,,,,,,,,,0.86,,,,,,,,,,,,,,,,,,1.6006811659893065,1.6006811659893065,0.0,6,False,1.6006811659893065,1.6006811659893065,0.0,6,False,1.6006811659893065,1.6006811659893065,0.0,6,False,1.6006811659893065,1.6006811659893065,0.0,6,False,1.6006811659893065,1.6006811659893065,0.0,6,False,False,False,False,TIER1,1.7391,20947.190445243054,58879.584761275626,80.0,46.0,train
observing,e98e7982-0bec-4acf-a26f-3ec6b162e124,FOMO,2026-09-20 18:51:28.563869+00:00,,,,,,,,,,,,0.28,,,,,,,,,,,,,,,,,,0.12237344528746052,0.12237344528746052,0.0,9,False,0.218878540689309,0.218878540689309,0.0,27,False,0.814990688679758,0.814990688679758,0.0,53,False,0.814990688679758,0.814990688679758,0.0,53,False,0.814990688679758,0.814990688679758,0.0,53,False,False,False,False,TIER1,11.0,44784.71100270444,260570.5095080131,11.0,0.0,train
observing,507129b3-28e9-47b0-abbd-4f5e885c1b72,USDF,2026-09-20 18:51:28.698664+00:00,,,,,,,,,,,,0.49,,,,,,,,,,,,,,,,,,0.018955197486003605,0.018955197486003605,0.0,9,False,0.030952714971440143,0.030952714971440143,0.0,27,False,0.03890090701220217,0.03890090701220217,0.0,53,False,0.03890090701220217,0.03890090701220217,0.0,53,False,0.03890090701220217,0.03890090701220217,0.0,53,False,False,False,False,TIER1,25.0,332887.6579442636,14389402.002476145,25.0,1.0,train
observing,d738256b-4786-44fd-b4ce-9c6016556ed1,Stamp,2026-09-20 18:51:29.073765+00:00,,,,,,,,,,,,0.97,,,,,,,,,,,,,,,,,,0.8725969714138655,0.8725969714138655,-0.06439963641374402,9,False,1.3535623303919255,2.4910841619688084,-0.06439963641374402,27,False,2.3896787482798567,3.8617224774612033,-0.06439963641374402,53,False,2.3896787482798567,3.8617224774612033,-0.06439963641374402,53,False,2.3896787482798567,3.8617224774612033,-0.06439963641374402,53,False,False,False,False,TIER1,9.0,21933.37816270557,64872.13039105611,36.0,4.0,train
observing,b4a214c3-bce4-49a5-8ae1-5a80131ae928,Greenland,2026-09-20 18:52:20.037310+00:00,,,,,,,,,,,,0.48,,,,,,,,,,,,,,,,,,0.10699742757119068,0.10699742757119068,0.0,9,False,0.10908331090086465,0.1108739772971774,0.0,27,False,0.5049908904273832,0.5049908904273832,0.0,53,False,-0.998118528539036,0.8104027150304853,-0.9981265199534419,105,False,-0.998118528539036,0.8104027150304853,-0.9981265199534419,105,False,False,True,True,TIER1,19.375,70717.74823055684,645423.1733322814,155.0,8.0,train
observing,64698b52-d7b9-4edc-9f32-7d38808419ec,CALI,2026-09-20 18:52:20.390855+00:00,,0.5833,0.5647,0.5618,1.0,1.034,1.0225,0.003579,0.005324,0.451441,4.69,1.39,4.0618,4.5,5.951441,30.0,14.0,44.0,62291.30623229151,501357.6704467516,2.1429,2.142857142857143,,FLAT,FLAT,SPIKE,,DISCARD,rolling_window_v1,-0.9823039522706338,0.0,-0.9823712848751074,9,False,-0.9823191450427354,0.0,-0.9823712848751074,27,False,-0.9822773979472214,0.0,-0.9823712848751074,53,False,-0.9821792482357427,0.0,-0.9823712848751074,105,False,-0.9821792482357427,0.0,-0.9823712848751074,105,False,False,True,True,SCORER,,,,,,train
observing,1bfb36d5-7506-4c91-a697-9b0596d8e1e4,Stamp,2026-09-20 18:52:20.717761+00:00,,0.4795,0.4632,0.4654,13.5543,20.8999,14.7386,6.298624,7.085516,8.271867,4.79,4.51,3.9654,2.0,10.0,102.0,85.0,187.0,35860.57077124084,101999.76140356091,1.2,1.2,7.59,FLAT,DECELERATING,ACCELERATING,,DISCARD,rolling_window_v1,1.1476968888094436,1.1476968888094436,-0.08571989148924519,9,False,1.2256936290632563,1.5829612746928405,-0.08571989148924519,27,False,-0.16929133005100483,1.5829612746928405,-0.19842865595953485,53,False,0.7182702247341344,1.5829612746928405,-0.3920489125461061,105,False,0.7182702247341344,1.5829612746928405,-0.3920489125461061,105,False,False,False,False,SCORER,,,,,,train
observing,00671f4e-2eea-44d1-8d0d-ec60fabb95f2,BEAST,2026-09-20 18:52:21.130451+00:00,,0.8265,0.8474,0.8462,1.0182,1.016,1.0165,0.33069,0.329181,0.3296,4.27,3.18,4.3462,4.5,3.8296,272.0,194.0,466.0,59029.218253755505,450741.3121342516,1.4021,1.402061855670103,6.47,FLAT,FLAT,FLAT,,DISCARD,rolling_window_v1,0.06409028927581617,0.06409028927581617,0.0,9,False,-0.9965552964542377,0.251524862111683,-0.9965602565932656,27,False,-0.9965473928204845,0.251524862111683,-0.9965602565932656,53,False,-0.9965282723693322,0.251524862111683,-0.9965602565932656,105,False,-0.9965282723693322,0.251524862111683,-0.9965602565932656,105,False,False,True,True,SCORER,,,,,,train
observing,277c596c-0c4b-4d38-a132-467cdb51149e,ECTF,2026-09-20 18:55:14.723621+00:00,,,,,,,,,,,,0.93,,,,,,,,,,,,,,,,,,0.02042300765423999,0.02042300765423999,0.0,9,False,0.027442300799346064,0.027623737855485553,0.0,27,False,0.035152145924203904,0.03525363792320846,0.0,53,False,0.035152145924203904,0.03525363792320846,0.0,53,False,0.035152145924203904,0.03525363792320846,0.0,53,False,False,False,False,TIER1,35.0,333462.94439050334,14431710.64564682,35.0,0.0,train
observing,c686f8d8-839f-4e5c-845b-4aa8aee9ad1b,PumpPay,2026-09-20 18:57:14.854328+00:00,,,,,,,,,,,,0.46,,,,,,,,,,,,,,,,,,0.33099931335617083,0.33099931335617083,0.0,8,False,0.8837396438031486,0.8837396438031486,0.0,11,False,0.8837396438031486,0.8837396438031486,0.0,11,False,0.8837396438031486,0.8837396438031486,0.0,11,False,0.8837396438031486,0.8837396438031486,0.0,11,False,False,False,False,TIER1,7.0,16428.787236666823,41106.00845216546,21.0,3.0,train
observing,6ec6776d-b58e-4dcb-bc17-b0ef8d15708f,TDOF,2026-09-20 18:57:15.153882+00:00,,,,,,,,,,,,0.65,,,,,,,,,,,,,,,,,,0.01754732791151814,0.01754732791151814,0.0,8,False,0.029179507774847346,0.029179507774847346,0.0,26,False,0.03447573304715701,0.03504522154552636,0.0,52,False,0.03447573304715701,0.03504522154552636,0.0,52,False,0.03447573304715701,0.03504522154552636,0.0,52,False,False,False,False,TIER1,7.6667,333413.16063744447,14410957.514235396,23.0,3.0,train
observing,0be9a013-aacd-4094-a392-1b04dd2b739a,PORNHUB,2026-09-20 18:59:14.895003+00:00,,,,,,,,,,,,0.78,,,,,,,,,,,,,,,,,,0.6401480926711387,0.6401480926711387,0.0,8,False,0.6401480926711387,0.6401480926711387,0.0,8,False,0.6401480926711387,0.6401480926711387,0.0,8,False,0.6401480926711387,0.6401480926711387,0.0,8,False,0.6401480926711387,0.6401480926711387,0.0,8,False,False,False,False,TIER1,96.5,20899.466371005885,52525.31955228535,193.0,2.0,train
observing,e71f799e-fb6b-4d1a-8366-06ff38eb8f0a,Mercedes,2026-09-20 19:01:14.879961+00:00,,,,,,,,,,,,0.55,,,,,,,,,,,,,,,,,,0.16733352969398974,0.16733352969398974,0.0,9,False,0.4078041940152184,0.4078041940152184,0.0,26,False,-0.9970730505379216,0.43965917709499847,-0.9970978405332345,52,False,-0.9970730505379216,0.43965917709499847,-0.9970978405332345,52,False,-0.9970730505379216,0.43965917709499847,-0.9970978405332345,52,False,False,True,True,TIER1,6.0,71606.64253419574,665540.7185106938,36.0,6.0,train
observing,488869cf-a142-4264-a132-779f61aedc0f,Coinbase,2026-09-20 19:04:14.745289+00:00,,,,,,,,,,,,0.76,,,,,,,,,,,,,,,,,,0.0519631362203663,0.0519631362203663,0.0,6,False,0.0519631362203663,0.0519631362203663,0.0,6,False,0.0519631362203663,0.0519631362203663,0.0,6,False,0.0519631362203663,0.0519631362203663,0.0,6,False,0.0519631362203663,0.0519631362203663,0.0,6,False,False,False,False,TIER1,26.0,21083.116149347166,52734.16810285689,26.0,1.0,train
observing,5cebaac5-4697-4bc9-b319-da14f4dbc434,TRAGET,2026-09-20 19:07:14.905271+00:00,,,,,,,,,,,,0.55,,,,,,,,,,,,,,,,,,-0.04474183664822118,0.0,-0.24357501154404337,9,False,0.2991759312338278,0.2991759312338278,-0.24357501154404337,26,False,-0.9969246380914089,0.35312956556279884,-0.9969525481804417,53,False,-0.9969246380914089,0.35312956556279884,-0.9969525481804417,53,False,-0.9969246380914089,0.35312956556279884,-0.9969525481804417,53,False,False,True,True,TIER1,77.6667,70471.60738509639,642729.4922056427,233.0,3.0,train
observing,a8a40669-d746-41b0-99e5-73ae2470df74,BRAINHUM,2026-09-20 19:07:15.170217+00:00,,,,,,,,,,,,0.51,,,,,,,,,,,,,,,,,,0.7227913507983459,0.7227913507983459,0.0,8,False,0.7227913507983459,0.7227913507983459,0.0,8,False,0.7227913507983459,0.7227913507983459,0.0,8,False,0.7227913507983459,0.7227913507983459,0.0,8,False,0.7227913507983459,0.7227913507983459,0.0,8,False,False,False,False,TIER1,41.3333,18731.07225784427,47055.90119962659,124.0,3.0,train
observing,c477b954-d96b-4177-88dc-4381524f3e92,SpaceX AI,2026-09-20 19:08:14.908180+00:00,,,,,,,,,,,,0.5,,,,,,,,,,,,,,,,,,0.09571855044788258,0.09571855044788258,0.0,9,False,0.1787231789524486,0.1787231789524486,0.0,15,False,0.1787231789524486,0.1787231789524486,0.0,15,False,0.1787231789524486,0.1787231789524486,0.0,15,False,0.1787231789524486,0.1787231789524486,0.0,15,False,False,False,False,TIER1,64.6667,37083.20371239433,93279.11244400278,194.0,3.0,train
observing,a0536462-12fc-4755-bb01-adf924bcd6d9,Huawei,2026-09-20 19:09:14.759187+00:00,,,,,,,,,,,,0.79,,,,,,,,,,,,,,,,,,0.002599178724379314,0.002599178724379314,0.0,4,False,0.002599178724379314,0.002599178724379314,0.0,4,False,0.002599178724379314,0.002599178724379314,0.0,4,False,0.002599178724379314,0.002599178724379314,0.0,4,False,0.002599178724379314,0.002599178724379314,0.0,4,False,False,False,False,TIER1,13.3333,22667.68439948719,56704.739407345536,40.0,3.0,train
observing,19705d73-f80c-448b-825d-dc980300ea84,BackCat,2026-09-20 19:10:14.789906+00:00,,,,,,,,,,,,0.51,,,,,,,,,,,,,,,,,,0.49592102335677724,0.49592102335677724,0.0,7,False,0.49592102335677724,0.49592102335677724,0.0,7,False,0.49592102335677724,0.49592102335677724,0.0,7,False,0.49592102335677724,0.49592102335677724,0.0,7,False,0.49592102335677724,0.49592102335677724,0.0,7,False,False,False,False,TIER1,54.25,18777.814364075664,47255.44437156589,217.0,4.0,train
observing,e18f22cc-bb9f-4a6a-8d8b-40549c1a844c,OpenClaw,2026-09-20 19:14:14.953597+00:00,,,,,,,,,,,,0.62,,,,,,,,,,,,,,,,,,0.005245785195179931,0.005245785195179931,0.0,8,False,0.594777782147871,0.594777782147871,0.0,17,False,0.594777782147871,0.594777782147871,0.0,17,False,0.594777782147871,0.594777782147871,0.0,17,False,0.594777782147871,0.594777782147871,0.0,17,False,False,False,False,TIER1,5.0,23070.885218476178,57692.55947088916,5.0,1.0,train
observing,17164d63-3da8-4a5f-9e99-71a85e7a222c,KFC,2026-09-20 19:16:14.772896+00:00,,,,,,,,,,,,0.48,,,,,,,,,,,,,,,,,,0.10700032139469906,0.10700032139469906,0.0,9,False,0.283201488999951,0.283201488999951,0.0,26,False,0.624720876032014,0.624720876032014,0.0,52,False,0.624720876032014,0.624720876032014,0.0,52,False,0.624720876032014,0.624720876032014,0.0,52,False,False,False,False,TIER1,35.0,52265.736115448,352868.58236601023,35.0,0.0,train
observing,b090de25-3d58-418e-a916-295ab688fbae,STARBUCKS,2026-09-20 19:25:14.811583+00:00,,,,,,,,,,,,0.19,,,,,,,,,,,,,,,,,,0.20510477520792159,0.20510477520792159,0.0,8,False,0.5817156317962282,0.5817156317962282,0.0,26,False,0.9690183843761713,0.9690183843761713,0.0,52,False,0.9690183843761713,0.9690183843761713,0.0,52,False,0.9690183843761713,0.9690183843761713,0.0,52,False,False,False,False,TIER1,34.0,70962.87727046799,650654.9785576429,34.0,0.0,train
observing,5511e8d2-fcc7-4f4c-9b06-9c94f0a24ec0,FOMO LISA,2026-09-20 19:27:14.933745+00:00,,,,,,,,,,,,0.62,,,,,,,,,,,,,,,,,,0.2947716839610839,0.2947716839610839,0.0,9,False,0.6411371541102158,0.6411371541102158,0.0,26,False,-0.48642362708723175,1.1026972542366895,-0.49256478676838644,52,False,-0.48642362708723175,1.1026972542366895,-0.49256478676838644,52,False,-0.48642362708723175,1.1026972542366895,-0.49256478676838644,52,False,False,False,False,TIER1,14.1429,59559.57592506078,458690.6975727572,198.0,14.0,train
observing,ede2b2a4-bb17-4e41-bef9-896a2625f5cd,StampCat,2026-09-20 19:27:15.309497+00:00,,,,,,,,,,,,0.93,,,,,,,,,,,,,,,,,,0.33155605382809905,0.5959023646188015,-0.04783582192337943,9,False,-0.978007942555092,0.5959023646188015,-0.9799257227070939,26,False,-0.9831010563115988,0.5959023646188015,-0.9831306623005793,52,False,-0.9831010563115988,0.5959023646188015,-0.9831306623005793,52,False,-0.9831010563115988,0.5959023646188015,-0.9831306623005793,52,False,False,True,True,TIER1,5.1633,31811.279900653048,130705.41007669119,253.0,49.0,train
observing,ef6f9914-db9b-4835-9ae8-412ffa235a17,ELON,2026-09-20 19:28:14.948026+00:00,,,,,,,,,,,,0.38,,,,,,,,,,,,,,,,,,0.01321791819072482,0.01321791819072482,0.0,4,False,0.01321791819072482,0.01321791819072482,0.0,4,False,0.01321791819072482,0.01321791819072482,0.0,4,False,0.01321791819072482,0.01321791819072482,0.0,4,False,0.01321791819072482,0.01321791819072482,0.0,4,False,False,False,False,TIER1,4.0,22408.812338525786,56044.222038138556,4.0,0.0,train
observing,db49fca3-aec1-4633-8e76-f7ea7b12b241,TRAGET,2026-09-20 19:29:14.942693+00:00,,,,,,,,,,,,0.95,,,,,,,,,,,,,,,,,,0.2064499889237772,0.2064499889237772,0.0,8,False,-0.5440617524552789,0.25381428316455645,-0.7385008130478381,26,False,-0.9970305496865448,0.25381428316455645,-0.9970307873624308,52,False,-0.9970305496865448,0.25381428316455645,-0.9970307873624308,52,False,-0.9970305496865448,0.25381428316455645,-0.9970307873624308,52,False,False,True,True,TIER1,3.1474,70864.16884493863,648978.9846660099,299.0,95.0,train
observing,4024e651-7dde-43bf-b1d8-97893dc0f2ae,S&P500,2026-09-20 19:30:14.975710+00:00,,,,,,,,,,,,0.55,,,,,,,,,,,,,,,,,,-0.8752712750995608,0.022861471427252367,-0.8921065053483345,8,False,-0.9954879586392374,0.022861471427252367,-0.9954904651609044,25,False,-0.9954824241342279,0.022861471427252367,-0.9954904651609044,51,False,-0.9954824241342279,0.022861471427252367,-0.9954904651609044,51,False,-0.9954824241342279,0.022861471427252367,-0.9954904651609044,51,False,False,True,True,TIER1,49.0,58833.67395074271,446842.3645911917,49.0,0.0,train
observing,67f7779e-b4fa-422b-aeb4-e3e7b996ce3e,Stamp,2026-09-20 19:31:14.920082+00:00,,,,,,,,,,,,0.81,,,,,,,,,,,,,,,,,,1.139402012691269,1.1548314750495772,0.0,9,False,2.980571746811817,3.641047061051802,0.0,26,False,4.7322302791753055,4.7322302791753055,0.0,52,False,4.7322302791753055,4.7322302791753055,0.0,52,False,4.7322302791753055,4.7322302791753055,0.0,52,False,False,False,False,TIER1,17.7143,25434.98776070172,73503.82631667555,124.0,7.0,train
observing,dd1d48f2-d20d-44ea-9a6e-4f04464e1026,MSFT,2026-09-20 19:32:14.972882+00:00,,,,,,,,,,,,0.69,,,,,,,,,,,,,,,,,,0.00834684624793458,0.00834684624793458,0.0,9,False,1.073717983926168,1.073717983926168,0.0,17,False,1.073717983926168,1.073717983926168,0.0,17,False,1.073717983926168,1.073717983926168,0.0,17,False,1.073717983926168,1.073717983926168,0.0,17,False,False,False,False,TIER1,7.6667,21735.565347438598,54366.37751573988,23.0,3.0,train
observing,dfa3a610-31ab-4c86-8aa8-07b3b5db150a,TikTok,2026-09-20 19:41:14.982241+00:00,,,,,,,,,,,,0.33,,,,,,,,,,,,,,,,,,0.1944081447934214,0.1944081447934214,0.0,9,False,-0.9925379255228185,0.4765684051029955,-0.9925379255228185,26,False,-0.9923705413224834,0.4765684051029955,-0.9925450635697061,52,False,-0.9923705413224834,0.4765684051029955,-0.9925450635697061,52,False,-0.9923705413224834,0.4765684051029955,-0.9925450635697061,52,False,False,True,True,TIER1,22.0,45486.939082576246,266131.83866551967,22.0,0.0,train
observing,39260f0c-f768-4ce2-b3b4-39caed6e212d,PORNHUB,2026-09-20 19:47:15.113627+00:00,,,,,,,,,,,,0.6,,,,,,,,,,,,,,,,,,0.13833289677547844,0.13833289677547844,0.0,6,False,0.13833289677547844,0.13833289677547844,0.0,6,False,0.13833289677547844,0.13833289677547844,0.0,6,False,0.13833289677547844,0.13833289677547844,0.0,6,False,0.13833289677547844,0.13833289677547844,0.0,6,False,False,False,False,TIER1,3.2,22255.23298219837,55668.29020486353,16.0,5.0,train
observing,2342d55e-7245-47d9-ae5c-a9e20e69ba04,��️,2026-09-20 19:49:15.776826+00:00,,,,,,,,,,,,0.41,,,,,,,,,,,,,,,,,,0.10191286816122047,0.10191286816122047,0.0,9,False,0.192440600909336,0.192440600909336,0.0,15,False,0.192440600909336,0.192440600909336,0.0,15,False,0.192440600909336,0.192440600909336,0.0,15,False,0.192440600909336,0.192440600909336,0.0,15,False,False,False,False,TIER1,48.0,37245.081285626446,93372.14939801341,48.0,0.0,train
observing,4e8b4f00-5e3a-4ba4-8462-7dd9113ad884,KIBA,2026-09-20 19:51:15.037080+00:00,,,,,,,,,,,,0.45,,,,,,,,,,,,,,,,,,0.018620432977051626,0.018620432977051626,0.0,8,False,0.017840113914071143,0.024459067808337398,0.0,26,False,-0.9998739187628066,0.024459067808337398,-0.9998739288125339,51,False,-0.9998739187628066,0.024459067808337398,-0.9998739288125339,51,False,-0.9998739187628066,0.024459067808337398,-0.9998739288125339,51,False,False,True,True,TIER1,41.0,347491.1056626949,15496436.358932288,41.0,0.0,train
observing,b3f3620f-5c4d-4da7-aae0-6cdacb2704d1,Stamp,2026-09-20 19:52:17.139092+00:00,,,,,,,,,,,,0.04,,,,,,,,,,,,,,,,,,1.1046332880700644,1.1046332880700644,0.0,8,False,0.24530417416325379,1.1046332880700644,0.0,12,False,0.24530417416325379,1.1046332880700644,0.0,12,False,0.24530417416325379,1.1046332880700644,0.0,12,False,0.24530417416325379,1.1046332880700644,0.0,12,False,False,False,False,TIER1,5.0,17465.781461096813,44922.63937827372,5.0,0.0,train
observing,cc1726cf-c67f-4285-a80f-65ca3867cfbc,IKUN,2026-09-20 19:58:15.036944+00:00,,,,,,,,,,,,0.07,,,,,,,,,,,,,,,,,,0.20281717366154517,0.20281717366154517,0.0,8,False,-0.9961003440949341,0.32884963995321126,-0.9961003440949341,26,False,-0.9960951313860228,0.32884963995321126,-0.9961003440949341,51,False,-0.9960951313860228,0.32884963995321126,-0.9961003440949341,51,False,-0.9960951313860228,0.32884963995321126,-0.9961003440949341,51,False,False,True,True,TIER1,7.0,62519.56463973956,502215.55810663674,7.0,0.0,train
observing,6beb98a0-4fb3-4a91-8b2d-9ff5b1bc15b3,StampPump,2026-09-20 19:58:15.171852+00:00,,,,,,,,,,,,0.32,,,,,,,,,,,,,,,,,,-0.10551747685937374,0.0,-0.394079170435092,8,False,-0.223361310805556,0.4525318874316351,-0.394079170435092,26,False,-0.9790512033032578,0.4525318874316351,-0.9790844831974632,51,False,-0.9790512033032578,0.4525318874316351,-0.9790844831974632,51,False,-0.9790512033032578,0.4525318874316351,-0.9790844831974632,51,False,False,True,True,TIER1,8.0,29576.655265627924,112458.45629005795,16.0,2.0,train
observing,2e4030aa-49be-4a77-8374-470958aa9990,Disney,2026-09-20 19:58:15.287828+00:00,,,,,,,,,,,,1.05,,,,,,,,,,,,,,,,,,0.09957913066982793,0.09957913066982793,0.0,8,False,0.6049489021487917,0.6049489021487917,0.0,26,False,1.2177087553175086,1.2177087553175086,0.0,51,False,1.2177087553175086,1.2177087553175086,0.0,51,False,1.2177087553175086,1.2177087553175086,0.0,51,False,False,False,False,TIER1,4.1679,51446.43891996539,340115.12854183465,571.0,137.0,train
observing,611eb89b-bc83-4539-ab01-fb1c17721675,XIAOMI,2026-09-20 19:59:15.022359+00:00,,,,,,,,,,,,0.14,,,,,,,,,,,,,,,,,,0.00451521630632068,0.00451521630632068,0.0,6,False,0.00451521630632068,0.00451521630632068,0.0,6,False,0.00451521630632068,0.00451521630632068,0.0,6,False,0.00451521630632068,0.00451521630632068,0.0,6,False,0.00451521630632068,0.00451521630632068,0.0,6,False,False,False,False,TIER1,6.0,21462.664672486982,53684.001696382446,6.0,0.0,train
observing,d8e18e24-5e86-4b57-8bab-11eba016e04e,TRAGET,2026-09-20 19:59:15.244439+00:00,,,,,,,,,,,,0.37,,,,,,,,,,,,,,,,,,-0.20406124967882933,0.0,-0.31959408210019846,8,False,0.04202486777279124,0.04202486777279124,-0.31959408210019846,25,False,0.48146601486285223,0.48146601486285223,-0.31959408210019846,51,False,0.48146601486285223,0.48146601486285223,-0.31959408210019846,51,False,0.48146601486285223,0.48146601486285223,-0.31959408210019846,51,False,False,False,False,TIER1,134.0,83105.2934702606,887877.7511948574,134.0,0.0,train
observing,2ed34aee-7f3f-4ee5-be2e-008de7fee1ab,DISNEY,2026-09-20 20:00:15.053998+00:00,,,,,,,,,,,,0.12,,,,,,,,,,,,,,,,,,0.1996346885725364,0.1996346885725364,0.0,9,False,0.4478915148194824,0.4478915148194824,0.0,26,False,0.6222645533119782,0.6222645533119782,0.0,52,False,0.6222645533119782,0.6222645533119782,0.0,52,False,0.6222645533119782,0.6222645533119782,0.0,52,False,False,False,False,TIER1,5.0,69465.19257140254,620424.8711785785,5.0,0.0,train
observing,ffe02805-5a86-4fc4-b26b-72b5dcc056b8,TJR,2026-09-20 20:00:15.227039+00:00,,,,,,,,,,,,0.59,,,,,,,,,,,,,,,,,,-0.9789161083212088,0.0,-0.9789161083212088,9,False,-0.9813384494622528,0.0,-0.9813384494622528,26,False,-0.9813669797559962,0.0,-0.9814104310389824,52,False,-0.9813669797559962,0.0,-0.9814104310389824,52,False,-0.9813669797559962,0.0,-0.9814104310389824,52,False,False,True,True,TIER1,3.4286,38954.39722759192,194383.46673347751,312.0,91.0,train
observing,80dd5b4f-3ee5-4ee1-9589-0c8587e4657f,GTA6 Coin,2026-09-20 20:03:15.044818+00:00,,,,,,,,,,,,0.38,,,,,,,,,,,,,,,,,,0.10548901107039255,0.10548901107039255,0.0,9,False,0.47456774305649607,0.47456774305649607,0.0,26,False,-0.9947861513280953,0.8427207440071731,-0.9947880656078725,52,False,-0.9947861513280953,0.8427207440071731,-0.9947880656078725,52,False,-0.9947861513280953,0.8427207440071731,-0.9947880656078725,52,False,False,True,True,TIER1,25.0,54525.77576737183,381845.7210447308,25.0,1.0,train
observing,2291a87f-290f-472d-a75c-146c61382cc0,Bybit,2026-09-20 20:04:15.258873+00:00,,,,,,,,,,,,0.59,,,,,,,,,,,,,,,,,,0.08973207728610233,0.08973207728610233,0.0,5,False,0.08973207728610233,0.08973207728610233,0.0,5,False,0.08973207728610233,0.08973207728610233,0.0,5,False,0.08973207728610233,0.08973207728610233,0.0,5,False,0.08973207728610233,0.08973207728610233,0.0,5,False,False,False,False,TIER1,2.6667,22378.443213036942,55972.27622490723,8.0,3.0,train
observing,c737a7b3-ba76-4505-a106-1e0cbe9054af,Bybit,2026-09-20 20:06:15.252980+00:00,,,,,,,,,,,,0.52,,,,,,,,,,,,,,,,,,0.08093679014334265,0.08093679014334265,0.0,8,False,0.153208278959031,0.153208278959031,0.0,14,False,0.153208278959031,0.153208278959031,0.0,14,False,0.153208278959031,0.153208278959031,0.0,14,False,0.153208278959031,0.153208278959031,0.0,14,False,False,False,False,TIER1,54.6667,37364.05293199472,93959.4647059956,164.0,3.0,train
observing,a3088781-5ffb-4e3e-8e96-8b932c239fb1,GEOM,2026-09-20 20:08:15.049396+00:00,,,,,,,,,,,,0.71,,,,,,,,,,,,,,,,,,0.054678409954941776,0.054678409954941776,0.0,9,False,0.08232978183073825,0.08232978183073825,0.0,26,False,0.10750784367977273,0.10750784367977273,0.0,51,False,0.10750784367977273,0.10750784367977273,0.0,51,False,0.10750784367977273,0.10750784367977273,0.0,51,False,False,False,False,TIER1,29.2222,237707.64267964265,7260841.3519506715,263.0,9.0,train
observing,9e35fa57-e74e-4e9d-8e7b-af3659a0dd03,OpenSea,2026-09-20 20:09:15.212293+00:00,,,,,,,,,,,,0.84,,,,,,,,,,,,,,,,,,0.2171118988141425,0.2171118988141425,0.0,8,False,0.5728392952332977,0.5728392952332977,0.0,10,False,0.5728392952332977,0.5728392952332977,0.0,10,False,0.5728392952332977,0.5728392952332977,0.0,10,False,0.5728392952332977,0.5728392952332977,0.0,10,False,False,False,False,TIER1,41.0,21318.841166440165,53335.37471098296,41.0,1.0,train
observing,3fc874a9-62c8-4763-afdb-6e825d2ec67e,STX,2026-09-20 20:10:17.102510+00:00,,,,,,,,,,,,0.78,,,,,,,,,,,,,,,,,,0.06743426950337605,0.06743426950337605,0.0,2,False,0.06743426950337605,0.06743426950337605,0.0,2,False,0.06743426950337605,0.06743426950337605,0.0,2,False,0.06743426950337605,0.06743426950337605,0.0,2,False,0.06743426950337605,0.06743426950337605,0.0,2,False,False,False,False,TIER1,3.1837,13673.639317111461,41486.374035507084,156.0,49.0,train
observing,6cffa2d4-d9a3-4a30-8dc6-f39a7f5e1d23,FEELSGOOD,2026-09-20 20:13:15.075882+00:00,,,,,,,,,,,,0.7,,,,,,,,,,,,,,,,,,-0.783527324037727,0.08787168822506719,-0.7979143482373872,8,False,-0.9926235112765148,0.08787168822506719,-0.9926304800396097,25,False,-0.9926182417660885,0.08787168822506719,-0.9926304800396097,51,False,-0.9926182417660885,0.08787168822506719,-0.9926304800396097,51,False,-0.9926182417660885,0.08787168822506719,-0.9926304800396097,51,False,False,True,True,TIER1,149.0,45628.05194966113,267995.8155954661,149.0,1.0,train
observing,f2d86393-6eea-47aa-a4bc-26fe945c9fe8,Apu,2026-09-20 20:15:15.059226+00:00,,,,,,,,,,,,0.32,,,,,,,,,,,,,,,,,,-0.33779082776309055,0.0,-0.3695487728276673,9,False,0.39166083615270986,0.43436689219677405,-0.3695487728276673,26,False,-0.25235006151093886,0.586036052759187,-0.3695487728276673,51,False,-0.25235006151093886,0.586036052759187,-0.3695487728276673,51,False,-0.25235006151093886,0.586036052759187,-0.3695487728276673,51,False,False,False,False,TIER1,28.0,27500.026871751932,97477.06165885032,28.0,1.0,train
observing,9d5e9e6f-4080-429f-9153-a1c6d89c7bdc,McDonald's,2026-09-20 20:17:14.963411+00:00,,,,,,,,,,,,0.98,,,,,,,,,,,,,,,,,,0.17448083222173616,0.17448083222173616,0.0,9,False,0.36175613337817425,0.36175613337817425,0.0,26,False,-0.996925517089916,0.4313754433974586,-0.9971010907185218,52,False,-0.996925517089916,0.4313754433974586,-0.9971010907185218,52,False,-0.996925517089916,0.4313754433974586,-0.9971010907185218,52,False,False,True,True,TIER1,3.101,72420.96225190215,675496.7128333966,307.0,99.0,train
observing,ceb0e408-ab9b-4a95-b905-1979c74f1230,PENIS,2026-09-20 20:19:15.067015+00:00,,,,,,,,,,,,0.21,,,,,,,,,,,,,,,,,,0.007054355293238723,0.007054355293238723,0.0,8,False,0.9666257422870359,0.9666257422870359,0.0,17,False,0.9666257422870359,0.9666257422870359,0.0,17,False,0.9666257422870359,0.9666257422870359,0.0,17,False,0.9666257422870359,0.9666257422870359,0.0,17,False,False,False,False,TIER1,6.0,21041.227300210063,52624.94686036905,6.0,0.0,train
observing,f2b5f5ad-ea35-41c3-ae9c-3a5cedb08d2c,BREW,2026-09-20 20:24:14.955831+00:00,,,,,,,,,,,,0.15,,,,,,,,,,,,,,,,,,-0.47441661540991,0.03650761484513487,-0.5787580839608877,9,False,-0.6186793926927063,0.03650761484513487,-0.8080614489159259,26,False,-0.9961333616876772,0.03650761484513487,-0.996136932817425,51,False,-0.9961333616876772,0.03650761484513487,-0.996136932817425,51,False,-0.9961333616876772,0.03650761484513487,-0.996136932817425,51,False,False,True,True,TIER1,3.0,63188.761693026056,513891.2663703913,27.0,9.0,train
observing,e066c837-0049-4cb4-a897-462824b1237a,JEAN,2026-09-20 20:29:15.108451+00:00,,,,,,,,,,,,0.53,,,,,,,,,,,,,,,,,,0.14432752715505015,0.14432752715505015,0.0,8,False,-0.17677848096772875,0.19744455568131203,-0.17677848096772875,26,False,-0.24518090969587858,0.19744455568131203,-0.25000470923931395,51,False,-0.24518090969587858,0.19744455568131203,-0.25000470923931395,51,False,-0.24518090969587858,0.19744455568131203,-0.25000470923931395,51,False,False,False,False,TIER1,8.5,40383.80861192732,209734.09230975792,17.0,2.0,train
observing,116f6d86-4c86-4817-b30a-fea99b41f8f8,WOFI,2026-09-20 20:31:15.132790+00:00,,,,,,,,,,,,0.11,,,,,,,,,,,,,,,,,,0.027501249985456333,0.027501249985456333,0.0,9,False,0.033791951255317976,0.03656082099034985,0.0,26,False,0.038834883100584694,0.038834883100584694,0.0,51,False,0.038834883100584694,0.038834883100584694,0.0,51,False,0.038834883100584694,0.038834883100584694,0.0,51,False,False,False,False,TIER1,5.0,259020.4372592736,8626036.994140258,5.0,0.0,train
observing,71180565-9b0d-4398-9041-b152e8c08f24,FOMO LISA,2026-09-20 20:32:15.073843+00:00,,,,,,,,,,,,0.74,,,,,,,,,,,,,,,,,,0.2529176101334576,0.2529176101334576,0.0,9,False,0.5615149336358265,0.5615149336358265,0.0,26,False,-0.9964638448098256,0.9130085994637498,-0.9964675745309154,51,False,-0.9964638448098256,0.9130085994637498,-0.9964675745309154,51,False,-0.9964638448098256,0.9130085994637498,-0.9964675745309154,51,False,False,True,True,TIER1,4.2588,65223.73130198952,547299.5318259016,362.0,85.0,train
observing,2a009fcc-3c30-40a3-91bf-0c0b6e8f5ea3,FEELSGOOD,2026-09-20 20:32:15.280020+00:00,,,,,,,,,,,,0.75,,,,,,,,,,,,,,,,,,0.18760212260157716,0.18760212260157716,0.0,9,False,-0.9926853953595649,0.1997506307718815,-0.9926959772048751,26,False,-0.9927133147540776,0.1997506307718815,-0.9927133147540776,51,False,-0.9927133147540776,0.1997506307718815,-0.9927133147540776,51,False,-0.9927133147540776,0.1997506307718815,-0.9927133147540776,51,False,False,True,True,TIER1,376.0,45737.01163206558,269199.94508419244,376.0,0.0,train
observing,6f6e49f2-8c63-43f8-9131-adec68c03c22,Solana,2026-09-20 20:32:15.401355+00:00,,,,,,,,,,,,0.82,,,,,,,,,,,,,,,,,,0.12784597195079783,0.12784597195079783,0.0,9,False,0.35191394445715196,0.35191394445715196,0.0,26,False,0.8735738506188275,0.8735738506188275,0.0,51,False,0.8735738506188275,0.8735738506188275,0.0,51,False,0.8735738506188275,0.8735738506188275,0.0,51,False,False,False,False,TIER1,20.0,50229.01339870208,324648.59363135626,20.0,0.0,train
observing,c4449e04-08b6-40a0-8140-3d875b3a17c5,OpenClaw,2026-09-20 20:36:14.978452+00:00,,,,,,,,,,,,0.06,,,,,,,,,,,,,,,,,,0.44022620961026604,0.44022620961026604,-0.00023641683561703708,8,False,0.44022620961026604,0.44022620961026604,-0.00023641683561703708,8,False,0.44022620961026604,0.44022620961026604,-0.00023641683561703708,8,False,0.44022620961026604,0.44022620961026604,-0.00023641683561703708,8,False,0.44022620961026604,0.44022620961026604,-0.00023641683561703708,8,False,False,False,False,TIER1,3.0,22780.38682358018,56965.03709592818,3.0,0.0,train
observing,2b0346a3-d1cb-40c1-9c24-0a6c0dd8f74d,Carl,2026-09-20 20:36:15.115456+00:00,,,,,,,,,,,,0.62,,,,,,,,,,,,,,,,,,0.16624885407630163,0.16624885407630163,0.0,8,False,0.3429435239779459,0.3429435239779459,0.0,15,False,0.3429435239779459,0.3429435239779459,0.0,15,False,0.3429435239779459,0.3429435239779459,0.0,15,False,0.3429435239779459,0.3429435239779459,0.0,15,False,False,False,False,TIER1,286.0,33007.281296456626,83519.62457491718,286.0,0.0,train
observing,40835b73-a7b8-42c5-b8d6-1459ff1f3dc5,STX,2026-09-20 20:43:15.112009+00:00,,,,,,,,,,,,0.3,,,,,,,,,,,,,,,,,,0.013303619162463365,0.013303619162463365,0.0,2,False,0.013303619162463365,0.013303619162463365,0.0,2,False,0.013303619162463365,0.013303619162463365,0.0,2,False,0.013303619162463365,0.013303619162463365,0.0,2,False,0.013303619162463365,0.013303619162463365,0.0,2,False,False,False,False,TIER1,26.3333,24439.416125742686,61473.96552648635,79.0,3.0,train
observing,9c02d0e9-79b9-4ad7-a406-195c17da7a43,Minecraft,2026-09-20 20:44:15.076734+00:00,,,,,,,,,,,,0.46,,,,,,,,,,,,,,,,,,0.046776998810147186,0.046776998810147186,0.0,4,False,0.046776998810147186,0.046776998810147186,0.0,4,False,0.046776998810147186,0.046776998810147186,0.0,4,False,0.046776998810147186,0.046776998810147186,0.0,4,False,0.046776998810147186,0.046776998810147186,0.0,4,False,False,False,False,TIER1,4.0,22449.8736599412,56146.63582456148,4.0,0.0,train
observing,d6fb359e-4fff-49ec-8812-e074a983861b,STX,2026-09-20 20:45:15.026978+00:00,,,,,,,,,,,,0.34,,,,,,,,,,,,,,,,,,0.1112906102650475,0.12089697604157235,0.0,9,False,0.17296719758836998,0.18050779448253662,0.0,20,False,0.17296719758836998,0.18050779448253662,0.0,20,False,0.17296719758836998,0.18050779448253662,0.0,20,False,0.17296719758836998,0.18050779448253662,0.0,20,False,False,False,False,TIER1,54.0,24495.417185586986,61749.85626248218,162.0,3.0,train
observing,02c11bb5-6cad-4e30-8e2a-a25f236ba7e7,DISNEY,2026-09-20 20:48:14.986075+00:00,,,,,,,,,,,,0.7,,,,,,,,,,,,,,,,,,0.07135964735365108,0.07135964735365108,-9.906823563354816e-05,5,False,0.07135964735365108,0.07135964735365108,-9.906823563354816e-05,5,False,0.07135964735365108,0.07135964735365108,-9.906823563354816e-05,5,False,0.07135964735365108,0.07135964735365108,-9.906823563354816e-05,5,False,0.07135964735365108,0.07135964735365108,-9.906823563354816e-05,5,False,False,False,False,TIER1,6.0,21864.57501122452,54689.57787675584,6.0,1.0,train
observing,89b9c8c7-fa0c-4d30-8617-b998a95f2b53,Mentor,2026-09-20 20:50:14.964878+00:00,,,,,,,,,,,,0.28,,,,,,,,,,,,,,,,,,0.6134359147812916,0.6134359147812916,-0.1341028405848036,8,False,0.2455433207412545,2.212910851878542,-0.1341028405848036,24,False,2.737040471917353,2.737040471917353,-0.1341028405848036,49,False,2.737040471917353,2.737040471917353,-0.1341028405848036,49,False,2.737040471917353,2.737040471917353,-0.1341028405848036,49,False,False,False,False,TIER1,27.0,18941.353701627384,48495.671587122946,54.0,2.0,train
observing,95bd4000-5afb-48c2-a795-b4926c43090d,TikTok US,2026-09-20 20:50:15.165611+00:00,,,,,,,,,,,,0.81,,,,,,,,,,,,,,,,,,-0.8399746908561949,0.015877510567535058,-0.867553516924552,8,False,-0.994311842496585,0.015877510567535058,-0.9943169668154159,24,False,-0.9942955156625609,0.015877510567535058,-0.9943313609382792,49,False,-0.9942955156625609,0.015877510567535058,-0.9943313609382792,49,False,-0.9942955156625609,0.015877510567535058,-0.9943313609382792,49,False,False,True,True,TIER1,2.9286,52700.49043374836,357249.55769722135,164.0,56.0,train
observing,cb081f90-08a5-4735-857c-921eeadd3f84,EROR,2026-09-20 20:50:15.288150+00:00,,,,,,,,,,,,0.76,,,,,,,,,,,,,,,,,,,,,0,False,,,,0,False,,,,0,False,,,,0,False,,,,0,False,False,False,False,TIER1,28.6364,16772.758226759426,42485.56096455448,315.0,11.0,train
observing,c5fddcc4-6c89-47cf-afbe-e5cd836b2219,StampTrump,2026-09-20 20:51:15.799053+00:00,,,,,,,,,,,,0.75,,,,,,,,,,,,,,,,,,-0.2011322446218352,0.18297653108639134,-0.2011322446218352,8,False,0.1182190645600878,0.18297653108639134,-0.4596163367548246,24,False,0.36857209418446213,0.8076629632429679,-0.4596163367548246,48,False,0.36857209418446213,0.8076629632429679,-0.4596163367548246,48,False,0.36857209418446213,0.8076629632429679,-0.4596163367548246,48,False,False,False,False,TIER1,7.0,30520.519857349027,120009.69798908646,28.0,4.0,train
observing,1a85927d-77c1-4825-a7b8-68eec29b1a5a,Polymarket,2026-09-20 20:52:15.031039+00:00,,,,,,,,,,,,0.15,,,,,,,,,,,,,,,,,,0.4937375650411957,0.4937375650411957,0.0,8,False,0.4937375650411957,0.4937375650411957,0.0,8,False,0.4937375650411957,0.4937375650411957,0.0,8,False,0.4937375650411957,0.4937375650411957,0.0,8,False,0.4937375650411957,0.4937375650411957,0.0,8,False,False,False,False,TIER1,4.0,21000.458082417594,52522.17176422395,4.0,0.0,train
observing,4c6e7290-a40c-421a-a211-8b0d7fba31dc,NASA,2026-09-20 20:52:15.154385+00:00,,,,,,,,,,,,0.87,,,,,,,,,,,,,,,,,,0.17677049238383935,0.17677049238383935,0.0,8,False,-0.9926652919587029,0.30842534922294274,-0.9926775601343035,25,False,-0.9926777751703219,0.30842534922294274,-0.9926983111100777,49,False,-0.9926777751703219,0.30842534922294274,-0.9926983111100777,49,False,-0.9926777751703219,0.30842534922294274,-0.9926983111100777,49,False,False,True,True,TIER1,476.0,45648.068637819,268348.267525809,476.0,0.0,train
observing,72ecaa6d-0137-4fda-9919-82d89871397f,Stamp,2026-09-20 20:53:15.157346+00:00,,,,,,,,,,,,0.49,,,,,,,,,,,,,,,,,,0.15170461445325634,0.15170461445325634,0.0,8,False,0.6304598729887809,0.6304598729887809,0.0,24,False,3.385502294626626,3.385502294626626,0.0,49,False,3.385502294626626,3.385502294626626,0.0,49,False,3.385502294626626,3.385502294626626,0.0,49,False,False,False,False,TIER1,192.0,72036.38955172923,668384.8415046205,192.0,1.0,train
observing,8a09f8e9-388f-472d-a2f0-9a12e728e453,Stamp,2026-09-20 20:54:16.661540+00:00,,,,,,,,,,,,0.19,,,,,,,,,,,,,,,,,,-0.526109267294429,0.22288668995015515,-0.526109267294429,8,False,0.13926424641910717,0.22288668995015515,-0.7455072025248204,24,False,-0.9961265633998728,0.22288668995015515,-0.9961394528030619,48,False,-0.9961265633998728,0.22288668995015515,-0.9961394528030619,48,False,-0.9961265633998728,0.22288668995015515,-0.9961394528030619,48,False,False,True,True,TIER1,5.0,62415.650326758514,502021.083400719,20.0,4.0,train
observing,2349c0f1-b3a7-4aa4-8b3c-2cc5623c0df1,JEANPHIL,2026-09-20 20:54:16.909055+00:00,,,,,,,,,,,,0.5,,,,,,,,,,,,,,,,,,0.23590319703996943,0.23590319703996943,0.0,8,False,-0.996742870225076,0.5483925277583521,-0.996742870225076,24,False,-0.9967481138084052,0.5483925277583521,-0.9967602420838967,48,False,-0.9967481138084052,0.5483925277583521,-0.9967602420838967,48,False,-0.9967481138084052,0.5483925277583521,-0.9967602420838967,48,False,False,True,True,TIER1,158.0,67507.87256021185,587239.6544259257,158.0,0.0,train
observing,fde89b77-3f1a-4a1f-a0d5-533f225d7227,Claude,2026-09-20 20:56:15.171152+00:00,,,,,,,,,,,,0.43,,,,,,,,,,,,,,,,,,0.0941819981971781,0.0941819981971781,0.0,8,False,0.6363917450059735,0.6363917450059735,0.0,24,False,2.8346540047667093,2.8346540047667093,0.0,49,False,2.8346540047667093,2.8346540047667093,0.0,49,False,2.8346540047667093,2.8346540047667093,0.0,49,False,False,False,False,TIER1,94.0,54658.41053721476,385129.4401283326,94.0,0.0,train
observing,bda4924c-091c-4720-a069-3ee9b83f586e,Mentor,2026-09-20 20:59:15.389727+00:00,,,,,,,,,,,,0.24,,,,,,,,,,,,,,,,,,0.092159348782471,0.092159348782471,0.0,8,False,0.18445455376837772,0.1952380878362756,0.0,24,False,0.21587968966904936,0.2205216355811339,0.0,32,False,,,,32,True,0.21587968966904936,0.2205216355811339,0.0,32,False,False,False,False,TIER1,25.3333,24295.52791480119,60897.75803524064,76.0,3.0,train
observing,bfadba8e-cf41-4174-b81f-89a57115ef47,Gemini AI,2026-09-20 20:59:15.712308+00:00,,,,,,,,,,,,0.4,,,,,,,,,,,,,,,,,,0.04004570743682567,0.04004570743682567,0.0,3,False,0.04004570743682567,0.04004570743682567,0.0,3,False,0.04004570743682567,0.04004570743682567,0.0,3,False,,,,3,True,0.04004570743682567,0.04004570743682567,0.0,3,False,False,False,False,TIER1,6.0,21565.594678682017,53932.08809303599,6.0,1.0,train
observing,03aa59ca-9fe7-40e0-90d5-72caea0a64c2,fred,2026-09-20 20:59:15.911010+00:00,,,,,,,,,,,,0.46,,,,,,,,,,,,,,,,,,-0.02962922105034782,0.3838419800114017,-0.17740537790360977,8,False,-0.9663715479157403,0.3838419800114017,-0.9663932439464402,24,False,-0.9663095673280377,0.3838419800114017,-0.9663932439464402,48,False,,,,48,True,-0.9663095673280377,0.3838419800114017,-0.9663932439464402,48,False,False,True,True,TIER1,2.8605,22541.988592958853,65414.390845426824,123.0,43.0,train
observing,a1da4224-c4de-4599-a268-ecc8cf8fdd1b,Redbull,2026-09-20 21:03:15.151355+00:00,,,,,,,,,,,,0.65,,,,,,,,,,,,,,,,,,0.4652370361057603,0.4652370361057603,0.0,8,False,0.5711424001540042,0.5711424001540042,0.0,9,False,0.5711424001540042,0.5711424001540042,0.0,9,False,,,,9,True,0.5711424001540042,0.5711424001540042,0.0,9,False,False,False,False,TIER1,13.0,22481.537756647198,56225.493002048155,13.0,1.0,train
observing,bdd38119-bef4-4ac9-9c8e-15b4a787890c,Claude,2026-09-20 21:07:15.024657+00:00,,,,,,,,,,,,0.55,,,,,,,,,,,,,,,,,,0.09580385861849527,0.09580385861849527,0.0,8,False,0.36754778391475607,0.36754778391475607,0.0,24,False,3.453096465237551,3.453096465237551,0.0,48,False,,,,48,True,3.453096465237551,3.453096465237551,0.0,48,False,False,False,False,TIER1,45.0,52141.49050846052,351239.8470906287,45.0,1.0,train
observing,320bb6e4-6f97-45f1-b6c0-e0bb92975b57,FOMO LISA,2026-09-20 21:08:15.035972+00:00,,,,,,,,,,,,0.67,,,,,,,,,,,,,,,,,,0.19441634902061766,0.19441634902061766,0.0,8,False,0.5136732267603197,0.5136732267603197,0.0,25,False,0.9063103408103892,0.9063103408103892,0.0,49,False,,,,49,True,0.9063103408103892,0.9063103408103892,0.0,49,False,False,False,False,TIER1,9.619,70561.35534171933,643105.5591278367,404.0,42.0,train
observing,8a1a4fb9-ce07-4c90-bc3b-323c09f12f4b,Huawei,2026-09-20 21:12:15.157406+00:00,,,,,,,,,,,,0.65,,,,,,,,,,,,,,,,,,0.010543338211449482,0.010543338211449482,0.0,8,False,0.12881304483445044,0.12881304483445044,0.0,11,False,0.12881304483445044,0.12881304483445044,0.0,11,False,,,,11,True,0.12881304483445044,0.12881304483445044,0.0,11,False,False,False,False,TIER1,5.0,21387.037050802406,53498.93227328882,25.0,5.0,train
observing,41329110-cd86-4d4d-af33-697cfc519075,ZIP,2026-09-20 21:15:15.208876+00:00,,,,,,,,,,,,0.93,,,,,,,,,,,,,,,,,,3.8666939897647765,3.8666939897647765,0.0,8,False,-0.9450248726425843,4.309224188495204,-0.9450248726425843,24,False,-0.9502169958612932,4.309224188495204,-0.9502169958612932,48,False,,,,48,True,-0.9502169958612932,4.309224188495204,-0.9502169958612932,48,False,False,True,True,TIER1,4.2667,20977.691851230993,57038.4143409883,64.0,15.0,train
observing,d11ce5e5-fc02-46ba-84b6-f6e61c4d797a,GOOGL,2026-09-20 21:16:15.208077+00:00,,,,,,,,,,,,0.19,,,,,,,,,,,,,,,,,,0.10353849252784997,0.10353849252784997,0.0,8,False,0.20186306486513872,0.20186306486513872,0.0,15,False,0.20186306486513872,0.20186306486513872,0.0,15,False,,,,15,True,0.20186306486513872,0.20186306486513872,0.0,15,False,False,False,False,TIER1,5.0,36873.2537864457,92194.29698995012,5.0,0.0,train
observing,af74d006-c50d-4fca-b3fe-265a8191a5ea,FEELSGOOD,2026-09-20 21:17:15.069059+00:00,,,,,,,,,,,,0.41,,,,,,,,,,,,,,,,,,0.24242429714009917,0.24242429714009917,0.0,8,False,0.6407762083754043,0.6407762083754043,0.0,24,False,1.3071945188533354,1.3071945188533354,0.0,49,False,,,,49,True,1.3071945188533354,1.3071945188533354,0.0,49,False,False,False,False,TIER1,68.0,66871.42221331848,578048.0719829426,68.0,1.0,train
observing,fd1c7132-f7f6-4767-b47d-76dea6227de7,LARPURR,2026-09-20 21:23:15.082047+00:00,,,,,,,,,,,,0.39,,,,,,,,,,,,,,,,,,1.4613019907224354,1.4613019907224354,0.0,8,False,2.2767482100423853,2.2767482100423853,0.0,10,False,2.2767482100423853,2.2767482100423853,0.0,10,False,,,,10,True,2.2767482100423853,2.2767482100423853,0.0,10,False,False,False,False,TIER1,12.1818,16558.004928272323,41656.12780770984,134.0,11.0,train
observing,dcd623a3-6921-422d-acb3-25af6ea409dd,HUHCAT,2026-09-20 21:23:15.300856+00:00,,,,,,,,,,,,0.97,,,,,,,,,,,,,,,,,,0.09982210064944863,0.09982210064944863,0.0,8,False,0.1697546227736213,0.1697546227736213,0.0,13,False,0.1697546227736213,0.1697546227736213,0.0,13,False,,,,13,True,0.1697546227736213,0.1697546227736213,0.0,13,False,False,False,False,TIER1,546.0,37273.452613725814,94213.1350661109,546.0,0.0,train
observing,1164d95a-efef-4c16-885d-85443c44d382,SOLSTAMP,2026-09-20 21:27:15.225772+00:00,,,,,,,,,,,,0.86,,,,,,,,,,,,,,,,,,-0.6588294709051764,0.0,-0.6872950504347652,8,False,-0.9815830136923889,0.0,-0.9815870358521002,24,False,,,,49,True,,,,49,True,-0.9815865352776383,0.0,-0.9816312971729407,49,False,False,True,True,TIER1,3.4655,34060.67565512576,149931.02372541864,201.0,58.0,train
observing,46b21943-3f53-46d1-9549-0e2c704ad03f,NALA,2026-09-20 21:28:15.561245+00:00,,,,,,,,,,,,0.74,,,,,,,,,,,,,,,,,,-0.2029220343305469,0.13616212757063995,-0.34960856412370234,8,False,0.155837498759833,0.155837498759833,-0.34960856412370234,24,False,,,,47,True,,,,47,True,-0.9858003943304514,0.155837498759833,-0.985802951375571,47,False,False,True,True,TIER1,6.8889,35340.09100439532,161406.30093919643,62.0,9.0,train
observing,c850351f-dba4-4caf-942a-824dccd6173c,Coca-Cola,2026-09-20 21:29:15.237507+00:00,,,,,,,,,,,,0.09,,,,,,,,,,,,,,,,,,0.12957293258847336,0.12957293258847336,0.0,8,False,0.7873694788797847,0.7873694788797847,0.0,25,False,,,,46,True,,,,46,True,-0.9923516810179721,1.2505127027439595,-0.9924283641452042,46,False,False,True,True,TIER1,5.0,44793.728166571294,259334.73075652588,5.0,0.0,train
observing,b88dde11-c69a-4b20-81e5-d1169e1632c3,z61a,2026-09-20 21:29:15.366098+00:00,,,,,,,,,,,,0.1,,,,,,,,,,,,,,,,,,-0.40258020863878874,0.0,-0.40258020863878874,8,False,-0.414022273296519,0.0,-0.5722791706130445,25,False,,,,46,True,,,,46,True,-0.25392001411151033,0.0,-0.5722791706130445,46,False,False,False,False,TIER1,3.0,19355.701833315645,48474.72586312442,9.0,3.0,train
observing,b948bccf-f802-4faa-ab19-904f2c8ec263,RIP,2026-09-20 21:29:15.471977+00:00,,,,,,,,,,,,0.98,,,,,,,,,,,,,,,,,,0.030680323852288582,0.030680323852288582,0.0,2,False,0.030680323852288582,0.030680323852288582,0.0,2,False,,,,2,True,,,,2,True,0.030680323852288582,0.030680323852288582,0.0,2,False,False,False,False,TIER1,52.875,18826.61218465773,47457.50565070231,423.0,8.0,train
observing,eeb68a10-0043-4e95-8d97-142315358daa,StonkBankr,2026-09-20 21:29:15.595022+00:00,,,,,,,,,,,,1.03,,,,,,,,,,,,,,,,,,0.4048829172278794,0.4048829172278794,0.0,5,False,0.4048829172278794,0.4048829172278794,0.0,5,False,,,,5,True,,,,5,True,0.4048829172278794,0.4048829172278794,0.0,5,False,False,False,False,TIER1,38.8333,21091.560123228614,53286.71732619332,466.0,12.0,train
observing,334ce275-bd39-42d2-91c4-e427b56c9757,TikTok,2026-09-20 21:30:15.229430+00:00,,,,,,,,,,,,0.72,,,,,,,,,,,,,,,,,,0.6904934900755209,0.6904934900755209,0.0,7,False,0.6904934900755209,0.6904934900755209,0.0,7,False,,,,7,True,,,,7,True,0.6904934900755209,0.6904934900755209,0.0,7,False,False,False,False,TIER1,11.0,21514.844459159067,53822.1959391043,33.0,3.0,train
observing,82e29215-8a63-4112-a0b6-be7055782784,SpongeBob,2026-09-20 21:32:15.256461+00:00,,,,,,,,,,,,0.75,,,,,,,,,,,,,,,,,,0.17429915058670664,0.17429915058670664,0.0,8,False,-0.9969848387529665,0.17429915058670664,-0.9969901999301832,25,False,,,,41,True,,,,41,True,-0.9969788840987854,0.17429915058670664,-0.9969901999301832,41,False,False,True,True,TIER1,4.3049,70744.28528836183,646123.0070610329,353.0,82.0,train
observing,4deae74b-6933-41d2-b7fd-9ce946bf69a4,StampPay,2026-09-20 21:37:15.394027+00:00,,,,,,,,,,,,0.44,,,,,,,,,,,,,,,,,,-0.6338516901828745,0.17543680693884278,-0.6624213085749812,8,False,-0.980927284750466,0.17543680693884278,-0.9809491906896586,25,False,,,,33,True,,,,33,True,-0.9809224294920206,0.17543680693884278,-0.9809491906896586,33,False,False,True,True,TIER1,5.4167,30066.907096950054,116859.2394863056,130.0,24.0,train
observing,beacfd27-a27c-4b9c-8181-b5fc8a8d8109,Coinbase,2026-09-20 21:38:15.486125+00:00,,,,,,,,,,,,1.04,,,,,,,,,,,,,,,,,,0.0,0.0,0.0,1,False,0.0,0.0,0.0,1,False,,,,1,True,,,,1,True,0.0,0.0,0.0,1,False,False,False,False,TIER1,20.6667,21934.04714033047,54884.04273146738,62.0,3.0,train
observing,1b2e087e-ba40-44fb-985a-20501c934118,CRCL,2026-09-20 21:40:15.362517+00:00,,,,,,,,,,,,0.31,,,,,,,,,,,,,,,,,,0.20384183882962126,0.20384183882962126,0.0,8,False,0.37036652259527525,0.37036652259527525,0.0,9,False,,,,9,True,,,,9,True,0.37036652259527525,0.37036652259527525,0.0,9,False,False,False,False,TIER1,6.0,22447.01500985366,56124.428968290835,6.0,1.0,train
observing,48642060-e05c-4315-8d30-d2525c814b0d,META,2026-09-20 21:48:15.262497+00:00,,,,,,,,,,,,0.08,,,,,,,,,,,,,,,,,,0.2768587823597555,0.2768587823597555,0.0,6,False,,,,6,True,,,,6,True,,,,6,True,0.2768587823597555,0.2768587823597555,0.0,6,False,False,False,False,TIER1,3.0,21840.219660791663,54614.041398737245,3.0,0.0,train
observing,559717cf-6893-4e6a-ae27-657ed63cb106,SpaceX,2026-09-20 21:54:15.289386+00:00,,,,,,,,,,,,0.24,,,,,,,,,,,,,,,,,,,,,5,True,,,,5,True,,,,5,True,,,,5,True,0.003032333666709297,0.003032333666709297,0.0,5,False,False,False,False,TIER1,6.0,21059.653401325195,52668.54440951065,6.0,1.0,train
observing,bdb37897-4af1-4362-afcb-a83f0a66a5d1,iDollar,2026-09-21 10:02:28.003558+00:00,,,,,,,,,,,,1.8,,,,,,,,,,,,,,,,,,0.050451754914881075,0.050451754914881075,0.0,5,False,0.07602949823795768,0.07602949823795768,0.0,10,False,0.07602949823795768,0.07602949823795768,0.0,10,False,0.07602949823795768,0.07602949823795768,0.0,10,False,0.07602949823795768,0.07602949823795768,0.0,10,False,False,False,False,TIER1,80.6923,26538.951343586923,68949.45984492554,1049.0,13.0,train
observing,ce57dc72-579d-4a23-8103-53d4ca63a9aa,WSOS,2026-09-21 10:02:28.614016+00:00,,,,,,,,,,,,23.3,,,,,,,,,,,,,,,,,,0.01404697855566317,0.01404697855566317,0.0,5,False,0.01778805277839668,0.01778805277839668,0.0,6,False,0.01778805277839668,0.01778805277839668,0.0,6,False,0.01778805277839668,0.01778805277839668,0.0,6,False,0.01778805277839668,0.01778805277839668,0.0,6,False,False,False,False,TIER1,31.6889,496980.22415514337,30188693.13363387,1426.0,45.0,train
observing,3072f885-9a79-4be0-97bd-8fe9a4414d6a,POPEYE,2026-09-21 10:03:19.953203+00:00,,,,,,,,,,,,0.72,,,,,,,,,,,,,,,,,,0.06262056301406105,0.06262056301406105,0.0,4,False,0.138944037110317,0.138944037110317,0.0,14,False,0.15056298077403185,0.15056298077403185,0.0,16,False,0.15056298077403185,0.15056298077403185,0.0,16,False,0.15056298077403185,0.15056298077403185,0.0,16,False,False,False,False,TIER1,235.0,26128.32863604038,66953.62886289778,470.0,2.0,train
observing,57a82882-b6f3-4833-b789-7f8e916e9b8c,RSRV,2026-09-21 10:14:19.992256+00:00,,,,,,,,,,,,0.38,,,,,,,,,,,,,,,,,,0.06244908505770819,0.06244908505770819,0.0,4,False,0.08127055922150728,0.08127055922150728,0.0,5,False,0.08127055922150728,0.08127055922150728,0.0,5,False,0.08127055922150728,0.08127055922150728,0.0,5,False,0.08127055922150728,0.08127055922150728,0.0,5,False,False,False,False,TIER1,96.5,25662.8761558221,64693.34141009029,193.0,2.0,train
observing,0587dbf7-9de7-4b45-b2c7-3e37936bc181,Hermès,2026-09-21 10:16:19.970517+00:00,,,,,,,,,,,,0.42,,,,,,,,,,,,,,,,,,0.10128770256407993,0.10128770256407993,0.0,5,False,0.24321529955188392,0.24321529955188392,0.0,14,False,0.6978163268903426,0.6978163268903426,0.0,29,False,0.6978163268903426,0.6978163268903426,0.0,29,False,0.6978163268903426,0.6978163268903426,0.0,29,False,False,False,False,TIER1,15.75,58109.94441933316,414339.7066952959,63.0,4.0,train
observing,87cbe273-e3f3-4f6f-a11b-2ebc03abfdad,BITCAT,2026-09-21 10:20:19.956365+00:00,,,,,,,,,,,,0.07,,,,,,,,,,,,,,,,,,0.03619110856675367,0.03619110856675367,0.0,2,False,0.03619110856675367,0.03619110856675367,0.0,2,False,0.03619110856675367,0.03619110856675367,0.0,2,False,0.03619110856675367,0.03619110856675367,0.0,2,False,0.03619110856675367,0.03619110856675367,0.0,2,False,False,False,False,TIER1,,25486.83435238594,63718.80947135273,0.0,0.0,train
observing,57bd851e-ce4f-414f-92fc-1c5cd77b2f9c,RSRV,2026-09-21 10:20:20.258808+00:00,,,,,,,,,,,,0.62,,,,,,,,,,,,,,,,,,0.09405903017426254,0.09405903017426254,0.0,5,False,-0.7391517797945193,0.4936170355577454,-0.7932378565364165,14,False,-0.996323947374162,0.4936170355577454,-0.9963261282012156,28,False,-0.996323947374162,0.4936170355577454,-0.9963261282012156,28,False,-0.996323947374162,0.4936170355577454,-0.9963261282012156,28,False,False,True,True,TIER1,235.0,67453.033248723,557580.7262374421,235.0,1.0,train
observing,cbeb6a96-de81-42fa-addb-cadbba421f27,INU,2026-09-21 10:21:19.943985+00:00,,,,,,,,,,,,0.21,,,,,,,,,,,,,,,,,,0.07382038445432215,0.07382038445432215,0.0,4,False,0.09413181682186988,0.09413181682186988,0.0,5,False,0.09413181682186988,0.09413181682186988,0.0,5,False,0.09413181682186988,0.09413181682186988,0.0,5,False,0.09413181682186988,0.09413181682186988,0.0,5,False,False,False,False,TIER1,27.0,25534.154789420216,64065.12254126429,54.0,2.0,train
observing,c155bc39-f7cf-4834-9f1e-ad8c3b48cbb5,BITCAT,2026-09-21 10:23:20.030452+00:00,,,,,,,,,,,,0.21,,,,,,,,,,,,,,,,,,0.06753906316128044,0.06753906316128044,0.0,3,False,0.06753906316128044,0.06753906316128044,0.0,3,False,0.06753906316128044,0.06753906316128044,0.0,3,False,0.06753906316128044,0.06753906316128044,0.0,3,False,0.06753906316128044,0.06753906316128044,0.0,3,False,False,False,False,TIER1,29.0,25544.54335216358,64114.28839691856,58.0,2.0,train
observing,e5d40984-f175-4493-9856-9b8381fe4470,Pepuh,2026-09-21 10:29:20.237358+00:00,,,,,,,,,,,,0.74,,,,,,,,,,,,,,,,,,0.06040897980889626,0.06040897980889626,0.0,5,False,0.13848752753249127,0.13848752753249127,0.0,14,False,0.13848752753249127,0.13848752753249127,0.0,14,False,0.13848752753249127,0.13848752753249127,0.0,14,False,0.13848752753249127,0.13848752753249127,0.0,14,False,False,False,False,TIER1,160.3333,26153.314048999753,67143.69626062854,481.0,3.0,train
observing,33b897bd-83ae-42bc-85a9-dd286cdc4d06,ZCAT,2026-09-21 10:30:20.051069+00:00,,,,,,,,,,,,0.33,,,,,,,,,,,,,,,,,,0.07707522003442846,0.07707522003442846,0.0,4,False,0.10096207855968986,0.10096207855968986,0.0,6,False,0.10096207855968986,0.10096207855968986,0.0,6,False,0.10096207855968986,0.10096207855968986,0.0,6,False,0.10096207855968986,0.10096207855968986,0.0,6,False,False,False,False,TIER1,64.5,25627.28926424038,64466.74879738105,129.0,2.0,train
observing,bc830abe-f35b-4b8e-bbcf-cbd4b1eccf3b,TERMINATOR,2026-09-21 10:35:20.536424+00:00,,,,,,,,,,,,0.56,,,,,,,,,,,,,,,,,,0.0666184237304388,0.0666184237304388,0.0,5,False,0.13853733124305245,0.13853733124305245,0.0,14,False,0.13853733124305245,0.13853733124305245,0.0,14,False,0.13853733124305245,0.13853733124305245,0.0,14,False,0.13853733124305245,0.13853733124305245,0.0,14,False,False,False,False,TIER1,109.0,25847.699849167453,65673.13051973358,327.0,3.0,train
observing,dca1e20a-f463-4c5a-ad20-8821632e0f3d,REK,2026-09-21 10:41:20.001802+00:00,,,,,,,,,,,,0.47,,,,,,,,,,,,,,,,,,0.03708020921811017,0.03708020921811017,0.0,2,False,0.03708020921811017,0.03708020921811017,0.0,2,False,0.03708020921811017,0.03708020921811017,0.0,2,False,0.03708020921811017,0.03708020921811017,0.0,2,False,0.03708020921811017,0.03708020921811017,0.0,2,False,False,False,False,TIER1,143.5,25870.24377977227,65738.14545944145,287.0,2.0,train
observing,3b55abd6-e8cf-48e9-9080-536a893cfdf9,哑巴,2026-09-21 10:43:20.544175+00:00,,,,,,,,,,,,0.64,,,,,,,,,,,,,,,,,,0.04258211813036428,0.04258211813036428,0.0,5,False,0.06851306172532312,0.06851306172532312,0.0,14,False,0.10322226317582017,0.10322226317582017,0.0,28,False,0.10322226317582017,0.10322226317582017,0.0,28,False,0.10322226317582017,0.10322226317582017,0.0,28,False,False,False,False,TIER1,10.0,248481.7855495226,7567647.931568562,10.0,1.0,train
observing,68bc3baa-36c3-4513-9079-5bd5e26a57e1,PIKACAT,2026-09-21 10:45:19.944271+00:00,,,,,,,,,,,,0.49,,,,,,,,,,,,,,,,,,0.06171971845939206,0.06171971845939206,0.0,4,False,0.15856426412496605,0.15856426412496605,0.0,14,False,0.16506903558023645,0.16506903558023645,0.0,15,False,0.16506903558023645,0.16506903558023645,0.0,15,False,0.16506903558023645,0.16506903558023645,0.0,15,False,False,False,False,TIER1,152.0,25823.84372554729,65376.57402537539,304.0,2.0,train
observing,5161e9ad-ff29-4658-8ef8-0289ccfc4149,NFL,2026-09-21 10:46:20.066112+00:00,,,,,,,,,,,,0.2,,,,,,,,,,,,,,,,,,0.1161725897996102,0.1161725897996102,0.0,4,False,0.5156146506969026,0.5156146506969026,0.0,14,False,1.11422310644322,1.11422310644322,0.0,29,False,1.11422310644322,1.11422310644322,0.0,29,False,1.11422310644322,1.11422310644322,0.0,29,False,False,False,False,TIER1,12.0,45636.17570304539,255286.21954893213,12.0,1.0,train
observing,2bacf30e-a99e-4bd0-90b2-0b608cd3af79,LEAN,2026-09-21 10:47:20.013473+00:00,,,,,,,,,,,,0.85,,,,,,,,,,,,,,,,,,0.059116148961219306,0.059116148961219306,0.0,4,False,0.11406639686157227,0.11406639686157227,0.0,10,False,0.11406639686157227,0.11406639686157227,0.0,10,False,0.11406639686157227,0.11406639686157227,0.0,10,False,0.11406639686157227,0.11406639686157227,0.0,10,False,False,False,False,TIER1,325.5,26048.24581909013,66552.07645422635,651.0,2.0,train
observing,6d25d772-773a-4822-a7e3-e704c158df70,PHIL67,2026-09-21 10:48:48.446900+00:00,,,,,,,,,,,,0.18,,,,,,,,,,,,,,,,,,-0.9412198117824052,0.06455277804966042,-0.9412198117824052,5,False,-0.9463138296470854,0.06455277804966042,-0.9463969933619504,15,False,-0.9463919709719986,0.06455277804966042,-0.9464404291875486,23,False,-0.9463919709719986,0.06455277804966042,-0.9464404291875486,23,False,-0.9463919709719986,0.06455277804966042,-0.9464404291875486,23,False,False,True,True,TIER1,10.0,21418.167070651594,56337.8782868992,30.0,3.0,train
observing,321e069f-6774-4b39-909e-cdcf85ee8ad7,TERMINATOR,2026-09-21 10:49:19.118516+00:00,,0.5088,0.5269,0.5316,3.8479,2.4188,0.9095,1.348022,3.481969,4.072077,4.78,3.1,4.0316,1.9095,10.0,42.0,46.0,88.0,21568.992278205704,57102.795763528484,0.913,0.9130434782608695,,FLAT,DECELERATING,ACCELERATING,,DISCARD,rolling_window_v1,-0.5669910914062782,0.02973649632913755,-0.6268807055669678,5,False,-0.5669910914062782,0.02973649632913755,-0.6268807055669678,5,False,-0.5669910914062782,0.02973649632913755,-0.6268807055669678,5,False,-0.5669910914062782,0.02973649632913755,-0.6268807055669678,5,False,-0.5669910914062782,0.02973649632913755,-0.6268807055669678,5,False,False,False,False,SCORER,,,,,,train
observing,fe84ed2e-52bb-4d1a-8b7a-1dd999c586c0,ZEBRA,2026-09-21 10:49:45.293955+00:00,,,,,,,,,,,,0.07,,,,,,,,,,,,,,,,,,0.10866881214335633,0.10866881214335633,0.0,5,False,0.17465318797572094,0.17465318797572094,0.0,14,False,0.17465318797572094,0.17465318797572094,0.0,14,False,0.17465318797572094,0.17465318797572094,0.0,14,False,0.17465318797572094,0.17465318797572094,0.0,14,False,False,False,False,TIER1,3.0,25477.013369169028,63703.87857478391,3.0,0.0,train
observing,2938fd14-ab23-454b-a06e-bfe826d40e68,SOLCAT,2026-09-21 10:52:45.161937+00:00,,,,,,,,,,,,0.92,,,,,,,,,,,,,,,,,,0.05681260478966599,0.05681260478966599,0.0,4,False,0.13275977014365914,0.13275977014365914,0.0,13,False,0.13275977014365914,0.13275977014365914,0.0,13,False,0.13275977014365914,0.13275977014365914,0.0,13,False,0.13275977014365914,0.13275977014365914,0.0,13,False,False,False,False,TIER1,202.6667,25991.18675299747,66356.34161868156,608.0,3.0,train
observing,f1273ce2-15ac-4c23-8c9c-ed7d7059c480,G1,2026-09-21 10:53:45.134944+00:00,,,,,,,,,,,,0.01,,,,,,,,,,,,,,,,,,0.27158691248461864,0.27158691248461864,-0.2742271126365905,4,False,-0.9466918901496223,0.5929386670661687,-0.9466918901496223,14,False,-0.9536692022066457,0.5929386670661687,-0.9537063787693967,28,False,-0.9536692022066457,0.5929386670661687,-0.9537063787693967,28,False,-0.9536692022066457,0.5929386670661687,-0.9537063787693967,28,False,False,True,True,TIER1,10.0,21036.788363129854,54359.944997018916,10.0,1.0,train
observing,47b34978-4686-425f-af78-cbd048944a43,Youtube,2026-09-21 10:54:45.171349+00:00,,,,,,,,,,,,0.47,,,,,,,,,,,,,,,,,,0.06819461168396534,0.06819461168396534,0.0,4,False,-0.9941682041380582,0.09571054708264026,-0.9941926684778197,15,False,-0.9941644170714931,0.09571054708264026,-0.9941926684778197,29,False,-0.9941644170714931,0.09571054708264026,-0.9941926684778197,29,False,-0.9941644170714931,0.09571054708264026,-0.9941926684778197,29,False,False,True,True,TIER1,15.0,53547.77700287524,351542.1822862097,15.0,0.0,train
observing,142a2217-d96c-4ee9-ba21-69ceb24a3fe3,Fartcoin,2026-09-21 10:55:45.311278+00:00,,,,,,,,,,,,0.18,,,,,,,,,,,,,,,,,,0.4427119050606838,0.4427119050606838,0.0,5,False,0.8186267899158133,0.8186267899158133,0.0,6,False,0.8186267899158133,0.8186267899158133,0.0,6,False,0.8186267899158133,0.8186267899158133,0.0,6,False,0.8186267899158133,0.8186267899158133,0.0,6,False,False,False,False,TIER1,6.0,23763.59152904899,59416.702279074336,6.0,1.0,train
observing,b105905e-0d5c-4122-8e39-1f2d72d165e4,GTA6 Coin,2026-09-21 10:55:45.671735+00:00,,,,,,,,,,,,0.39,,,,,,,,,,,,,,,,,,0.10133796245393922,0.10133796245393922,0.0,5,False,0.41161816283860286,0.41161816283860286,0.0,15,False,1.0008759851491136,1.0008759851491136,0.0,29,False,1.0008759851491136,1.0008759851491136,0.0,29,False,1.0008759851491136,1.0008759851491136,0.0,29,False,False,False,False,TIER1,15.0,58048.59485790105,412982.55076112284,15.0,0.0,train
observing,9070b1da-4713-4e4c-88e2-0dc40055ea58,education,2026-09-21 11:01:45.445191+00:00,,,,,,,,,,,,0.73,,,,,,,,,,,,,,,,,,-0.4990533875198361,0.0,-0.6632109116903604,5,False,-0.9417192450411347,0.0,-0.9438783349277965,15,False,-0.9417813420430815,0.0,-0.9438783349277965,29,False,-0.9417813420430815,0.0,-0.9438783349277965,29,False,-0.9417813420430815,0.0,-0.9438783349277965,29,False,False,True,True,TIER1,2.5109,23244.040222223193,66039.44734349467,231.0,92.0,train
observing,a95abe67-81b1-4b41-be6a-4f2bc586eb3a,PENIS,2026-09-21 11:06:45.184851+00:00,,,,,,,,,,,,0.69,,,,,,,,,,,,,,,,,,0.41420212802198986,0.41420212802198986,0.0,4,False,0.8898215449672144,0.8898215449672144,0.0,7,False,0.8898215449672144,0.8898215449672144,0.0,7,False,0.8898215449672144,0.8898215449672144,0.0,7,False,0.8898215449672144,0.8898215449672144,0.0,7,False,False,False,False,TIER1,5.0,23717.093224582135,59300.60238062535,5.0,1.0,train
observing,f4623e50-aee9-427c-b888-ec63f8d0d4c5,VALUABLE,2026-09-21 11:06:45.641357+00:00,,,,,,,,,,,,0.84,,,,,,,,,,,,,,,,,,0.07125902662649208,0.07125902662649208,0.0,5,False,0.07125902662649208,0.07125902662649208,0.0,5,False,0.07125902662649208,0.07125902662649208,0.0,5,False,0.07125902662649208,0.07125902662649208,0.0,5,False,0.07125902662649208,0.07125902662649208,0.0,5,False,False,False,False,TIER1,267.5,26062.77863457375,66381.94444374017,535.0,2.0,test
observing,8c186af7-2733-463a-9b23-76d3a450f62a,REK,2026-09-21 11:07:45.324742+00:00,,,,,,,,,,,,0.15,,,,,,,,,,,,,,,,,,0.06316612735284499,0.06316612735284499,0.0,4,False,0.6359083485682795,0.6359083485682795,0.0,14,False,1.833344601143275,1.833344601143275,0.0,29,False,1.833344601143275,1.833344601143275,0.0,29,False,1.833344601143275,1.833344601143275,0.0,29,False,False,False,False,TIER1,6.0,67386.01060987302,554253.8511557628,6.0,0.0,test
observing,0541818a-b429-4bfc-90b5-56e8c8225177,PDD,2026-09-21 11:07:45.591304+00:00,,,,,,,,,,,,0.71,,,,,,,,,,,,,,,,,,0.06153588023644496,0.06153588023644496,0.0,5,False,0.12189106518824255,0.12189106518824255,0.0,11,False,0.12189106518824255,0.12189106518824255,0.0,11,False,0.12189106518824255,0.12189106518824255,0.0,11,False,0.12189106518824255,0.12189106518824255,0.0,11,False,False,False,False,TIER1,129.6667,26042.96554330195,66260.40228176967,389.0,3.0,test
observing,5b5e2511-cea3-4d0b-9d40-fa7df8d45b89,ACAT,2026-09-21 11:09:45.139220+00:00,,,,,,,,,,,,0.19,,,,,,,,,,,,,,,,,,0.046254941970753194,0.046254941970753194,0.0,3,False,0.046254941970753194,0.046254941970753194,0.0,3,False,0.046254941970753194,0.046254941970753194,0.0,3,False,0.046254941970753194,0.046254941970753194,0.0,3,False,0.046254941970753194,0.046254941970753194,0.0,3,False,False,False,False,TIER1,13.0,25573.396462699904,63946.73685132222,13.0,0.0,test
observing,7926118f-ac2f-4cff-a4d0-03cd066b882e,TikTok,2026-09-21 11:15:45.372491+00:00,,,,,,,,,,,,0.07,,,,,,,,,,,,,,,,,,0.30007394419443223,0.30007394419443223,0.0,4,False,0.30007394419443223,0.30007394419443223,0.0,4,False,0.30007394419443223,0.30007394419443223,0.0,4,False,0.30007394419443223,0.30007394419443223,0.0,4,False,0.30007394419443223,0.30007394419443223,0.0,4,False,False,False,False,TIER1,1.0,22723.531365288356,56822.84947437831,1.0,0.0,test
observing,d556d956-c8c0-4003-b5f4-9fbede1a33d8,Goku,2026-09-21 11:17:45.217007+00:00,,,,,,,,,,,,0.33,,,,,,,,,,,,,,,,,,0.05463267448698228,0.05463267448698228,0.0,4,False,0.1290225721528917,0.1290225721528917,0.0,12,False,0.1290225721528917,0.1290225721528917,0.0,12,False,0.1290225721528917,0.1290225721528917,0.0,12,False,0.1290225721528917,0.1290225721528917,0.0,12,False,False,False,False,TIER1,143.5,25788.55884129151,64964.71357194441,287.0,2.0,test
observing,de7d00a9-aeda-4835-9dbb-63c8b6ccd569,ACAT,2026-09-21 11:18:45.407689+00:00,,,,,,,,,,,,1.04,,,,,,,,,,,,,,,,,,0.09042104527343464,0.09042104527343464,0.0,5,False,0.11320339259500889,0.11320339259500889,0.0,7,False,0.11320339259500889,0.11320339259500889,0.0,7,False,0.11320339259500889,0.11320339259500889,0.0,7,False,0.11320339259500889,0.11320339259500889,0.0,7,False,False,False,False,TIER1,7.6667,25592.671515660182,82773.30841745042,23.0,3.0,test
observing,59896242-68eb-4ce7-a8a3-b67702a63cfe,BUNSP,2026-09-21 11:20:45.214629+00:00,,,,,,,,,,,,0.42,,,,,,,,,,,,,,,,,,-0.8652555774768449,0.0,-0.8652555774768449,4,False,-0.9595951689922041,0.0,-0.9611204903049703,14,False,-0.9551811271494972,0.0,-0.9611204903049703,29,False,-0.9551811271494972,0.0,-0.9611204903049703,29,False,-0.9551811271494972,0.0,-0.9611204903049703,29,False,False,True,True,TIER1,2.6923,19283.64070334224,45413.843495986075,70.0,26.0,test
observing,1d58b26a-9228-461f-bebf-30cad15f8c9a,PHISTICLE,2026-09-21 11:20:45.444039+00:00,,,,,,,,,,,,0.46,,,,,,,,,,,,,,,,,,1.4103908409067056,1.8508709933426561,0.0,5,False,2.4516296592984173,3.330191147828976,0.0,15,False,-0.96081456869093,3.330191147828976,-0.9635912899168936,29,False,-0.96081456869093,3.330191147828976,-0.9635912899168936,29,False,-0.96081456869093,3.330191147828976,-0.9635912899168936,29,False,False,True,True,TIER1,6.0,21894.58684876234,58583.98498305721,36.0,6.0,test
observing,e3dd4d44-9b44-499d-b31e-303f15736054,curp,2026-09-21 11:20:45.639454+00:00,,,,,,,,,,,,0.68,,,,,,,,,,,,,,,,,,0.07215980197578875,0.07215980197578875,0.0,5,False,0.1146734450295217,0.1146734450295217,0.0,12,False,0.1146734450295217,0.1146734450295217,0.0,12,False,0.1146734450295217,0.1146734450295217,0.0,12,False,0.1146734450295217,0.1146734450295217,0.0,12,False,False,False,False,TIER1,188.0,26104.26152706269,66575.99231791245,376.0,2.0,test
observing,61596e08-ebc8-47d9-bead-982f988805e0,OpenClaw,2026-09-21 11:21:45.265350+00:00,,,,,,,,,,,,0.21,,,,,,,,,,,,,,,,,,0.11843490110946564,0.11843490110946564,0.0,3,False,0.11843490110946564,0.11843490110946564,0.0,3,False,0.11843490110946564,0.11843490110946564,0.0,3,False,0.11843490110946564,0.11843490110946564,0.0,3,False,0.11843490110946564,0.11843490110946564,0.0,3,False,False,False,False,TIER1,5.0,24077.84741789212,60218.243312088496,5.0,0.0,test
observing,4db26985-a8fe-41a5-9754-1edaf12eef2e,SJP,2026-09-21 11:23:45.243694+00:00,,,,,,,,,,,,0.6,,,,,,,,,,,,,,,,,,-0.10469924656290941,0.32757610131392667,-0.10469924656290941,5,False,-0.9662538442012911,0.32757610131392667,-0.9664930766088526,14,False,-0.9671854031700647,0.32757610131392667,-0.9672805337354476,29,False,-0.9671854031700647,0.32757610131392667,-0.9672805337354476,29,False,-0.9671854031700647,0.32757610131392667,-0.9672805337354476,29,False,False,True,True,TIER1,2.614,26495.89307548364,85544.71063465334,149.0,57.0,test
observing,ed109b66-3013-475d-927d-a1ddff13bff6,REKCAT,2026-09-21 11:24:45.382485+00:00,,,,,,,,,,,,0.78,,,,,,,,,,,,,,,,,,-0.5622833831717118,0.0,-0.5622833831717118,5,False,0.4612065072985254,0.9750695060436425,-0.5622833831717118,15,False,0.673768781500711,1.4799647395472082,-0.5622833831717118,29,False,0.673768781500711,1.4799647395472082,-0.5622833831717118,29,False,0.673768781500711,1.4799647395472082,-0.5622833831717118,29,False,False,False,False,TIER1,3.9104,34010.00815551244,140977.07834837525,262.0,67.0,test
observing,253d12fb-de08-40b5-a0c2-0f8ba5f31efc,Coinbase,2026-09-21 11:26:45.325694+00:00,,,,,,,,,,,,0.66,,,,,,,,,,,,,,,,,,0.02453508818187844,0.02453508818187844,0.0,2,False,0.02453508818187844,0.02453508818187844,0.0,2,False,0.02453508818187844,0.02453508818187844,0.0,2,False,0.02453508818187844,0.02453508818187844,0.0,2,False,0.02453508818187844,0.02453508818187844,0.0,2,False,False,False,False,TIER1,13.5,23288.01123178227,58245.49065496753,27.0,2.0,test
observing,c757fe14-e622-4191-be5d-b0368a9e5b51,Stamp,2026-09-21 11:29:45.345368+00:00,,,,,,,,,,,,1.03,,,,,,,,,,,,,,,,,,0.04220140983263487,0.04220140983263487,0.0,4,False,0.3351095363290877,0.3351095363290877,0.0,15,False,0.42335177933703827,0.42335177933703827,0.0,16,False,0.42335177933703827,0.42335177933703827,0.0,16,False,0.42335177933703827,0.42335177933703827,0.0,16,False,False,False,False,TIER1,205.6667,26313.572882687185,67601.09944695843,617.0,3.0,test
observing,ad76e964-2893-4386-88a9-4d1c2470f760,Kraken,2026-09-21 11:30:45.231579+00:00,,,,,,,,,,,,0.88,,,,,,,,,,,,,,,,,,0.2697391424977418,0.2697391424977418,0.0,3,False,0.2697391424977418,0.2697391424977418,0.0,3,False,0.2697391424977418,0.2697391424977418,0.0,3,False,0.2697391424977418,0.2697391424977418,0.0,3,False,0.2697391424977418,0.2697391424977418,0.0,3,False,False,False,False,TIER1,34.5,23726.055171320768,59372.0741065189,69.0,2.0,test
observing,498e0e6a-d5de-45f9-9495-75c0015f9237,Hermès,2026-09-21 11:32:45.238596+00:00,,,,,,,,,,,,0.13,,,,,,,,,,,,,,,,,,0.19117524443040312,0.19117524443040312,0.0,4,False,-0.9965738621264637,0.19117524443040312,-0.9966404196955533,14,False,-0.9966671238272073,0.19117524443040312,-0.9966713421865973,29,False,-0.9966671238272073,0.19117524443040312,-0.9966713421865973,29,False,-0.9966671238272073,0.19117524443040312,-0.9966713421865973,29,False,False,True,True,TIER1,4.6,71410.10935670897,621577.797660461,23.0,5.0,test
observing,d68d521f-690f-486b-97a3-bcac3f393bfd,Amazon,2026-09-21 11:37:45.383998+00:00,,,,,,,,,,,,0.98,,,,,,,,,,,,,,,,,,0.0,0.0,0.0,1,False,0.0,0.0,0.0,1,False,0.0,0.0,0.0,1,False,0.0,0.0,0.0,1,False,0.0,0.0,0.0,1,False,False,False,False,TIER1,46.5,22965.747528354663,57469.77099904949,93.0,2.0,test
observing,f3ad7a2d-29d2-40b9-a68e-21b7f2acadfd,ECTF,2026-09-21 11:39:45.270903+00:00,,,,,,,,,,,,0.17,,,,,,,,,,,,,,,,,,0.04862079234229144,0.04862079234229144,0.0,5,False,0.05654645434396577,0.05799453828374568,0.0,14,False,0.06795239996759483,0.06795239996759483,0.0,29,False,0.06795239996759483,0.06795239996759483,0.0,29,False,0.06795239996759483,0.06795239996759483,0.0,29,False,False,False,False,TIER1,15.0,141920.8176569055,2454713.569667155,15.0,0.0,test
observing,e54132f0-0309-4180-b96f-73dae6b37ba0,PSYOPPHIL,2026-09-21 11:41:45.363475+00:00,,,,,,,,,,,,0.27,,,,,,,,,,,,,,,,,,1.264095483963911,1.264095483963911,0.0,4,False,5.475421307053726,5.475421307053726,0.0,14,False,-0.9524098803490445,7.164089926011908,-0.9528454459316394,29,False,-0.9524098803490445,7.164089926011908,-0.9528454459316394,29,False,-0.9524098803490445,7.164089926011908,-0.9528454459316394,29,False,False,True,True,TIER1,6.5,21687.860360743343,57310.74196631751,39.0,6.0,test
observing,091f3f60-2202-4d3d-8472-863fa2753189,Redbull,2026-09-21 11:41:45.598803+00:00,,,,,,,,,,,,0.28,,,,,,,,,,,,,,,,,,0.46637416047035596,0.46637416047035596,0.0,4,False,0.46637416047035596,0.46637416047035596,0.0,4,False,0.46637416047035596,0.46637416047035596,0.0,4,False,0.46637416047035596,0.46637416047035596,0.0,4,False,0.46637416047035596,0.46637416047035596,0.0,4,False,False,False,False,TIER1,6.0,23405.877107101278,58522.20183126168,6.0,1.0,test
observing,3ba65147-ff16-438c-9cff-53af918eb27e,WOJAKAVELI,2026-09-21 11:41:45.846282+00:00,,,,,,,,,,,,0.61,,,,,,,,,,,,,,,,,,0.18157392349184143,0.9372432767073597,0.0,5,False,-0.4170662084071559,1.5832063947828803,-0.4170662084071559,15,False,-0.9599602503766853,1.5832063947828803,-0.9599602503766853,29,False,-0.9599602503766853,1.5832063947828803,-0.9599602503766853,29,False,-0.9599602503766853,1.5832063947828803,-0.9599602503766853,29,False,False,True,True,TIER1,3.3182,20443.931691252503,50817.38939984321,146.0,44.0,test
observing,1220e52c-48c5-43b7-8a62-d97160ac4087,ZOOKO,2026-09-21 11:42:45.274752+00:00,,,,,,,,,,,,0.65,,,,,,,,,,,,,,,,,,-0.17768149300999858,0.0,-0.3882155873949874,5,False,0.09504326918202022,0.3667603693319845,-0.3882155873949874,14,False,0.6382300517247994,0.8873992054265729,-0.3882155873949874,29,False,0.6382300517247994,0.8873992054265729,-0.3882155873949874,29,False,0.6382300517247994,0.8873992054265729,-0.3882155873949874,29,False,False,False,False,TIER1,15.0,34280.42006423858,143212.55181706633,15.0,1.0,test
observing,34344223-7e4f-44dd-a2d4-41cdaaa7b1e8,PORNHUB,2026-09-21 11:43:45.357059+00:00,,,,,,,,,,,,0.31,,,,,,,,,,,,,,,,,,0.05818206351688415,0.05818206351688415,0.0,4,False,0.08426741283288286,0.08426741283288286,0.0,6,False,0.08426741283288286,0.08426741283288286,0.0,6,False,0.08426741283288286,0.08426741283288286,0.0,6,False,0.08426741283288286,0.08426741283288286,0.0,6,False,False,False,False,TIER1,192.0,25782.955961237232,64707.36067260304,192.0,0.0,test
observing,d82e82a5-e0b1-42f2-8779-6aec260f645c,MEMEFROGS,2026-09-21 11:45:45.755728+00:00,,,,,,,,,,,,0.95,,,,,,,,,,,,,,,,,,0.05855833337437866,0.0934220658775613,-0.061075485035294586,5,False,-0.172051536203622,0.23336775750056815,-0.172051536203622,15,False,0.04170303687853161,0.3216167946605215,-0.28599752611377527,29,False,0.04170303687853161,0.3216167946605215,-0.28599752611377527,29,False,0.04170303687853161,0.3216167946605215,-0.28599752611377527,29,False,False,False,False,TIER1,3.5714,38550.59538758257,180721.92467955165,25.0,7.0,test
observing,7ececc0c-4e79-43ee-aa86-7264c3da26ac,AAPL,2026-09-21 11:51:45.307307+00:00,,,,,,,,,,,,0.31,,,,,,,,,,,,,,,,,,0.6140502222261122,0.6140502222261122,0.0,4,False,0.6140502222261122,0.6140502222261122,0.0,4,False,0.6140502222261122,0.6140502222261122,0.0,4,False,0.6140502222261122,0.6140502222261122,0.0,4,False,0.6140502222261122,0.6140502222261122,0.0,4,False,False,False,False,TIER1,3.0,23594.443721691325,59000.356271297176,3.0,0.0,test
observing,8f18c07c-5b31-440e-87eb-49b745c6ad01,PORNHUB,2026-09-21 11:51:45.807973+00:00,,,,,,,,,,,,0.54,,,,,,,,,,,,,,,,,,0.2642649222405926,0.2642649222405926,0.0,4,False,0.2642649222405926,0.2642649222405926,0.0,4,False,0.2642649222405926,0.2642649222405926,0.0,4,False,0.2642649222405926,0.2642649222405926,0.0,4,False,0.2642649222405926,0.2642649222405926,0.0,4,False,False,False,False,TIER1,119.0,26460.313111628264,67987.86432932357,357.0,3.0,test
observing,448c715e-3881-4985-8f37-5b46e8b7b679,VALUABLE,2026-09-21 11:52:45.288803+00:00,,,,,,,,,,,,0.97,,,,,,,,,,,,,,,,,,0.057690275885250664,0.057690275885250664,0.0,4,False,0.13518770535590185,0.13518770535590185,0.0,13,False,0.13518770535590185,0.13518770535590185,0.0,13,False,0.13518770535590185,0.13518770535590185,0.0,13,False,0.13518770535590185,0.13518770535590185,0.0,13,False,False,False,False,TIER1,308.0,26289.03841563672,67178.38647226465,616.0,2.0,test
observing,1654a7be-d248-4061-a0aa-bb31176cb764,SCOPE,2026-09-21 11:57:45.385739+00:00,,,,,,,,,,,,0.14,,,,,,,,,,,,,,,,,,0.2551195052912192,0.2551195052912192,0.0,4,False,0.8934131859002392,1.067965448067608,0.0,14,False,0.24293761487374477,1.2114909192699228,0.0,22,False,0.24293761487374477,1.2114909192699228,0.0,22,False,0.24293761487374477,1.2114909192699228,0.0,22,False,False,False,False,TIER1,5.1111,20799.833100653093,52722.87296642867,46.0,9.0,test
observing,ac32fc6b-55aa-44bb-a77c-dfdb84ed3b3a,UNJEANPHIL,2026-09-21 11:59:45.434677+00:00,,,,,,,,,,,,0.58,,,,,,,,,,,,,,,,,,-0.7930085246562972,0.0,-0.7930085246562972,4,False,-0.9581926689555136,0.0,-0.9582735385323802,14,False,-0.9582710016221538,0.0,-0.9582735385323802,29,False,-0.9582710016221538,0.0,-0.9582735385323802,29,False,-0.9582710016221538,0.0,-0.9582735385323802,29,False,False,True,True,TIER1,2.7917,22395.640780411526,60901.728442599386,134.0,48.0,test
observing,216b0b12-e9f4-4891-88d6-8f552dc8ce2e,MOONS,2026-09-21 12:01:45.469602+00:00,,,,,,,,,,,,0.85,,,,,,,,,,,,,,,,,,0.06041571189413841,0.06041571189413841,0.0,4,False,0.0625875520009993,0.0625875520009993,0.0,5,False,0.0625875520009993,0.0625875520009993,0.0,5,False,0.0625875520009993,0.0625875520009993,0.0,5,False,0.0625875520009993,0.0625875520009993,0.0,5,False,False,False,False,TIER1,558.0,26282.58379921208,67128.40577857738,558.0,1.0,test
observing,ff1b0ab3-eee4-4ae9-9dc9-0d812de2c0bc,AMD,2026-09-21 12:02:45.543642+00:00,,,,,,,,,,,,0.54,,,,,,,,,,,,,,,,,,0.05360439226990654,0.05360439226990654,0.0,2,False,0.05360439226990654,0.05360439226990654,0.0,2,False,0.05360439226990654,0.05360439226990654,0.0,2,False,0.05360439226990654,0.05360439226990654,0.0,2,False,0.05360439226990654,0.05360439226990654,0.0,2,False,False,False,False,TIER1,3.5,22895.27154326052,57255.44601910984,7.0,2.0,test
observing,284d69a5-ca4f-4381-b639-2f6be82793a2,McDonald's,2026-09-21 12:04:45.468863+00:00,,,,,,,,,,,,0.07,,,,,,,,,,,,,,,,,,0.05946715744940412,0.05946715744940412,0.0,4,False,-0.08362540646244077,0.44076132560864245,-0.4986578242583939,14,False,-0.9963257842879607,0.44076132560864245,-0.9963354681753913,29,False,-0.9963257842879607,0.44076132560864245,-0.9963354681753913,29,False,-0.9963257842879607,0.44076132560864245,-0.9963354681753913,29,False,False,True,True,TIER1,6.0,67331.65073181024,552284.6705374506,6.0,0.0,test
observing,f19143e9-3d19-4fa6-b953-d025cc57d450,MCAT,2026-09-21 12:08:45.516247+00:00,,,,,,,,,,,,0.18,,,,,,,,,,,,,,,,,,0.07077537302029469,0.07077537302029469,0.0,4,False,0.07077537302029469,0.07077537302029469,0.0,4,False,0.07077537302029469,0.07077537302029469,0.0,4,False,0.07077537302029469,0.07077537302029469,0.0,4,False,0.07077537302029469,0.07077537302029469,0.0,4,False,False,False,False,TIER1,8.5,25699.398362120446,64260.1230845892,17.0,2.0,test
observing,84f51a9b-b3f8-44d1-bf7c-9a1ba3f213fb,TIGRINO,2026-09-21 12:09:45.663980+00:00,,,,,,,,,,,,0.65,,,,,,,,,,,,,,,,,,0.032618483059429826,0.032618483059429826,0.0,2,False,0.032618483059429826,0.032618483059429826,0.0,2,False,0.032618483059429826,0.032618483059429826,0.0,2,False,0.032618483059429826,0.032618483059429826,0.0,2,False,0.032618483059429826,0.032618483059429826,0.0,2,False,False,False,False,TIER1,424.0,26098.794085071473,66377.92147490547,424.0,0.0,test
observing,5066e64e-3f72-4788-865e-8e43dbaaa608,SpaceX,2026-09-21 12:09:45.941056+00:00,,,,,,,,,,,,1.0,,,,,,,,,,,,,,,,,,0.0463705165456636,0.0463705165456636,0.0,2,False,0.0463705165456636,0.0463705165456636,0.0,2,False,0.0463705165456636,0.0463705165456636,0.0,2,False,0.0463705165456636,0.0463705165456636,0.0,2,False,0.0463705165456636,0.0463705165456636,0.0,2,False,False,False,False,TIER1,5.0,23767.103041719663,59437.26341407579,5.0,1.0,test
observing,d0528938-3238-4afd-b65e-0a78f242d954,wouldphil,2026-09-21 12:11:45.749573+00:00,,,,,,,,,,,,0.9,,,,,,,,,,,,,,,,,,0.41056141722512063,0.41056141722512063,-0.006572018555651815,5,False,-0.9545492842228387,0.41056141722512063,-0.9545492842228387,15,False,-0.952553673700451,0.41056141722512063,-0.9549687592282857,29,False,-0.952553673700451,0.41056141722512063,-0.9549687592282857,29,False,-0.952553673700451,0.41056141722512063,-0.9549687592282857,29,False,False,True,True,TIER1,5.8333,22537.91885981462,61911.005973712614,70.0,12.0,test
observing,08d2a0f9-40c5-4a41-b6d9-92a8b74b6bec,iDollar,2026-09-21 12:14:45.482795+00:00,,,,,,,,,,,,1.03,,,,,,,,,,,,,,,,,,0.30905978724194716,0.30905978724194716,-0.0781478087872074,4,False,-0.12796024904166725,0.6034208742306455,-0.12796024904166725,14,False,-0.9744143639675775,0.6034208742306455,-0.9744202099739624,27,False,-0.9744143639675775,0.6034208742306455,-0.9744202099739624,27,False,-0.9744143639675775,0.6034208742306455,-0.9744202099739624,27,False,False,True,True,TIER1,2.9444,25404.968249151534,78491.11516298034,53.0,18.0,test
observing,c77f6e3f-0d70-4366-b3e4-ef9b75bc9c5b,Fartcoin,2026-09-21 12:14:45.933202+00:00,,,,,,,,,,,,1.01,,,,,,,,,,,,,,,,,,0.038786137154716904,0.038786137154716904,0.0,2,False,0.038786137154716904,0.038786137154716904,0.0,2,False,0.038786137154716904,0.038786137154716904,0.0,2,False,0.038786137154716904,0.038786137154716904,0.0,2,False,0.038786137154716904,0.038786137154716904,0.0,2,False,False,False,False,TIER1,33.0,24265.38521258377,60721.51499201488,99.0,3.0,test
observing,bd916c9a-c39c-4f72-8e84-e6328c36489c,iDollar,2026-09-21 12:15:45.459220+00:00,,,,,,,,,,,,0.41,,,,,,,,,,,,,,,,,,0.08143811370460852,0.08143811370460852,0.0,5,False,0.11335409471468005,0.12903790349569544,0.0,12,False,0.11335409471468005,0.12903790349569544,0.0,12,False,0.11335409471468005,0.12903790349569544,0.0,12,False,0.11335409471468005,0.12903790349569544,0.0,12,False,False,False,False,TIER1,88.3333,25926.95556926958,65400.854221555404,265.0,3.0,test
observing,42881ec0-27b4-44ac-a35e-6439922ee4af,TRAGET,2026-09-21 12:16:45.349463+00:00,,,,,,,,,,,,0.13,,,,,,,,,,,,,,,,,,0.17829710561350676,0.17829710561350676,0.0,4,False,-0.055170213073786334,0.3304782588318278,-0.232333623658581,14,False,-0.9968053058970853,0.3304782588318278,-0.9968074226726593,29,False,-0.9968053058970853,0.3304782588318278,-0.9968074226726593,29,False,-0.9968053058970853,0.3304782588318278,-0.9968074226726593,29,False,False,True,True,TIER1,3.0,72466.21444107738,638267.5073205978,15.0,5.0,test
observing,2fbd73b5-bdc0-4309-a11a-21e40f1e5976,ひまり,2026-09-21 12:19:45.569246+00:00,,,,,,,,,,,,0.09,,,,,,,,,,,,,,,,,,0.053455254630695226,0.053455254630695226,0.0,4,False,0.06673103449121687,0.06673103449121687,0.0,5,False,0.06673103449121687,0.06673103449121687,0.0,5,False,0.06673103449121687,0.06673103449121687,0.0,5,False,0.06673103449121687,0.06673103449121687,0.0,5,False,False,False,False,TIER1,2.0,25705.8005444666,64273.894228309095,4.0,2.0,test
observing,d0cd1892-84fc-41e6-a45a-65129411296c,CRCL,2026-09-21 12:19:45.922320+00:00,,,,,,,,,,,,0.24,,,,,,,,,,,,,,,,,,0.46654704438577066,0.46654704438577066,0.0,5,False,0.8244432075806414,0.8244432075806414,0.0,6,False,0.8244432075806414,0.8244432075806414,0.0,6,False,0.8244432075806414,0.8244432075806414,0.0,6,False,0.8244432075806414,0.8244432075806414,0.0,6,False,False,False,False,TIER1,5.0,22468.026004488725,56192.64552864705,5.0,0.0,test
observing,c12d0f5e-1213-4ef1-98aa-f522d2ba465e,TIGROPAID,2026-09-21 12:20:45.421201+00:00,,,,,,,,,,,,0.77,,,,,,,,,,,,,,,,,,0.9435529407156245,1.2521881730930224,0.0,4,False,2.8593002352464216,4.868076375031538,0.0,14,False,-0.9488116898849134,4.868076375031538,-0.9488146755487112,29,False,-0.9488116898849134,4.868076375031538,-0.9488146755487112,29,False,-0.9488116898849134,4.868076375031538,-0.9488146755487112,29,False,False,True,True,TIER1,4.0435,22430.235359215112,61001.85902712408,186.0,46.0,test
observing,5df18a74-2891-47fb-96fe-7c796ab46733,ECTF,2026-09-21 12:23:45.391760+00:00,,,,,,,,,,,,0.22,,,,,,,,,,,,,,,,,,0.018002343670487475,0.018002343670487475,0.0,4,False,0.031003759997815683,0.031003759997815683,0.0,14,False,0.03860925896315104,0.03860925896315104,0.0,29,False,0.03860925896315104,0.03860925896315104,0.0,29,False,0.03860925896315104,0.03860925896315104,0.0,29,False,False,False,False,TIER1,8.0,311677.599204,9633891.137910781,8.0,0.0,test
observing,4470ff87-89d7-4ab4-839c-0e141b036a4f,iNU,2026-09-21 12:27:45.479009+00:00,,,,,,,,,,,,0.3,,,,,,,,,,,,,,,,,,0.06427386445986816,0.06427386445986816,0.0,4,False,0.14380672671997763,0.14380672671997763,0.0,13,False,0.14380672671997763,0.14380672671997763,0.0,13,False,0.14380672671997763,0.14380672671997763,0.0,13,False,0.14380672671997763,0.14380672671997763,0.0,13,False,False,False,False,TIER1,75.5,25721.468160249362,64617.1185710268,151.0,2.0,test
observing,89dd3e3e-9f6b-4989-885b-0474b753a38c,LMAO!,2026-09-21 12:30:45.555732+00:00,,,,,,,,,,,,0.79,,,,,,,,,,,,,,,,,,0.03553877177224618,0.03553877177224618,0.0,2,False,0.03553877177224618,0.03553877177224618,0.0,2,False,0.03553877177224618,0.03553877177224618,0.0,2,False,0.03553877177224618,0.03553877177224618,0.0,2,False,0.03553877177224618,0.03553877177224618,0.0,2,False,False,False,False,TIER1,219.5,26055.019122092446,66321.92199755828,439.0,2.0,test
observing,1f6e40fd-5d04-42a4-8e7b-e18aa0c28351,FOMO,2026-09-21 12:31:45.545367+00:00,,,,,,,,,,,,0.63,,,,,,,,,,,,,,,,,,0.21164953378944595,0.21164953378944595,0.0,5,False,0.5397445942704717,0.5397445942704717,0.0,14,False,-0.984187717979036,0.5770698843616997,-0.9842132706408182,29,False,-0.984187717979036,0.5770698843616997,-0.9842132706408182,29,False,-0.984187717979036,0.5770698843616997,-0.9842132706408182,29,False,False,True,True,TIER1,116.0,50594.9614694631,311982.0812241247,116.0,1.0,test
observing,e52e2778-06f6-47ac-af97-658676cd1381,NVIDIA,2026-09-21 12:32:45.597030+00:00,,,,,,,,,,,,0.93,,,,,,,,,,,,,,,,,,0.30956769885281177,0.30956769885281177,0.0,3,False,0.30956769885281177,0.30956769885281177,0.0,3,False,0.30956769885281177,0.30956769885281177,0.0,3,False,0.30956769885281177,0.30956769885281177,0.0,3,False,0.30956769885281177,0.30956769885281177,0.0,3,False,False,False,False,TIER1,42.0,23134.796588333495,57895.47333230616,84.0,2.0,test
observing,b4c717aa-3906-4a20-8dd7-3c7dd286dead,부캉이,2026-09-21 12:33:45.558697+00:00,,,,,,,,,,,,1.04,,,,,,,,,,,,,,,,,,0.004428745221206398,0.06468266162694136,0.0,4,False,-0.9606491123355436,0.06468266162694136,-0.9606491123355436,14,False,-0.9605846678983149,0.06468266162694136,-0.9606642298081534,28,False,-0.9605846678983149,0.06468266162694136,-0.9606642298081534,28,False,-0.9605846678983149,0.06468266162694136,-0.9606642298081534,28,False,False,True,True,TIER1,3.875,20835.809987889246,52893.06038546912,31.0,8.0,test
observing,ad5fa148-35aa-4ddb-8a59-912b0f39e62b,CCAT,2026-09-21 12:34:45.577782+00:00,,,,,,,,,,,,0.46,,,,,,,,,,,,,,,,,,0.0668565634142011,0.0668565634142011,0.0,5,False,0.14149840593253815,0.14149840593253815,0.0,13,False,0.14149840593253815,0.14149840593253815,0.0,13,False,0.14149840593253815,0.14149840593253815,0.0,13,False,0.14149840593253815,0.14149840593253815,0.0,13,False,False,False,False,TIER1,330.0,25920.21276145251,65404.60642904863,330.0,0.0,test
observing,987b20d7-4541-4c8d-9b73-6087ff570882,JEANMICHI,2026-09-21 12:36:45.450137+00:00,,,,,,,,,,,,0.17,,,,,,,,,,,,,,,,,,-0.8119589901187924,0.0,-0.8124305604880798,5,False,-0.9508333809266906,0.0,-0.9508750782190224,14,False,-0.9509209435182704,0.0,-0.951013896961771,29,False,-0.9509209435182704,0.0,-0.951013896961771,29,False,-0.9509209435182704,0.0,-0.951013896961771,29,False,False,True,True,TIER1,3.875,20825.379537018845,52755.717391968035,31.0,8.0,test
observing,b28ef8f8-6f35-433d-9dea-9297be21a6ce,Ferret,2026-09-21 12:37:45.569052+00:00,,,,,,,,,,,,0.68,,,,,,,,,,,,,,,,,,0.29970978971529894,0.29970978971529894,0.0,5,False,-0.6349805010001288,0.6808103513420298,-0.7427352028130518,14,False,-0.9958729130191181,0.6808103513420298,-0.9959078730104396,29,False,-0.9958729130191181,0.6808103513420298,-0.9959078730104396,29,False,-0.9958729130191181,0.6808103513420298,-0.9959078730104396,29,False,False,True,True,TIER1,9.0,64009.32653366404,498374.8727889536,9.0,0.0,test
observing,1957a399-82f9-45b6-8139-5a7140f61bad,Bybit,2026-09-21 12:40:45.649364+00:00,,,,,,,,,,,,0.62,,,,,,,,,,,,,,,,,,0.8445507203444063,0.8445507203444063,0.0,5,False,0.8445507203444063,0.8445507203444063,0.0,5,False,0.8445507203444063,0.8445507203444063,0.0,5,False,0.8445507203444063,0.8445507203444063,0.0,5,False,0.8445507203444063,0.8445507203444063,0.0,5,False,False,False,False,TIER1,6.5,23468.947055064724,58704.776509171774,13.0,2.0,test
observing,2061735f-e7e9-4910-b05c-2a9f44bc8a9d,BOT,2026-09-21 12:42:45.457974+00:00,,,,,,,,,,,,0.08,,,,,,,,,,,,,,,,,,0.12047700649246385,0.12047700649246385,-0.11315719928098444,5,False,6.5260858516558775,6.5260858516558775,-0.24188813466658143,14,False,-0.8560469268016606,6.5260858516558775,-0.8564993711152303,29,False,-0.8560469268016606,6.5260858516558775,-0.8564993711152303,29,False,-0.8560469268016606,6.5260858516558775,-0.8564993711152303,29,False,False,True,True,TIER1,8.0,20099.61557038025,49224.989685858236,8.0,1.0,test
observing,e9121e7b-a659-4947-aac8-76dc3a549d62,PILL,2026-09-21 12:42:45.805167+00:00,,,,,,,,,,,,0.86,,,,,,,,,,,,,,,,,,0.07079099559650248,0.07079099559650248,0.0,5,False,0.12362924640341322,0.12362924640341322,0.0,12,False,0.12362924640341322,0.12362924640341322,0.0,12,False,0.12362924640341322,0.12362924640341322,0.0,12,False,0.12362924640341322,0.12362924640341322,0.0,12,False,False,False,False,TIER1,260.5,26186.85376348807,66785.34312975507,521.0,2.0,test
observing,a03c0205-1386-4384-9038-655add724acc,NFL,2026-09-21 12:43:45.577655+00:00,,,,,,,,,,,,0.06,,,,,,,,,,,,,,,,,,0.19823511507406666,0.19823511507406666,0.0,4,False,-0.7437704171876446,0.5918512549276824,-0.8183997846558516,14,False,-0.9966798784663637,0.5918512549276824,-0.9966918935035894,29,False,-0.9966798784663637,0.5918512549276824,-0.9966918935035894,29,False,-0.9966798784663637,0.5918512549276824,-0.9966918935035894,29,False,False,True,True,TIER1,5.0,71607.12971332247,623408.1736493529,5.0,0.0,test
observing,2f7826d4-0ee9-4db1-a438-a949b9527a75,LEGOPAID,2026-09-21 12:44:45.492654+00:00,,,,,,,,,,,,0.17,,,,,,,,,,,,,,,,,,0.08220339116352626,0.10326794641712778,0.0,5,False,-0.8626232015153801,0.10326794641712778,-0.8628652205945327,14,False,-0.862916314716577,0.10326794641712778,-0.8633646629255138,29,False,-0.862916314716577,0.10326794641712778,-0.8633646629255138,29,False,-0.862916314716577,0.10326794641712778,-0.8633646629255138,29,False,False,True,True,TIER1,7.0,20734.15203267932,52366.640112862915,35.0,5.0,test
observing,e804d979-bc2a-4439-95bb-de81517990b9,Claude,2026-09-21 12:49:45.460925+00:00,,,,,,,,,,,,0.12,,,,,,,,,,,,,,,,,,0.07371055063748577,0.07371055063748577,0.0,4,False,0.2817180481759811,0.2817180481759811,0.0,14,False,1.0613036959676543,1.0613036959676543,0.0,29,False,1.0613036959676543,1.0613036959676543,0.0,29,False,1.0613036959676543,1.0613036959676543,0.0,29,False,False,False,False,TIER1,6.0,58323.75244248571,413886.6689779547,6.0,0.0,test
observing,cd3e6498-5604-4e7d-8081-2e6fca89fc4d,ZINU,2026-09-21 12:49:45.875991+00:00,,,,,,,,,,,,0.56,,,,,,,,,,,,,,,,,,-0.383984052265229,0.0,-0.383984052265229,5,False,0.358554392105761,0.4287889902091446,-0.383984052265229,15,False,0.15706932309562882,0.5805306057373989,-0.383984052265229,29,False,0.15706932309562882,0.5805306057373989,-0.383984052265229,29,False,0.15706932309562882,0.5805306057373989,-0.383984052265229,29,False,False,False,False,TIER1,9.1429,29500.005751355995,105962.74573575448,64.0,7.0,test
observing,32ed7547-4936-4e1f-aeab-f9ff69366dbc,OpenSea,2026-09-21 12:50:45.462807+00:00,,,,,,,,,,,,0.51,,,,,,,,,,,,,,,,,,0.3231180302623953,0.3231180302623953,0.0,4,False,0.6876134926333821,0.6876134926333821,0.0,5,False,0.6876134926333821,0.6876134926333821,0.0,5,False,0.6876134926333821,0.6876134926333821,0.0,5,False,0.6876134926333821,0.6876134926333821,0.0,5,False,False,False,False,TIER1,3.5,23062.185343035657,57671.17598210487,7.0,2.0,test
observing,1b035aa1-20f1-4d8f-aecf-b710c4f8dcc4,homo,2026-09-21 12:51:45.680482+00:00,,,,,,,,,,,,0.47,,,,,,,,,,,,,,,,,,-0.681547096528451,0.0,-0.7423793235810257,4,False,-0.9356091942520737,0.0,-0.9358878258223645,15,False,-0.9357158165798282,0.0,-0.9358878258223645,29,False,-0.9357158165798282,0.0,-0.9358878258223645,29,False,-0.9357158165798282,0.0,-0.9358878258223645,29,False,False,True,True,TIER1,3.1304,18426.28465164353,41375.893632153064,72.0,23.0,test
observing,58198fff-7a1a-45f1-b459-146ae399fdce,TSLA,2026-09-21 12:52:45.634118+00:00,,,,,,,,,,,,0.08,,,,,,,,,,,,,,,,,,0.17481174983080394,0.17481174983080394,0.0,4,False,0.510376006673007,0.510376006673007,0.0,15,False,0.896430170132676,0.9027742241774857,0.0,29,False,0.896430170132676,0.9027742241774857,0.0,29,False,0.896430170132676,0.9027742241774857,0.0,29,False,False,False,False,TIER1,9.0,61555.3897810374,461101.0115053564,9.0,0.0,test
observing,f16edf25-b0fb-493c-9ce4-6fff41fd7c95,GROKIFY,2026-09-21 12:52:46.053265+00:00,,,,,,,,,,,,0.21,,,,,,,,,,,,,,,,,,0.18237857004596947,0.18237857004596947,0.0,5,False,0.49246755799454744,0.49246755799454744,0.0,15,False,0.9415687264892656,0.9415687264892656,0.0,29,False,0.9415687264892656,0.9415687264892656,0.0,29,False,0.9415687264892656,0.9415687264892656,0.0,29,False,False,False,False,TIER1,45.0,89614.73346532302,977086.9958903972,45.0,0.0,test
observing,c6832b30-34ad-43f4-a0d1-437dcdc0fa49,NFL,2026-09-21 12:54:45.637722+00:00,,,,,,,,,,,,0.32,,,,,,,,,,,,,,,,,,0.0940076005708228,0.0940076005708228,0.0,4,False,0.36005199809468724,0.36005199809468724,0.0,15,False,0.7777304487163283,0.7777304487163283,0.0,29,False,0.7777304487163283,0.7777304487163283,0.0,29,False,0.7777304487163283,0.7777304487163283,0.0,29,False,False,False,False,TIER1,13.0,47934.31324882172,279832.9419015421,13.0,0.0,test
observing,7616a314-1539-4f6e-85df-a8a7d5f53085,JEANPAID,2026-09-21 12:56:45.783329+00:00,,,,,,,,,,,,0.4,,,,,,,,,,,,,,,,,,0.35568359302256414,0.6129632634825493,-0.06667575212169952,5,False,-0.15284851184761072,1.0984452182532678,-0.15284851184761072,15,False,-0.9359535680847232,1.0984452182532678,-0.9433690769806493,29,False,-0.9359535680847232,1.0984452182532678,-0.9433690769806493,29,False,-0.9359535680847232,1.0984452182532678,-0.9433690769806493,29,False,False,True,True,TIER1,20.0,21946.95128616567,58664.42412526553,40.0,2.0,test
observing,9d4dcdda-cb2e-4c41-8fcb-d0b3aded3c62,Ronaldinu,2026-09-21 12:56:46.075400+00:00,,,,,,,,,,,,0.44,,,,,,,,,,,,,,,,,,0.06993122407866714,0.06993122407866714,0.0,5,False,0.1432315988809807,0.1432315988809807,0.0,12,False,0.1432315988809807,0.1432315988809807,0.0,12,False,0.1432315988809807,0.1432315988809807,0.0,12,False,0.1432315988809807,0.1432315988809807,0.0,12,False,False,False,False,TIER1,87.5,25822.50842236633,64927.57580185671,175.0,2.0,test
observing,17ecc731-8ddf-4ba2-a437-239589929750,FAMILY,2026-09-21 12:57:45.645880+00:00,,,,,,,,,,,,0.27,,,,,,,,,,,,,,,,,,0.1302800276573597,0.1302800276573597,0.0,4,False,0.6123393124439205,0.6123393124439205,0.0,15,False,1.113499494625093,1.113499494625093,0.0,29,False,1.113499494625093,1.113499494625093,0.0,29,False,1.113499494625093,1.113499494625093,0.0,29,False,False,False,False,TIER1,82.0,48058.73181704453,280852.6954407522,82.0,0.0,test
observing,5f7a7bb5-0bfe-420c-8fe9-08f223f1c6cd,Minecraft,2026-09-21 12:59:45.672163+00:00,,,,,,,,,,,,0.91,,,,,,,,,,,,,,,,,,0.0,0.0,0.0,1,False,0.0,0.0,0.0,1,False,0.0,0.0,0.0,1,False,0.0,0.0,0.0,1,False,0.0,0.0,0.0,1,False,False,False,False,TIER1,42.0,23962.132063357298,59960.06629040468,84.0,2.0,test
observing,3868ad3a-c461-46bf-91c6-5adab7985a45,MSFT,2026-09-21 13:02:45.690450+00:00,,,,,,,,,,,,0.08,,,,,,,,,,,,,,,,,,0.00204441045307191,0.00204441045307191,0.0,2,False,0.00204441045307191,0.00204441045307191,0.0,2,False,0.00204441045307191,0.00204441045307191,0.0,2,False,0.00204441045307191,0.00204441045307191,0.0,2,False,0.00204441045307191,0.00204441045307191,0.0,2,False,False,False,False,TIER1,5.0,24068.87817989476,60180.26976600735,5.0,1.0,test
observing,7bee354f-e2e2-482d-8816-f34cc72c476e,Robinhood,2026-09-21 13:03:45.592796+00:00,,,,,,,,,,,,0.68,,,,,,,,,,,,,,,,,,-0.9893804221094518,0.0,-0.9893804221094518,5,False,-0.9960758706303702,0.0,-0.9960758706303702,14,False,-0.9960595921583819,0.0,-0.9960758706303702,29,False,-0.9960595921583819,0.0,-0.9960758706303702,29,False,-0.9960595921583819,0.0,-0.9960758706303702,29,False,False,True,True,TIER1,3.2881,68316.00637497575,566445.3547846335,194.0,59.0,test
observing,0e0806fa-8c77-4752-9c37-b24f46c86a1e,DELTA,2026-09-21 13:04:45.509667+00:00,,,,,,,,,,,,0.14,,,,,,,,,,,,,,,,,,-0.8075683818311779,0.0,-0.8579456958677705,4,False,-0.9661730733423528,0.0,-0.9661730733423528,14,False,-0.9660981772784903,0.0,-0.9661730733423528,29,False,-0.9660981772784903,0.0,-0.9661730733423528,29,False,-0.9660981772784903,0.0,-0.9661730733423528,29,False,False,True,True,TIER1,4.5,20346.30393030543,50339.644768325605,9.0,2.0,test
observing,39e64c11-6f55-4d18-ae93-1c0b11185867,WOTF,2026-09-21 13:07:45.551992+00:00,,,,,,,,,,,,0.16,,,,,,,,,,,,,,,,,,0.02132615215286693,0.02132615215286693,0.0,4,False,0.07592545602516387,0.07592545602516387,0.0,14,False,0.14489386321208153,0.14670807604654934,0.0,29,False,0.14489386321208153,0.14670807604654934,0.0,29,False,0.14489386321208153,0.14670807604654934,0.0,29,False,False,False,False,TIER1,15.0,475165.87575673196,27323483.197272196,15.0,0.0,test
observing,6e419d24-56d6-430b-a0cc-9ff14b0c347a,Huawei,2026-09-21 13:07:46.276924+00:00,,,,,,,,,,,,0.95,,,,,,,,,,,,,,,,,,0.7844904389633027,0.7844904389633027,0.0,4,False,0.7844904389633027,0.7844904389633027,0.0,4,False,0.7844904389633027,0.7844904389633027,0.0,4,False,0.7844904389633027,0.7844904389633027,0.0,4,False,0.7844904389633027,0.7844904389633027,0.0,4,False,False,False,False,TIER1,26.3333,22913.786810463895,57336.744775772684,79.0,3.0,test
observing,d7b8ad11-8753-45e0-8607-4a0e736cb151,OP,2026-09-21 13:08:45.530170+00:00,,,,,,,,,,,,0.89,,,,,,,,,,,,,,,,,,0.08624252054579151,0.08624252054579151,0.0,2,False,0.08624252054579151,0.08624252054579151,0.0,2,False,0.08624252054579151,0.08624252054579151,0.0,2,False,0.08624252054579151,0.08624252054579151,0.0,2,False,0.08624252054579151,0.08624252054579151,0.0,2,False,False,False,False,TIER1,262.5,26247.950872391542,66756.27644870647,525.0,2.0,test
observing,af8ccbaa-24ee-4064-a4b6-f9d4e1c7e999,PFCAT,2026-09-21 13:11:45.519305+00:00,,,,,,,,,,,,0.75,,,,,,,,,,,,,,,,,,0.1875771952529386,0.3472173349565453,0.0,4,False,1.657163887004479,1.903496989121812,0.0,14,False,0.6638819619373724,1.903496989121812,0.0,18,False,0.6638819619373724,1.903496989121812,0.0,18,False,0.6638819619373724,1.903496989121812,0.0,18,False,False,False,False,TIER1,2.8081,18961.45286892366,43484.58327743049,278.0,99.0,test
observing,02258f53-ab1a-4f48-bb20-a127dc524026,Robinhood,2026-09-21 13:12:45.569189+00:00,,,,,,,,,,,,0.11,,,,,,,,,,,,,,,,,,0.06646779926785062,0.06646779926785062,0.0,4,False,0.31315974897495935,0.3223664268715356,0.0,14,False,1.212036674533235,1.212036674533235,0.0,29,False,1.212036674533235,1.212036674533235,0.0,29,False,1.212036674533235,1.212036674533235,0.0,29,False,False,False,False,TIER1,4.0,67846.80650619131,557080.1128162128,4.0,0.0,test
observing,5a7a0b6f-3ee5-434c-9772-bc64a55de56e,UNITY,2026-09-21 13:12:45.885625+00:00,,,,,,,,,,,,0.33,,,,,,,,,,,,,,,,,,0.2734324442443963,0.2734324442443963,0.0,5,False,-0.8264337645182764,1.2238383582351835,-0.8265579525759713,15,False,-0.8272817840747925,1.2238383582351835,-0.8274327565110537,29,False,-0.8272817840747925,1.2238383582351835,-0.8274327565110537,29,False,-0.8272817840747925,1.2238383582351835,-0.8274327565110537,29,False,False,True,True,TIER1,7.5,20378.963705468428,50330.02021174204,15.0,2.0,test
observing,8068e4ba-943f-4c66-a238-2b7836b64767,PUMPCAT,2026-09-21 13:13:45.728466+00:00,,,,,,,,,,,,0.6,,,,,,,,,,,,,,,,,,-0.3732333376608834,0.03777161944846519,-0.3732333376608834,5,False,-0.983117112686314,0.03777161944846519,-0.9831255761132985,15,False,-0.9832259039508487,0.03777161944846519,-0.9832259039508487,29,False,-0.9832259039508487,0.03777161944846519,-0.9832259039508487,29,False,-0.9832259039508487,0.03777161944846519,-0.9832259039508487,29,False,False,True,True,TIER1,13.0,36812.873000815045,164543.86876547532,91.0,7.0,test
observing,3c365183-48e4-4064-a9dc-34bb097c6227,sol,2026-09-21 13:14:46.127887+00:00,,,,,,,,,,,,0.77,,,,,,,,,,,,,,,,,,0.07173953920433451,0.07173953920433451,0.0,5,False,0.13838438055823898,0.13993472696653364,0.0,15,False,0.13838438055823898,0.13993472696653364,0.0,15,False,0.13838438055823898,0.13993472696653364,0.0,15,False,0.13838438055823898,0.13993472696653364,0.0,15,False,False,False,False,TIER1,183.5,26099.449099944188,66042.19152745794,367.0,2.0,test
observing,35edd52d-b570-4a93-be0b-d9ff28fcbf59,Spider-Man,2026-09-21 13:15:45.675791+00:00,,,,,,,,,,,,0.29,,,,,,,,,,,,,,,,,,0.3102247137941858,0.3102247137941858,0.0,5,False,-0.9959543333151066,0.3102247137941858,-0.9959543333151066,14,False,-0.9960279903795336,0.3102247137941858,-0.9960310997318507,29,False,-0.9960279903795336,0.3102247137941858,-0.9960310997318507,29,False,-0.9960279903795336,0.3102247137941858,-0.9960310997318507,29,False,False,True,True,TIER1,3.7647,69658.29575296279,588161.2065656973,64.0,17.0,test
observing,49bde982-53c3-4e73-89f0-43a452f148c9,Polymarket,2026-09-21 13:16:45.653323+00:00,,,,,,,,,,,,0.79,,,,,,,,,,,,,,,,,,0.01358099760757625,0.01358099760757625,0.0,4,False,0.026989752863928684,0.026989752863928684,0.0,11,False,0.026989752863928684,0.026989752863928684,0.0,11,False,0.026989752863928684,0.026989752863928684,0.0,11,False,0.026989752863928684,0.026989752863928684,0.0,11,False,False,False,False,TIER1,22.0,22820.110156510567,57094.06272316084,44.0,2.0,test
observing,0f75df34-e246-4241-a11f-0ad08d30c2f6,BEAST,2026-09-21 13:17:45.804358+00:00,,,,,,,,,,,,0.25,,,,,,,,,,,,,,,,,,0.1794651562941738,0.1794651562941738,0.0,5,False,0.9453223924639063,0.9453223924639063,0.0,15,False,-0.9944834244828392,2.11151856552356,-0.9945041125720976,29,False,-0.9944834244828392,2.11151856552356,-0.9945041125720976,29,False,-0.9944834244828392,2.11151856552356,-0.9945041125720976,29,False,False,True,True,TIER1,14.0,55393.28796847492,372194.6342439819,14.0,0.0,test
observing,688d5e81-f58c-4e26-8dc3-85a160db9a8d,JEANFROGE,2026-09-21 13:18:45.650246+00:00,,,,,,,,,,,,0.35,,,,,,,,,,,,,,,,,,0.14587139979693897,0.20462327799204183,0.0,4,False,-0.9539718197175279,0.4408266626476718,-0.9539718197175279,14,False,-0.953742213665137,0.4408266626476718,-0.9540639840773528,29,False,-0.953742213665137,0.4408266626476718,-0.9540639840773528,29,False,-0.953742213665137,0.4408266626476718,-0.9540639840773528,29,False,False,True,True,TIER1,2.7,21760.833211275953,57383.91119935001,27.0,10.0,test
observing,f130692f-f3d1-4806-8e16-a406ae7e2f5c,NTDA,2026-09-21 13:19:45.659848+00:00,,,,,,,,,,,,0.88,,,,,,,,,,,,,,,,,,0.033051440663055764,0.033051440663055764,0.0,4,False,0.07859156502514208,0.07859156502514208,0.0,15,False,0.13472285984819665,0.13472285984819665,0.0,29,False,0.13472285984819665,0.13472285984819665,0.0,29,False,0.13472285984819665,0.13472285984819665,0.0,29,False,False,False,False,TIER1,55.0,480083.09193944326,27834853.20289243,55.0,0.0,test
observing,b034198f-9a4b-48c4-9aea-761b7876cffe,OP,2026-09-21 13:22:45.678109+00:00,,,,,,,,,,,,0.9,,,,,,,,,,,,,,,,,,0.023194936211615724,0.023194936211615724,0.0,4,False,0.02649980798448026,0.02820205349860494,0.0,7,False,0.02649980798448026,0.02820205349860494,0.0,7,False,0.02649980798448026,0.02820205349860494,0.0,7,False,0.02649980798448026,0.02820205349860494,0.0,7,False,False,False,False,TIER1,91.0,26197.364056328224,66037.42785421555,273.0,3.0,test
observing,d495e3e9-e06e-446a-9cf9-152fabcc948d,Titcoin,2026-09-21 13:26:45.639124+00:00,,,,,,,,,,,,0.46,,,,,,,,,,,,,,,,,,0.19273453071410995,0.19273453071410995,-0.014718013850797296,5,False,-0.8501629474290731,0.25944300513020613,-0.8950011852932089,14,False,-0.9968004534558093,0.664035475916233,-0.9968116183091984,29,False,-0.9968004534558093,0.664035475916233,-0.9968116183091984,29,False,-0.9968004534558093,0.664035475916233,-0.9968116183091984,29,False,False,True,True,TIER1,4.2308,73677.26793158392,655983.826481063,55.0,13.0,test
observing,4a445f6a-c609-4c4e-8d75-08ae0b80a5ce,Gemini AI,2026-09-21 13:27:45.742800+00:00,,,,,,,,,,,,0.25,,,,,,,,,,,,,,,,,,-0.0002577282645487289,0.0027794116512049882,-0.0002577282645487289,4,False,-0.0002577282645487289,0.0027794116512049882,-0.0002577282645487289,4,False,-0.0002577282645487289,0.0027794116512049882,-0.0002577282645487289,4,False,-0.0002577282645487289,0.0027794116512049882,-0.0002577282645487289,4,False,-0.0002577282645487289,0.0027794116512049882,-0.0002577282645487289,4,False,False,False,False,TIER1,6.0,24600.66357504971,61516.51916653535,6.0,1.0,test
observing,89f0b868-f82b-49dc-9f86-1a9a5b90654a,WSOS,2026-09-21 13:27:45.979126+00:00,,,,,,,,,,,,0.74,,,,,,,,,,,,,,,,,,0.010184656093902511,0.010184656093902511,-0.006712744021073802,5,False,0.025512015882754646,0.025512015882754646,-0.006712744021073802,15,False,0.06435589949087817,0.06435589949087817,-0.006712744021073802,29,False,0.06435589949087817,0.06435589949087817,-0.006712744021073802,29,False,0.06435589949087817,0.06435589949087817,-0.006712744021073802,29,False,False,False,False,TIER1,21.0,718490.8616566724,62301432.20517362,21.0,0.0,test
observing,7a42874a-4265-4a24-9e01-112747b4097b,PFDOG,2026-09-21 13:28:45.613713+00:00,,,,,,,,,,,,0.47,,,,,,,,,,,,,,,,,,-0.6289703822527952,0.0,-0.6289703822527952,4,False,-0.12182911530610752,0.0,-0.7304397062331254,14,False,0.7709811696334297,0.7709811696334297,-0.7304397062331254,29,False,0.7709811696334297,0.7709811696334297,-0.7304397062331254,29,False,0.7709811696334297,0.7709811696334297,-0.7304397062331254,29,False,False,False,False,TIER1,8.0,33720.5175101362,137276.0809646682,104.0,13.0,test
observing,a2182cf7-e473-4a76-8d56-6de6104d7d13,BIRTHDAY,2026-09-21 13:30:45.702134+00:00,,,,,,,,,,,,0.94,,,,,,,,,,,,,,,,,,0.01494410832537807,0.32658967816475015,0.0,4,False,0.07269982322861468,0.32658967816475015,0.0,14,False,0.31699537785619136,0.32658967816475015,0.0,29,False,0.31699537785619136,0.32658967816475015,0.0,29,False,0.31699537785619136,0.32658967816475015,0.0,29,False,False,False,False,TIER1,3.25,78167.95446554676,736838.2047785013,130.0,40.0,test
observing,43d51aa1-643e-45d5-af30-dd500d561829,GTA 6,2026-09-21 13:32:45.712126+00:00,,,,,,,,,,,,0.97,,,,,,,,,,,,,,,,,,-0.865473020319707,0.02659616870809023,-0.8805924445638352,5,False,-0.995015554778494,0.02659616870809023,-0.9950528136720961,15,False,-0.995031251729082,0.02659616870809023,-0.9950567041770413,29,False,-0.995031251729082,0.02659616870809023,-0.9950567041770413,29,False,-0.995031251729082,0.02659616870809023,-0.9950567041770413,29,False,False,True,True,TIER1,4.0847,59235.418493545905,424557.08878668264,241.0,59.0,test
observing,246380b4-39a4-464c-9839-2b27ac1aee76,ELON,2026-09-21 13:33:45.711918+00:00,,,,,,,,,,,,0.27,,,,,,,,,,,,,,,,,,0.005158703225300654,0.005158703225300654,0.0,4,False,0.02015244869324606,0.02015244869324606,0.0,10,False,0.02015244869324606,0.02015244869324606,0.0,10,False,0.02015244869324606,0.02015244869324606,0.0,10,False,0.02015244869324606,0.02015244869324606,0.0,10,False,False,False,False,TIER1,5.0,23194.356956143172,58008.77604772545,5.0,0.0,test
observing,6e13741b-fa1c-436d-9aa3-2607cd30858b,PUMPCAT,2026-09-21 13:33:45.951231+00:00,,,,,,,,,,,,0.49,,,,,,,,,,,,,,,,,,-0.627450184402178,0.0,-0.627450184402178,4,False,-0.9829777053749159,0.0,-0.9831131931079966,15,False,-0.9828738252848868,0.0,-0.9831131931079966,29,False,-0.9828738252848868,0.0,-0.9831131931079966,29,False,-0.9828738252848868,0.0,-0.9831131931079966,29,False,False,True,True,TIER1,17.0,37070.30437153957,166414.1475060366,17.0,1.0,test
observing,f4a7b327-03b4-4dea-a95d-9cabceecad8e,Magawa,2026-09-21 13:34:45.608344+00:00,,,,,,,,,,,,0.28,,,,,,,,,,,,,,,,,,-0.14947873618653562,0.06930718397992153,-0.21931186274115633,4,False,-0.9117804803504481,0.06930718397992153,-0.9123707158647009,14,False,-0.9116687237798129,0.06930718397992153,-0.9123707158647009,28,False,-0.9116687237798129,0.06930718397992153,-0.9123707158647009,28,False,-0.9116687237798129,0.06930718397992153,-0.9123707158647009,28,False,False,True,True,TIER1,7.4,22249.18531005568,59916.17113053371,37.0,5.0,test
observing,ffcd571e-a61b-4c5e-ad12-1205f7b79df9,XCAT,2026-09-21 13:34:46.092655+00:00,,,,,,,,,,,,0.64,,,,,,,,,,,,,,,,,,0.06403744244807075,0.06403744244807075,0.0,5,False,0.13221373945796056,0.1337015382634863,0.0,14,False,0.13221373945796056,0.1337015382634863,0.0,14,False,0.13221373945796056,0.1337015382634863,0.0,14,False,0.13221373945796056,0.1337015382634863,0.0,14,False,False,False,False,TIER1,58.6667,26071.03433313395,65764.98639578908,176.0,3.0,test
observing,063dae8e-1f77-4cbc-a598-ddc16e43dfd3,USDF,2026-09-21 13:34:46.999088+00:00,,,,,,,,,,,,1.02,,,,,,,,,,,,,,,,,,0.011736182948556939,0.011736182948556939,0.0,5,False,0.04856885403189226,0.04856885403189226,0.0,15,False,0.09251493579213488,0.09251493579213488,0.0,28,False,0.09251493579213488,0.09251493579213488,0.0,28,False,0.09251493579213488,0.09251493579213488,0.0,28,False,False,False,False,TIER1,62.0,718567.3596110787,62387785.64910453,62.0,0.0,test
observing,7494866d-5a9c-42d2-ad74-c498493f5b99,Minecraft,2026-09-21 13:34:47.372128+00:00,,,,,,,,,,,,1.02,,,,,,,,,,,,,,,,,,0.03594156080516586,0.03594156080516586,0.0,5,False,0.05717615121906516,0.058964298443114016,0.0,7,False,0.05717615121906516,0.058964298443114016,0.0,7,False,0.05717615121906516,0.058964298443114016,0.0,7,False,0.05717615121906516,0.058964298443114016,0.0,7,False,False,False,False,TIER1,97.0,26099.33898920838,65912.19721004466,388.0,4.0,test
observing,1ce9cc72-e5a9-45ef-8025-89918a9bc309,JEANPHIL,2026-09-21 13:36:45.714938+00:00,,,,,,,,,,,,0.09,,,,,,,,,,,,,,,,,,0.18155713753188096,0.18155713753188096,0.0,4,False,-0.9967062720471974,0.36959256237416227,-0.99671415841868,14,False,-0.9966947921436189,0.36959256237416227,-0.99671415841868,29,False,-0.9966947921436189,0.36959256237416227,-0.99671415841868,29,False,-0.9966947921436189,0.36959256237416227,-0.99671415841868,29,False,False,True,True,TIER1,5.0,71960.3237142355,626082.1568562124,5.0,0.0,test
observing,f1cc794f-0839-4f10-8b42-0a95de7d026d,MLB,2026-09-21 13:39:45.706018+00:00,,,,,,,,,,,,0.08,,,,,,,,,,,,,,,,,,0.22036875009274337,0.22036875009274337,0.0,5,False,-0.6829587560070696,0.434322512017141,-0.8057197272336445,14,False,-0.8146313588405729,0.434322512017141,-0.8247267062757608,29,False,-0.8146313588405729,0.434322512017141,-0.8247267062757608,29,False,-0.8146313588405729,0.434322512017141,-0.8247267062757608,29,False,False,True,True,TIER1,4.0,82231.4776400404,821633.5647881584,4.0,0.0,test
observing,22a064ad-dfc8-4707-a300-cac70b55fd02,USDF,2026-09-21 13:39:46.163131+00:00,,,,,,,,,,,,0.29,,,,,,,,,,,,,,,,,,0.01093837995613578,0.01093837995613578,0.0,5,False,0.02843320433227814,0.03019568009530893,0.0,15,False,0.03705559275206127,0.04020857506724185,0.0,29,False,0.03705559275206127,0.04020857506724185,0.0,29,False,0.03705559275206127,0.04020857506724185,0.0,29,False,False,False,False,TIER1,38.0,713743.7481701372,61872591.19944637,38.0,0.0,test
observing,8dc3e10f-cc66-4500-a2e0-4b6fffb51043,XIAOMI,2026-09-21 13:45:46.039871+00:00,,,,,,,,,,,,0.28,,,,,,,,,,,,,,,,,,0.012777009465426481,0.012777009465426481,0.0,5,False,0.028075643961049224,0.028075643961049224,0.0,10,False,0.028075643961049224,0.028075643961049224,0.0,10,False,0.028075643961049224,0.028075643961049224,0.0,10,False,0.028075643961049224,0.028075643961049224,0.0,10,False,False,False,False,TIER1,5.0,23767.336264135156,59442.135163089595,5.0,0.0,test
observing,d6790739-d43b-44c3-b9f6-3d890f951429,USWS,2026-09-21 13:45:46.406922+00:00,,,,,,,,,,,,0.37,,,,,,,,,,,,,,,,,,0.030127856358710625,0.030127856358710625,0.0,5,False,0.04041821021869052,0.04041821021869052,0.0,15,False,0.041281100040444496,0.044260194277252696,0.0,29,False,0.041281100040444496,0.044260194277252696,0.0,29,False,0.041281100040444496,0.044260194277252696,0.0,29,False,False,False,False,TIER1,39.0,229075.6830929207,6356998.258859248,39.0,0.0,test
observing,db4aa98e-4fa4-474f-b6a7-37a52731ea5e,OpenClaw,2026-09-21 13:45:46.648067+00:00,,,,,,,,,,,,1.07,,,,,,,,,,,,,,,,,,0.05540911988808017,0.05540911988808017,0.0,5,False,0.10137003194624028,0.10137003194624028,0.0,9,False,0.10137003194624028,0.10137003194624028,0.0,9,False,0.10137003194624028,0.10137003194624028,0.0,9,False,0.10137003194624028,0.10137003194624028,0.0,9,False,False,False,False,TIER1,324.5,26449.981123512967,67860.7161492342,649.0,2.0,test
observing,081f2c7b-447c-4ae6-b39e-753c326bb5fe,ChatGPT,2026-09-21 13:47:45.628773+00:00,,,,,,,,,,,,0.09,,,,,,,,,,,,,,,,,,0.07630172387207468,0.07630172387207468,0.0,4,False,0.3493579932956805,0.3493579932956805,0.0,14,False,0.896154363162236,0.896154363162236,0.0,29,False,0.896154363162236,0.896154363162236,0.0,29,False,0.896154363162236,0.896154363162236,0.0,29,False,False,False,False,TIER1,7.0,58824.18017775778,417702.13094726345,7.0,0.0,test
observing,d318ddc6-2e99-4ace-8cbb-00816ad4bbda,PFROG,2026-09-21 13:48:45.773825+00:00,,,,,,,,,,,,0.97,,,,,,,,,,,,,,,,,,0.698567542167206,0.698567542167206,-0.22771581794778784,4,False,0.189605273713795,0.698567542167206,-0.3950540731533456,14,False,0.4502403257739791,0.698567542167206,-0.3950540731533456,29,False,0.4502403257739791,0.698567542167206,-0.3950540731533456,29,False,0.4502403257739791,0.698567542167206,-0.3950540731533456,29,False,False,False,False,TIER1,2.6667,39307.547641408986,186842.67552991322,32.0,12.0,test
observing,90e36226-e9a7-4c24-ab5c-4b8e1dbaec42,PUMPCAT,2026-09-21 13:49:45.807481+00:00,,,,,,,,,,,,0.2,,,,,,,,,,,,,,,,,,-0.34346522148906455,0.0,-0.3643097639771943,4,False,-0.986227532152679,0.0,-0.986227532152679,15,False,-0.9862668789350768,0.0,-0.986301312058281,29,False,-0.9862668789350768,0.0,-0.986301312058281,29,False,-0.9862668789350768,0.0,-0.986301312058281,29,False,False,True,True,TIER1,8.0,35311.672021542945,150849.79849065383,8.0,0.0,test
observing,43ab4a20-bc58-412e-89f4-c0aa491c1847,Sub,2026-09-21 13:50:45.795395+00:00,,,,,,,,,,,,0.37,,,,,,,,,,,,,,,,,,0.07970225792361063,0.07970225792361063,0.0,4,False,-0.9942780252360841,0.12817553149344874,-0.9942780252360841,15,False,-0.9942758611475164,0.12817553149344874,-0.9942987425245129,29,False,-0.9942758611475164,0.12817553149344874,-0.9942987425245129,29,False,-0.9942758611475164,0.12817553149344874,-0.9942987425245129,29,False,False,True,True,TIER1,10.0,54434.67277656561,357097.07856389193,10.0,0.0,test
observing,27e1a64c-8834-481d-908a-ee47bd71cb46,TSHIT,2026-09-21 13:51:45.799813+00:00,,,,,,,,,,,,0.49,,,,,,,,,,,,,,,,,,0.07066591869703887,0.07066591869703887,0.0,4,False,0.07066591869703887,0.07066591869703887,0.0,4,False,0.07066591869703887,0.07066591869703887,0.0,4,False,0.07066591869703887,0.07066591869703887,0.0,4,False,0.07066591869703887,0.07066591869703887,0.0,4,False,False,False,False,TIER1,130.0,26195.915878201886,66083.37556916376,260.0,2.0,test
observing,97b13afc-d23d-4366-868c-f9c59718d278,ZECAT,2026-09-21 13:52:45.816067+00:00,,,,,,,,,,,,0.31,,,,,,,,,,,,,,,,,,0.22905746400910432,0.22905746400910432,0.0,5,False,0.12558614191928896,0.300526448083543,0.0,15,False,-0.9968661980576176,0.300526448083543,-0.9968726508107966,29,False,-0.9968661980576176,0.300526448083543,-0.9968726508107966,29,False,-0.9968661980576176,0.300526448083543,-0.9968726508107966,29,False,False,True,True,TIER1,7.0,74076.55418770955,658565.5806443073,56.0,8.0,test
observing,32685717-2232-42dd-9ef4-a249e7a8e29f,JEANELON,2026-09-21 13:56:45.844401+00:00,,,,,,,,,,,,0.14,,,,,,,,,,,,,,,,,,0.49128460915603345,0.49128460915603345,0.0,4,False,1.4445206887888582,2.7421476146320916,0.0,15,False,-0.954992508302535,2.7421476146320916,-0.954992508302535,29,False,-0.954992508302535,2.7421476146320916,-0.954992508302535,29,False,-0.954992508302535,2.7421476146320916,-0.954992508302535,29,False,False,True,True,TIER1,16.0,21140.417147680542,53843.64443169965,16.0,1.0,test
observing,3ba3d5da-e11d-453e-9183-63e860fbcc4f,FOMO,2026-09-21 13:56:46.085936+00:00,,,,,,,,,,,,0.31,,,,,,,,,,,,,,,,,,0.14523102403938393,0.14523102403938393,0.0,5,False,0.9577102325549507,0.9577102325549507,0.0,15,False,-0.9945022235404891,2.217046157205393,-0.9945268448905396,29,False,-0.9945022235404891,2.217046157205393,-0.9945268448905396,29,False,-0.9945022235404891,2.217046157205393,-0.9945268448905396,29,False,False,True,True,TIER1,8.0,55492.69744725936,370588.4170731654,8.0,0.0,test
observing,5b3ea86a-03ef-4b79-ab8c-32f4d9301075,PORNHUB,2026-09-21 13:57:45.714640+00:00,,,,,,,,,,,,0.45,,,,,,,,,,,,,,,,,,0.012817839309621881,0.012817839309621881,0.0,4,False,0.016009345432073108,0.016009345432073108,0.0,5,False,0.016009345432073108,0.016009345432073108,0.0,5,False,0.016009345432073108,0.016009345432073108,0.0,5,False,0.016009345432073108,0.016009345432073108,0.0,5,False,False,False,False,TIER1,3.0,22603.569164884553,56523.30942977131,6.0,2.0,test
observing,358efbb5-3928-4160-91a3-33267151041a,ZECKERS,2026-09-21 13:57:46.273235+00:00,,,,,,,,,,,,0.84,,,,,,,,,,,,,,,,,,0.10668493577003346,0.10668493577003346,0.0,5,False,0.13962297454693773,0.13962297454693773,0.0,15,False,0.13962297454693773,0.13962297454693773,0.0,15,False,0.13962297454693773,0.13962297454693773,0.0,15,False,0.13962297454693773,0.13962297454693773,0.0,15,False,False,False,False,TIER1,241.5,26298.054549046108,66431.2228815588,483.0,2.0,test
observing,43c2c500-6bbe-4b3f-884c-144133fd4074,DISNEY,2026-09-21 14:05:45.726399+00:00,,,,,,,,,,,,0.04,,,,,,,,,,,,,,,,,,0.009987296418375369,0.009987296418375369,0.0,4,False,0.02610249256955388,0.02610249256955388,0.0,10,False,0.02610249256955388,0.02610249256955388,0.0,10,False,0.02610249256955388,0.02610249256955388,0.0,10,False,0.02610249256955388,0.02610249256955388,0.0,10,False,False,False,False,TIER1,,22589.77989420795,56481.693141182026,0.0,0.0,test
observing,e2ad0e0d-be1d-4959-b1b6-ab54d5fcfd89,Pumper,2026-09-21 14:07:45.788274+00:00,,,,,,,,,,,,0.5,,,,,,,,,,,,,,,,,,0.03181174387850816,0.03181174387850816,0.0,4,False,0.15820696815056468,0.16215906040979822,0.0,14,False,0.1824979297860927,0.1824979297860927,0.0,15,False,0.1824979297860927,0.1824979297860927,0.0,15,False,0.1824979297860927,0.1824979297860927,0.0,15,False,False,False,False,TIER1,16.0,25954.593018448184,65000.06175548028,32.0,2.0,test
observing,613ab07c-30b7-484d-8590-37374bfb9dbf,Jupiter,2026-09-21 14:07:46.172254+00:00,,,,,,,,,,,,0.89,,,,,,,,,,,,,,,,,,0.11041039154597088,0.11041039154597088,0.0,5,False,0.6181471320282206,0.6181471320282206,0.0,15,False,1.203606144093465,1.203606144093465,0.0,29,False,1.203606144093465,1.203606144093465,0.0,29,False,1.203606144093465,1.203606144093465,0.0,29,False,False,False,False,TIER1,3.7015,68853.38257306362,571538.4467577182,248.0,67.0,test
observing,91ff6d39-1695-4a54-b2d4-08f5b4305b7b,$BITFOOTS,2026-09-21 14:08:45.867420+00:00,,,,,,,,,,,,0.56,,,,,,,,,,,,,,,,,,-0.030705222058011183,0.04247602410537521,-0.030705222058011183,5,False,-0.9418354922872706,0.04247602410537521,-0.9419723343727329,14,False,-0.9416736945795511,0.04247602410537521,-0.9419723343727329,29,False,-0.9416736945795511,0.04247602410537521,-0.9419723343727329,29,False,-0.9416736945795511,0.04247602410537521,-0.9419723343727329,29,False,False,True,True,TIER1,4.5,17625.948017355702,37524.239188390915,27.0,6.0,test
observing,dc3c8cd9-eea8-4c7f-8719-f9c591a08ac5,FAMCAT,2026-09-21 14:12:45.880251+00:00,,,,,,,,,,,,0.37,,,,,,,,,,,,,,,,,,-0.026828147935331392,0.0,-0.026828147935331392,4,False,-0.1539240604525064,0.0,-0.2593654180832451,14,False,-0.1836026678914553,0.0,-0.3382499535107293,29,False,-0.1836026678914553,0.0,-0.3382499535107293,29,False,-0.1836026678914553,0.0,-0.3382499535107293,29,False,False,False,False,TIER1,11.0,43168.75784030861,223819.52216714574,11.0,1.0,test
observing,7c789abb-9190-4e03-be53-9906c0e6f315,PUMPCAT,2026-09-21 14:12:46.307841+00:00,,,,,,,,,,,,0.65,,,,,,,,,,,,,,,,,,-0.24689918178806114,0.0,-0.24689918178806114,5,False,0.3174607259606985,0.5301190065768708,-0.35221349276346015,15,False,0.44436786378113036,0.7124744738361752,-0.35221349276346015,29,False,0.44436786378113036,0.7124744738361752,-0.35221349276346015,29,False,0.44436786378113036,0.7124744738361752,-0.35221349276346015,29,False,False,False,False,TIER1,5.3158,37633.30922390365,170031.88738712986,101.0,19.0,test
observing,49c1ded3-204a-4852-8661-65734ea5654c,SOLTES,2026-09-21 14:13:45.743040+00:00,,,,,,,,,,,,0.12,,,,,,,,,,,,,,,,,,0.3281049764848796,0.7691671247816567,0.0,4,False,3.4531558950532455,5.325908860587178,0.0,14,False,1.5902784587203627,5.418170470411945,0.0,29,False,1.5902784587203627,5.418170470411945,0.0,29,False,1.5902784587203627,5.418170470411945,0.0,29,False,False,False,False,TIER1,7.0,20130.25714579043,48843.53019038587,14.0,2.0,test
observing,587f05e1-6867-4c77-8f61-90f07a4aaa8d,Bybit,2026-09-21 14:15:45.899193+00:00,,,,,,,,,,,,0.59,,,,,,,,,,,,,,,,,,0.05599829603110673,0.05599829603110673,0.0,4,False,0.1340825064352713,0.1340825064352713,0.0,14,False,0.1453955744809925,0.1453955744809925,0.0,16,False,0.1453955744809925,0.1453955744809925,0.0,16,False,0.1453955744809925,0.1453955744809925,0.0,16,False,False,False,False,TIER1,146.5,26279.644425036146,66488.76857768097,293.0,2.0,test
observing,b088c7a7-38d7-49ee-910c-4402ad87cc7d,TECH,2026-09-21 14:16:45.906085+00:00,,,,,,,,,,,,0.29,,,,,,,,,,,,,,,,,,0.15721991348461128,0.15721991348461128,0.0,4,False,-0.9589059358587667,9.922377740791433,-0.9589059358587667,14,False,-0.9592420434046616,9.922377740791433,-0.9592420434046616,29,False,-0.9592420434046616,9.922377740791433,-0.9592420434046616,29,False,-0.9592420434046616,9.922377740791433,-0.9592420434046616,29,False,False,True,True,TIER1,6.6667,21167.341720370554,53938.406366179595,20.0,3.0,test
observing,0daa5bda-4207-4e37-950c-c17cc15d4055,META,2026-09-21 14:18:46.024461+00:00,,,,,,,,,,,,0.93,,,,,,,,,,,,,,,,,,0.011578095351927553,0.011578095351927553,0.0,5,False,0.0235152275611894,0.0235152275611894,0.0,12,False,0.0235152275611894,0.0235152275611894,0.0,12,False,0.0235152275611894,0.0235152275611894,0.0,12,False,0.0235152275611894,0.0235152275611894,0.0,12,False,False,False,False,TIER1,77.0,24010.643065176635,60074.028084419195,77.0,1.0,test
observing,10304b63-615f-49a5-9552-746f66707d66,NVIDIA,2026-09-21 14:22:46.148518+00:00,,,,,,,,,,,,0.42,,,,,,,,,,,,,,,,,,0.08428352459800315,0.08428352459800315,0.0,5,False,0.5362971939024563,0.5362971939024563,0.0,15,False,1.2777604665944633,1.2777604665944633,0.0,29,False,1.2777604665944633,1.2777604665944633,0.0,29,False,1.2777604665944633,1.2777604665944633,0.0,29,False,False,False,False,TIER1,16.0,54466.66617284907,356271.7022747909,16.0,0.0,test
observing,cb645bf7-37cf-435a-98a6-87d1eee204f6,EVO,2026-09-21 14:26:45.842333+00:00,,,,,,,,,,,,0.16,,,,,,,,,,,,,,,,,,0.01428440199966774,0.01428440199966774,-0.0018494164177871308,4,False,0.023943671105784547,0.027919531947806053,-0.0018494164177871308,14,False,0.028407022215581668,0.03239546787921599,-0.0018494164177871308,29,False,0.028407022215581668,0.03239546787921599,-0.0018494164177871308,29,False,0.028407022215581668,0.03239546787921599,-0.0018494164177871308,29,False,False,False,False,TIER1,12.0,229426.79149309892,6299170.238793092,12.0,0.0,test
observing,74f39970-672f-4ac3-a899-1faf4876b1ed,PSTOCK,2026-09-21 14:26:46.158166+00:00,,,,,,,,,,,,0.29,,,,,,,,,,,,,,,,,,1.2257734366583892,3.0708047664719738,0.0,5,False,6.11606306369794,7.289818862445687,0.0,15,False,2.96253055117624,7.289818862445687,0.0,21,False,2.96253055117624,7.289818862445687,0.0,21,False,2.96253055117624,7.289818862445687,0.0,21,False,False,False,False,TIER1,2.5714,20700.050861989064,51264.8572021983,54.0,21.0,test
observing,819378c2-b9ac-4ccc-b54b-7eb6f501a6b9,Stamp,2026-09-21 14:28:45.935229+00:00,,,,,,,,,,,,0.22,,,,,,,,,,,,,,,,,,0.0130427343848869,0.0130427343848869,0.0,4,False,0.0228420391566857,0.02516436321066151,0.0,14,False,0.03237279257277592,0.03429415370752187,0.0,29,False,0.03237279257277592,0.03429415370752187,0.0,29,False,0.03237279257277592,0.03429415370752187,0.0,29,False,False,False,False,TIER1,6.0,371405.6247285319,16504227.95839512,6.0,0.0,test
observing,f9009b78-f68e-4c2d-857c-6573e9c10a0f,FOMO,2026-09-21 14:29:45.804540+00:00,,,,,,,,,,,,0.91,,,,,,,,,,,,,,,,,,0.17810680240456755,0.17810680240456755,0.0,4,False,0.9368003154051345,0.9368003154051345,0.0,14,False,2.299644374561717,2.299644374561717,0.0,29,False,2.299644374561717,2.299644374561717,0.0,29,False,2.299644374561717,2.299644374561717,0.0,29,False,False,False,False,TIER1,3.4167,58099.62658459589,404277.0669820294,410.0,120.0,test
observing,11232f04-8560-41a6-97d3-f86854c3365b,$BITFOOTS,2026-09-21 14:30:45.942646+00:00,,,,,,,,,,,,0.03,,,,,,,,,,,,,,,,,,-0.1786747089315297,0.0,-0.2974855986879331,5,False,-0.9571779911482129,0.0,-0.9571893180019401,14,False,-0.9570449192466122,0.0,-0.957284236290986,29,False,-0.9570449192466122,0.0,-0.957284236290986,29,False,-0.9570449192466122,0.0,-0.957284236290986,29,False,False,True,True,TIER1,7.0,20508.990641253265,50520.12622758287,7.0,1.0,test
observing,6bb9f179-3d85-4304-8d08-29d62816b747,$LSEED,2026-09-21 14:30:46.174341+00:00,,,,,,,,,,,,0.22,,,,,,,,,,,,,,,,,,-0.2745326558643002,0.0,-0.44787524942324985,5,False,-0.7750122964868974,0.0,-0.7750122964868974,15,False,-0.7763674415759918,0.0,-0.7763674415759918,22,False,-0.7763674415759918,0.0,-0.7763674415759918,22,False,-0.7763674415759918,0.0,-0.7763674415759918,22,False,False,False,False,TIER1,3.2174,18404.233715269213,40641.394522199684,74.0,23.0,test
observing,b9f5a10d-b212-4a71-ae7e-e4d4a06563bf,Redbull,2026-09-21 14:30:46.484468+00:00,,,,,,,,,,,,0.44,,,,,,,,,,,,,,,,,,0.014439967401515652,0.014439967401515652,0.0,5,False,0.01876617408204706,0.01876617408204706,0.0,10,False,0.01876617408204706,0.01876617408204706,0.0,10,False,0.01876617408204706,0.01876617408204706,0.0,10,False,0.01876617408204706,0.01876617408204706,0.0,10,False,False,False,False,TIER1,6.0,24861.69588386729,62180.01527268591,6.0,0.0,test
observing,33bf622d-daf2-4131-b110-8a8ca3c58cb8,PAID,2026-09-21 14:34:45.945212+00:00,,,,,,,,,,,,0.64,,,,,,,,,,,,,,,,,,0.04436338607374313,0.04436338607374313,0.0,4,False,0.06393237526751738,0.06393237526751738,0.0,14,False,0.0710700924725296,0.0710700924725296,0.0,16,False,0.0710700924725296,0.0710700924725296,0.0,16,False,0.0710700924725296,0.0710700924725296,0.0,16,False,False,False,False,TIER1,112.0,26285.689106310507,66183.66905781454,224.0,2.0,test
observing,bfea71bf-c5ab-4124-ac7d-929eb16c1877,KIBA,2026-09-21 14:34:46.191653+00:00,,,,,,,,,,,,0.7,,,,,,,,,,,,,,,,,,0.023583516583760566,0.023744130855876566,0.0,5,False,0.05231193271762469,0.05231193271762469,0.0,15,False,0.07398574705249072,0.07398574705249072,0.0,29,False,0.07398574705249072,0.07398574705249072,0.0,29,False,0.07398574705249072,0.07398574705249072,0.0,29,False,False,False,False,TIER1,70.0,208403.72904740792,5195606.541265275,70.0,0.0,test
observing,1ab1663b-7688-4161-825b-2faa37edd3ae,Sub,2026-09-21 14:34:46.413262+00:00,,,,,,,,,,,,0.81,,,,,,,,,,,,,,,,,,0.11460702933841849,0.11460702933841849,0.0,5,False,0.27224773464737884,0.27224773464737884,0.0,15,False,0.8539972537558846,0.8539972537558846,0.0,29,False,0.8539972537558846,0.8539972537558846,0.0,29,False,0.8539972537558846,0.8539972537558846,0.0,29,False,False,False,False,TIER1,8.9231,55115.04345381718,363585.13445822103,116.0,13.0,test
observing,e1000dc2-9e78-453c-b3e6-9cd25ef5c6d9,AWARDED,2026-09-21 14:35:45.934695+00:00,,,,,,,,,,,,0.6,,,,,,,,,,,,,,,,,,0.030164967486827177,0.030164967486827177,0.0,4,False,0.05235711490810724,0.05235711490810724,0.0,14,False,0.06603172831098014,0.06603172831098014,0.0,18,False,0.06603172831098014,0.06603172831098014,0.0,18,False,0.06603172831098014,0.06603172831098014,0.0,18,False,False,False,False,TIER1,72.6667,26468.828124825042,67070.61475475473,218.0,3.0,test
observing,019adb25-33c9-43c0-80e5-4d0d47f9b82a,AWARDED,2026-09-21 14:36:45.949894+00:00,,,,,,,,,,,,0.29,,,,,,,,,,,,,,,,,,-0.0753352773135536,0.17293887257576857,-0.0753352773135536,3,False,-0.0753352773135536,0.17293887257576857,-0.0753352773135536,3,False,-0.0753352773135536,0.17293887257576857,-0.0753352773135536,3,False,-0.0753352773135536,0.17293887257576857,-0.0753352773135536,3,False,-0.0753352773135536,0.17293887257576857,-0.0753352773135536,3,False,False,False,False,TIER1,7.5,22079.525260359893,60507.04929213826,15.0,2.0,test
observing,1b30bd56-01cf-4659-a62e-ab51032faf18,Claude,2026-09-21 14:38:46.012909+00:00,,,,,,,,,,,,0.69,,,,,,,,,,,,,,,,,,0.11375930103235632,0.11375930103235632,0.0,4,False,1.079096747747458,1.079096747747458,0.0,14,False,3.8780856892039974,3.8780856892039974,0.0,29,False,3.8780856892039974,3.8780856892039974,0.0,29,False,3.8780856892039974,3.8780856892039974,0.0,29,False,False,False,False,TIER1,12.0,56125.38249009031,377280.77833557676,12.0,0.0,test
observing,ade27dec-abfe-4be3-8a2e-fc96f459ee7e,VSOF,2026-09-21 14:41:45.849778+00:00,,,,,,,,,,,,0.53,,,,,,,,,,,,,,,,,,0.008125962760884953,0.008125962760884953,0.0,4,False,0.022831765261448478,0.02370827815742338,0.0,14,False,0.03727623876608388,0.03727623876608388,0.0,29,False,0.03727623876608388,0.03727623876608388,0.0,29,False,0.03727623876608388,0.03727623876608388,0.0,29,False,False,False,False,TIER1,56.0,486744.57364679885,28494120.509617202,56.0,0.0,test
observing,d6a08c29-ad33-4a71-a18b-81bde9b13a40,XIAOMI,2026-09-21 14:42:45.975419+00:00,,,,,,,,,,,,0.14,,,,,,,,,,,,,,,,,,0.006940668852757126,0.006940668852757126,0.0,4,False,0.03117610422426309,0.03117610422426309,0.0,11,False,0.03117610422426309,0.03117610422426309,0.0,11,False,0.03117610422426309,0.03117610422426309,0.0,11,False,0.03117610422426309,0.03117610422426309,0.0,11,False,False,False,False,TIER1,4.0,22907.573586582505,57277.04214579448,4.0,1.0,test
observing,e7ccc52e-9b4b-4e3d-800b-239ef41b3371,YouTube,2026-09-21 14:49:45.999735+00:00,,,,,,,,,,,,0.46,,,,,,,,,,,,,,,,,,0.09217637692823355,0.09217637692823355,0.0,5,False,-0.9951063413812034,0.49368555583929696,-0.9951063413812034,15,False,-0.9951076597717464,0.49368555583929696,-0.9951181240652714,29,False,-0.9951076597717464,0.49368555583929696,-0.9951181240652714,29,False,-0.9951076597717464,0.49368555583929696,-0.9951181240652714,29,False,False,True,True,TIER1,7.0,59388.60122204748,423198.8515028596,7.0,0.0,test
observing,d32301cf-9af0-4d17-b1eb-3cebded7ebd9,Steam,2026-09-21 14:53:46.032934+00:00,,,,,,,,,,,,0.12,,,,,,,,,,,,,,,,,,0.1650191642552552,0.1650191642552552,0.0,4,False,0.1650191642552552,0.1650191642552552,0.0,4,False,0.1650191642552552,0.1650191642552552,0.0,4,False,0.1650191642552552,0.1650191642552552,0.0,4,False,0.1650191642552552,0.1650191642552552,0.0,4,False,False,False,False,TIER1,2.0,20168.832485894156,50435.09530645307,2.0,0.0,test
observing,5fcca10b-2b1d-4e32-a4cf-85b69042ef38,Xiaojie,2026-09-21 14:53:46.275235+00:00,,,,,,,,,,,,0.66,,,,,,,,,,,,,,,,,,1.4074461439628791,1.4074461439628791,-0.04741391780396664,5,False,-0.9722739360579293,2.4443014942829433,-0.9724204499752291,15,False,-0.9723608755378818,2.4443014942829433,-0.9724204499752291,28,False,-0.9723608755378818,2.4443014942829433,-0.9724204499752291,28,False,-0.9723608755378818,2.4443014942829433,-0.9724204499752291,28,False,False,True,True,TIER1,6.0,25488.744618150373,77816.6548793796,24.0,4.0,test
observing,ade9269b-db81-40ce-ba7e-b9b9da18d745,CLIP,2026-09-21 14:55:45.849211+00:00,,,,,,,,,,,,0.14,,,,,,,,,,,,,,,,,,0.07094564769544842,0.07094564769544842,0.0,4,False,0.1260366043170651,0.1260366043170651,0.0,5,False,0.1260366043170651,0.1260366043170651,0.0,5,False,0.1260366043170651,0.1260366043170651,0.0,5,False,0.1260366043170651,0.1260366043170651,0.0,5,False,False,False,False,TIER1,,26056.062494890626,65141.76974420919,0.0,0.0,test
observing,8d1fa131-5505-438a-992f-f40f2bd25710,DISNEY,2026-09-21 14:55:46.126316+00:00,,,,,,,,,,,,0.15,,,,,,,,,,,,,,,,,,0.0007927144771344707,0.0007927144771344707,-0.00200818404549008,4,False,0.015927759897188087,0.015927759897188087,-0.00200818404549008,6,False,0.015927759897188087,0.015927759897188087,-0.00200818404549008,6,False,0.015927759897188087,0.015927759897188087,-0.00200818404549008,6,False,0.015927759897188087,0.015927759897188087,-0.00200818404549008,6,False,False,False,False,TIER1,4.0,23616.199642310836,59047.71969269692,4.0,1.0,test
observing,df7f0715-e23a-48b7-8fdb-3f78bd8b976f,Kraken,2026-09-21 14:55:46.347165+00:00,,,,,,,,,,,,0.32,,,,,,,,,,,,,,,,,,0.12205041119593574,0.12205041119593574,0.0,5,False,0.14246148025648941,0.1433278077954634,0.0,11,False,0.14246148025648941,0.1433278077954634,0.0,11,False,0.14246148025648941,0.1433278077954634,0.0,11,False,0.14246148025648941,0.1433278077954634,0.0,11,False,False,False,False,TIER1,45.5,26072.01600225292,65229.10159805855,91.0,2.0,test
observing,d6633e99-a266-4b26-994e-3d7c010d9d21,JEANPHIL,2026-09-21 14:56:45.998813+00:00,,,,,,,,,,,,0.7,,,,,,,,,,,,,,,,,,-0.6609295701601339,0.006630633733847313,-0.6609295701601339,5,False,-0.9996703609715041,0.006630633733847313,-0.9996715474067394,14,False,-0.9996735693531557,0.006630633733847313,-0.9996735693531557,29,False,-0.9996735693531557,0.006630633733847313,-0.9996735693531557,29,False,-0.9996735693531557,0.006630633733847313,-0.9996735693531557,29,False,False,True,True,TIER1,26.0,231336.42834829155,6423651.881779224,26.0,0.0,test
observing,45e3c539-20ce-45bb-b914-ab8271c938d3,KFC,2026-09-21 14:58:46.012879+00:00,,,,,,,,,,,,0.25,,,,,,,,,,,,,,,,,,0.07700822951313402,0.07700822951313402,0.0,4,False,0.3868044461359117,0.3868044461359117,0.0,6,False,0.3868044461359117,0.3868044461359117,0.0,6,False,0.3868044461359117,0.3868044461359117,0.0,6,False,0.3868044461359117,0.3868044461359117,0.0,6,False,False,False,False,TIER1,7.0,20027.969686704877,50082.453594590224,7.0,0.0,test
observing,2ed9b41b-304e-4bf8-8dc1-bf0fe6cb94c8,Huawei,2026-09-21 15:03:46.068726+00:00,,,,,,,,,,,,0.37,,,,,,,,,,,,,,,,,,0.010926559062718555,0.010926559062718555,0.0,5,False,0.021303140438658552,0.021303140438658552,0.0,10,False,0.021303140438658552,0.021303140438658552,0.0,10,False,0.021303140438658552,0.021303140438658552,0.0,10,False,0.021303140438658552,0.021303140438658552,0.0,10,False,False,False,False,TIER1,5.0,23641.142128982545,59110.121519701635,5.0,1.0,test
observing,e788b472-0daa-413c-a6c1-84e7c0f3d7f4,Turtle,2026-09-21 15:07:46.554076+00:00,,,,,,,,,,,,0.62,,,,,,,,,,,,,,,,,,-0.00820512874684165,0.11213852010850722,-0.18439341847911317,5,False,-0.8471564943375427,0.11213852010850722,-0.8471564943375427,15,False,-0.8477910031671451,0.11213852010850722,-0.8478858391150398,28,False,-0.8477910031671451,0.11213852010850722,-0.8478858391150398,28,False,-0.8477910031671451,0.11213852010850722,-0.8478858391150398,28,False,False,True,True,TIER1,6.0,20723.236880852623,51542.5847687084,30.0,5.0,test
observing,1447de5e-af44-41af-a652-9272191da8f4,URANUS,2026-09-21 15:08:46.054159+00:00,,,,,,,,,,,,0.68,,,,,,,,,,,,,,,,,,0.008099924764427335,0.008099924764427335,0.0,4,False,0.0301614194843991,0.0301614194843991,0.0,15,False,0.03211643623740801,0.03211643623740801,0.0,16,False,0.03211643623740801,0.03211643623740801,0.0,16,False,0.03211643623740801,0.03211643623740801,0.0,16,False,False,False,False,TIER1,30.5,26195.360014949893,65587.69350968243,61.0,2.0,test
observing,4eb5761a-a8bf-4333-b06e-0b60c24e85c4,STARBUCKS,2026-09-21 15:12:46.083364+00:00,,,,,,,,,,,,0.29,,,,,,,,,,,,,,,,,,0.13402985911202325,0.13402985911202325,0.0,5,False,-0.9921999662555189,0.1719121466216813,-0.9921999662555189,14,False,-0.9921950946957032,0.1719121466216813,-0.9922104826386132,29,False,-0.9921950946957032,0.1719121466216813,-0.9922104826386132,29,False,-0.9921950946957032,0.1719121466216813,-0.9922104826386132,29,False,False,True,True,TIER1,5.0,48646.808878687894,283056.18655215,5.0,0.0,test
observing,8ffcec65-85c5-40c7-a994-cb7a19c6377d,WSOS,2026-09-21 15:14:46.097883+00:00,,,,,,,,,,,,0.4,,,,,,,,,,,,,,,,,,0.09977846148748792,0.09977846148748792,0.0,5,False,0.34819163216602256,0.34819163216602256,0.0,14,False,0.8439435732390943,0.8439435732390943,0.0,29,False,0.8439435732390943,0.8439435732390943,0.0,29,False,0.8439435732390943,0.8439435732390943,0.0,29,False,False,False,False,TIER1,31.0,137377.55594221476,2259493.4073079596,31.0,1.0,test
observing,709c7042-5b46-4740-8ff9-ecd9114704a2,DIVIDEND,2026-09-21 15:15:46.076962+00:00,,,,,,,,,,,,0.19,,,,,,,,,,,,,,,,,,0.032343227832622556,0.032343227832622556,0.0,3,False,0.032343227832622556,0.032343227832622556,0.0,3,False,0.032343227832622556,0.032343227832622556,0.0,3,False,0.032343227832622556,0.032343227832622556,0.0,3,False,0.032343227832622556,0.032343227832622556,0.0,3,False,False,False,False,TIER1,,26054.595544434967,65138.102277229955,0.0,0.0,test
observing,733cca51-2344-400f-9461-34b1510bef27,MSFT,2026-09-21 15:16:46.147089+00:00,,,,,,,,,,,,0.77,,,,,,,,,,,,,,,,,,0.006890016875127802,0.006890016875127802,0.0,5,False,0.015421225726933274,0.015421225726933274,0.0,9,False,0.015421225726933274,0.015421225726933274,0.0,9,False,0.015421225726933274,0.015421225726933274,0.0,9,False,0.015421225726933274,0.015421225726933274,0.0,9,False,False,False,False,TIER1,27.0,23469.456111230047,58720.1739626349,27.0,1.0,test
observing,ced13e70-9098-4e1b-9555-f7d296fc36e9,JEANPHIL,2026-09-21 15:16:46.526287+00:00,,,,,,,,,,,,0.98,,,,,,,,,,,,,,,,,,0.020252146305409724,0.020252146305409724,0.0,5,False,0.022069090616538167,0.022757957677273177,0.0,15,False,0.029600516766835394,0.029600516766835394,0.0,29,False,0.029600516766835394,0.029600516766835394,0.0,29,False,0.029600516766835394,0.029600516766835394,0.0,29,False,False,False,False,TIER1,8.8571,231943.3769204219,6456509.467880309,186.0,21.0,test
observing,4432020d-2d8b-4dcf-857f-21579c497ab7,Jupiter,2026-09-21 15:21:46.052123+00:00,,,,,,,,,,,,0.29,,,,,,,,,,,,,,,,,,0.09106145987981673,0.09106145987981673,0.0,4,False,-0.9963677334626901,0.18801942737395438,-0.9963785821468425,14,False,-0.9963548300381047,0.18801942737395438,-0.9963785821468425,29,False,-0.9963548300381047,0.18801942737395438,-0.9963785821468425,29,False,-0.9963548300381047,0.18801942737395438,-0.9963785821468425,29,False,False,True,True,TIER1,79.0,68517.3761817381,565667.001654115,79.0,0.0,test
observing,d694aa63-c422-46f3-8a14-b9bb4b66a194,LMAO,2026-09-21 15:22:46.054912+00:00,,,,,,,,,,,,0.33,,,,,,,,,,,,,,,,,,0.04713966726222907,0.04713966726222907,0.0,4,False,0.08495208352749684,0.08694102501691159,0.0,9,False,0.08495208352749684,0.08694102501691159,0.0,9,False,0.08495208352749684,0.08694102501691159,0.0,9,False,0.08495208352749684,0.08694102501691159,0.0,9,False,False,False,False,TIER1,70.5,26038.46279726605,65350.15948220916,141.0,2.0,test
observing,97cd9d4f-e65e-4084-8519-4352c3184ad4,EVO,2026-09-21 15:23:46.054987+00:00,,,,,,,,,,,,0.66,,,,,,,,,,,,,,,,,,0.01128205012463468,0.01128205012463468,0.0,4,False,-0.9998451347755271,0.019655238597829472,-0.9998451937759095,15,False,-0.9998441600115948,0.019655238597829472,-0.9998453257182996,29,False,-0.9998441600115948,0.019655238597829472,-0.9998453257182996,29,False,-0.9998441600115948,0.019655238597829472,-0.9998453257182996,29,False,False,True,True,TIER1,18.0,338931.0217758266,13855544.176284324,18.0,0.0,test
observing,807bef95-c52d-45bd-bdf4-52805320e042,Polymarket,2026-09-21 15:28:46.318853+00:00,,,,,,,,,,,,0.84,,,,,,,,,,,,,,,,,,0.013556600834147448,0.013556600834147448,0.0,5,False,0.024270079902110053,0.024270079902110053,0.0,9,False,0.024270079902110053,0.024270079902110053,0.0,9,False,0.024270079902110053,0.024270079902110053,0.0,9,False,0.024270079902110053,0.024270079902110053,0.0,9,False,False,False,False,TIER1,55.0,22333.252534501346,55887.42006319188,55.0,1.0,test
observing,f88be453-690e-4e6a-b5c1-720327b6b6a1,ZZZ,2026-09-21 15:30:46.104444+00:00,,,,,,,,,,,,0.11,,,,,,,,,,,,,,,,,,0.023728852745998674,0.023728852745998674,0.0,5,False,0.03443293751386456,0.03443293751386456,0.0,15,False,0.03632068556779888,0.039372561045518006,0.0,29,False,0.03632068556779888,0.039372561045518006,0.0,29,False,0.03632068556779888,0.039372561045518006,0.0,29,False,False,False,False,TIER1,13.0,220490.53157968764,5865572.508126094,13.0,0.0,test
observing,6b3fc898-3088-4c44-b671-5d563f1f0e7c,Uranus,2026-09-21 15:30:46.394217+00:00,,,,,,,,,,,,0.36,,,,,,,,,,,,,,,,,,0.06909710521294476,0.06909710521294476,0.0,5,False,0.1125881573555989,0.1125881573555989,0.0,14,False,0.1125881573555989,0.1125881573555989,0.0,14,False,0.1125881573555989,0.1125881573555989,0.0,14,False,0.1125881573555989,0.1125881573555989,0.0,14,False,False,False,False,TIER1,41.5,25974.124692326222,65178.85743692294,83.0,2.0,test
observing,c8bd90a1-f084-4036-8940-b5e56972c877,STARBUCKS,2026-09-21 15:31:46.494871+00:00,,,,,,,,,,,,0.87,,,,,,,,,,,,,,,,,,-0.5051196418320927,0.07609838724405371,-0.6746170126050968,5,False,-0.972227968188667,0.07609838724405371,-0.9723142117389064,15,False,-0.9722140042058935,0.07609838724405371,-0.9723142117389064,29,False,-0.9722140042058935,0.07609838724405371,-0.9723142117389064,29,False,-0.9722140042058935,0.07609838724405371,-0.9723142117389064,29,False,False,True,True,TIER1,5.0,48766.51203910887,287296.9432689139,195.0,39.0,test
observing,95fa3bad-c5d7-4043-9ae9-88c5e56c9992,TDOF,2026-09-21 15:32:46.053731+00:00,,,,,,,,,,,,0.28,,,,,,,,,,,,,,,,,,0.01717647207457018,0.01717647207457018,0.0,4,False,0.053362113911272324,0.053362113911272324,0.0,14,False,0.10534550477799343,0.10534550477799343,0.0,29,False,0.10534550477799343,0.10534550477799343,0.0,29,False,0.10534550477799343,0.10534550477799343,0.0,29,False,False,False,False,TIER1,19.0,708816.2724610372,60667986.948578805,19.0,0.0,test
observing,df337f50-d5ce-4263-862f-ceb0012355bf,Robinhood,2026-09-21 15:36:46.082570+00:00,,,,,,,,,,,,0.87,,,,,,,,,,,,,,,,,,0.06635042908802302,0.06635042908802302,0.0,4,False,0.4410306268068971,0.4410306268068971,0.0,14,False,0.9488731924166336,0.9488731924166336,0.0,29,False,0.9488731924166336,0.9488731924166336,0.0,29,False,0.9488731924166336,0.9488731924166336,0.0,29,False,False,False,False,TIER1,9.5455,68758.43349004872,570190.7380339567,210.0,22.0,test
observing,a06700d5-2cba-4407-84bb-301b759b249b,Coca-Cola,2026-09-21 15:37:46.067864+00:00,,,,,,,,,,,,0.54,,,,,,,,,,,,,,,,,,0.07317758720799805,0.07317758720799805,0.0,4,False,0.3546384022074671,0.3546384022074671,0.0,15,False,0.8153696247147173,0.8153696247147173,0.0,29,False,0.8153696247147173,0.8153696247147173,0.0,29,False,0.8153696247147173,0.8153696247147173,0.0,29,False,False,False,False,TIER1,15.0,54639.60612844379,360260.4184498669,15.0,0.0,test
observing,dbb4685d-6f69-4bf9-9d42-0c5c7b16766c,EVO,2026-09-21 15:39:46.088685+00:00,,,,,,,,,,,,0.39,,,,,,,,,,,,,,,,,,0.015732489315822162,0.015732489315822162,0.0,5,False,-0.9998315237889607,0.024175000065602914,-0.9998315237889607,14,False,-0.9998321430720803,0.024175000065602914,-0.9998321430720803,29,False,-0.9998321430720803,0.024175000065602914,-0.9998321430720803,29,False,-0.9998321430720803,0.024175000065602914,-0.9998321430720803,29,False,False,True,True,TIER1,17.0,337906.344866043,13770693.711546298,17.0,0.0,test
observing,f0979dc4-3e04-4348-ba50-ea8ef916a9d7,Kraken,2026-09-21 15:40:46.117294+00:00,,,,,,,,,,,,0.64,,,,,,,,,,,,,,,,,,0.013283787929375901,0.013283787929375901,0.0,5,False,0.025486806400291773,0.025486806400291773,0.0,10,False,0.025486806400291773,0.025486806400291773,0.0,10,False,0.025486806400291773,0.025486806400291773,0.0,10,False,0.025486806400291773,0.025486806400291773,0.0,10,False,False,False,False,TIER1,9.5,23867.93813729826,59700.04077405789,19.0,2.0,test
observing,3a323641-f64b-439a-bf36-753e7cec95ff,SOLANUS,2026-09-21 15:42:46.096424+00:00,,,,,,,,,,,,1.0,,,,,,,,,,,,,,,,,,0.0885261241191988,0.2500104647760426,-0.15691926375874254,5,False,0.09892070871504988,0.26753307831763173,-0.2088302152950977,15,False,0.3655170485306358,0.7550858418346946,-0.2088302152950977,29,False,0.3655170485306358,0.7550858418346946,-0.2088302152950977,29,False,0.3655170485306358,0.7550858418346946,-0.2088302152950977,29,False,False,False,False,TIER1,13.0,39388.72176429599,187641.98516897336,13.0,0.0,test
observing,0fbd5d3f-1e5a-48df-96de-5b83b65b7bc5,GURU,2026-09-21 15:43:45.974822+00:00,,,,,,,,,,,,0.11,,,,,,,,,,,,,,,,,,0.07105076332446947,0.07105076332446947,0.0,4,False,0.11058109427960261,0.11058109427960261,0.0,14,False,0.11429505119013061,0.11429505119013061,0.0,16,False,0.11429505119013061,0.11429505119013061,0.0,16,False,0.11429505119013061,0.11429505119013061,0.0,16,False,False,False,False,TIER1,,25874.72241054215,64688.408303955475,0.0,0.0,test
observing,b5be2ad2-d313-46a4-903e-fc77ed5abe38,Grok,2026-09-21 15:46:46.706828+00:00,,,,,,,,,,,,0.84,,,,,,,,,,,,,,,,,,0.14376727338470174,0.14376727338470174,0.0,5,False,0.5069219532335831,0.5069219532335831,0.0,15,False,1.1562486625246162,1.1562486625246162,0.0,29,False,1.1562486625246162,1.1562486625246162,0.0,29,False,1.1562486625246162,1.1562486625246162,0.0,29,False,False,False,False,TIER1,16.0,56059.45601470815,378421.9729441194,16.0,0.0,test
observing,fe071a3a-71ef-43a4-a1bf-64584f88faec,NITRO,2026-09-21 15:51:46.208021+00:00,,,,,,,,,,,,0.42,,,,,,,,,,,,,,,,,,-0.8446183335988767,0.1210433640996067,-0.8587989851650403,4,False,-0.8446183335988767,0.1210433640996067,-0.8587989851650403,4,False,-0.8446183335988767,0.1210433640996067,-0.8587989851650403,4,False,-0.8446183335988767,0.1210433640996067,-0.8587989851650403,4,False,-0.8446183335988767,0.1210433640996067,-0.8587989851650403,4,False,False,True,True,TIER1,8.0,21402.727346297164,54978.883579031804,16.0,2.0,test
observing,153e0ed3-b524-4250-a488-aa5e0c19977a,PENIS,2026-09-21 15:53:46.118304+00:00,,,,,,,,,,,,0.49,,,,,,,,,,,,,,,,,,0.3978545216604401,0.3978545216604401,0.0,4,False,0.3978545216604401,0.3978545216604401,0.0,4,False,0.3978545216604401,0.3978545216604401,0.0,4,False,0.3978545216604401,0.3978545216604401,0.0,4,False,0.3978545216604401,0.3978545216604401,0.0,4,False,False,False,False,TIER1,6.0,22972.981731368058,57440.07269534844,6.0,1.0,test
observing,5ceb3dbf-02a8-4e1d-bf39-6f3f3e1b1a74,TikTok US,2026-09-21 15:55:46.117077+00:00,,,,,,,,,,,,0.28,,,,,,,,,,,,,,,,,,0.05441130211913814,0.05441130211913814,0.0,4,False,0.8170669614108306,0.8170669614108306,0.0,14,False,3.0258389669636507,3.0258389669636507,0.0,29,False,3.0258389669636507,3.0258389669636507,0.0,29,False,3.0258389669636507,3.0258389669636507,0.0,29,False,False,False,False,TIER1,5.0,59268.25387322302,421305.28101666074,5.0,0.0,test
observing,fbf77366-6541-49dc-9b42-b51916955836,RHEA,2026-09-21 15:56:46.103674+00:00,,,,,,,,,,,,0.84,,,,,,,,,,,,,,,,,,0.018261447829311495,0.018261447829311495,0.0,4,False,0.028711650310909498,0.028711650310909498,0.0,14,False,0.03761887192688018,0.03827449926885618,0.0,29,False,0.03761887192688018,0.03827449926885618,0.0,29,False,0.03761887192688018,0.03827449926885618,0.0,29,False,False,False,False,TIER1,11.0,227294.5038182492,6191026.090916818,55.0,5.0,test
observing,522657e2-cd1c-45cb-b04a-0611898ad13e,FOMO,2026-09-21 15:56:46.340993+00:00,,,,,,,,,,,,1.07,,,,,,,,,,,,,,,,,,0.1979885239088921,0.1979885239088921,0.0,5,False,0.4266310615192692,0.4266310615192692,0.0,15,False,-0.995902075850502,0.6397842405841725,-0.995902075850502,28,False,-0.995902075850502,0.6397842405841725,-0.995902075850502,28,False,-0.995902075850502,0.6397842405841725,-0.995902075850502,28,False,False,True,True,TIER1,4.4091,64288.67558011281,495427.22370919393,388.0,88.0,test
observing,2c122767-3d2f-4acf-98f9-0c8b771dacc0,EVO,2026-09-21 15:57:45.971203+00:00,,,,,,,,,,,,0.32,,,,,,,,,,,,,,,,,,0.012885085812604169,0.012885085812604169,0.0,4,False,0.022202448758602555,0.022202448758602555,0.0,14,False,0.020051970179503664,0.02432525666896157,0.0,29,False,0.020051970179503664,0.02432525666896157,0.0,29,False,0.020051970179503664,0.02432525666896157,0.0,29,False,False,False,False,TIER1,11.0,293774.4465376241,10362151.13411026,11.0,0.0,test
observing,8f663b97-7243-4683-8247-039fcf9ca964,Spider-Man,2026-09-21 15:59:46.060041+00:00,,,,,,,,,,,,0.4,,,,,,,,,,,,,,,,,,0.14173441386805696,0.14173441386805696,0.0,4,False,-0.5181558888904865,0.28463689187923014,-0.6429950504777948,14,False,-0.7240207098062202,0.28463689187923014,-0.7457003381351567,29,False,-0.7240207098062202,0.28463689187923014,-0.7457003381351567,29,False,-0.7240207098062202,0.28463689187923014,-0.7457003381351567,29,False,False,False,False,TIER1,8.0,69681.29434261189,583698.7417220497,8.0,0.0,test
observing,f16b288f-246a-4b94-8dc3-eb9cbce68fca,ChatGPT,2026-09-21 16:00:46.157235+00:00,,,,,,,,,,,,0.43,,,,,,,,,,,,,,,,,,0.09543476248060401,0.09543476248060401,0.0,5,False,0.13857046394539418,0.13857046394539418,-0.14416700267256044,14,False,0.24438053516038405,0.24438053516038405,-0.14416700267256044,29,False,0.24438053516038405,0.24438053516038405,-0.14416700267256044,29,False,0.24438053516038405,0.24438053516038405,-0.14416700267256044,29,False,False,False,False,TIER1,17.75,57848.2098899822,402702.81375063653,71.0,4.0,test
observing,85a6aab0-8aa5-4ddf-9e69-04959e96ebfb,META,2026-09-21 16:04:46.144725+00:00,,,,,,,,,,,,0.91,,,,,,,,,,,,,,,,,,0.48569737173417526,0.48569737173417526,0.0,4,False,0.7834454908209327,0.7834454908209327,0.0,5,False,0.7834454908209327,0.7834454908209327,0.0,5,False,0.7834454908209327,0.7834454908209327,0.0,5,False,0.7834454908209327,0.7834454908209327,0.0,5,False,False,False,False,TIER1,2.5,24573.408974869373,61471.931104778705,10.0,4.0,test
observing,a0a2109c-8fae-4bff-8e2e-032ca25eab91,Mercedes,2026-09-21 16:05:46.451318+00:00,,,,,,,,,,,,0.73,,,,,,,,,,,,,,,,,,0.11527730668973057,0.11527730668973057,0.0,5,False,-0.9359519436110841,0.458283231479353,-0.9359519436110841,15,False,-0.9927516350179862,0.458283231479353,-0.9927588220706531,29,False,-0.9927516350179862,0.458283231479353,-0.9927588220706531,29,False,-0.9927516350179862,0.458283231479353,-0.9927588220706531,29,False,False,True,True,TIER1,152.0,48819.753116105385,287364.68398875213,152.0,0.0,test
observing,37847d43-b991-4232-b616-d57aaaa96abb,SOUND,2026-09-21 16:05:46.751081+00:00,,,,,,,,,,,,0.82,,,,,,,,,,,,,,,,,,0.1027028067550333,0.1027028067550333,0.0,5,False,0.4263424747891593,0.4263424747891593,0.0,15,False,-0.99434048914888,0.8606969254008587,-0.99434048914888,29,False,-0.99434048914888,0.8606969254008587,-0.99434048914888,29,False,-0.99434048914888,0.8606969254008587,-0.99434048914888,29,False,False,True,True,TIER1,3.119,54901.83759459365,363390.1024626889,131.0,42.0,test
observing,6106b4ef-92a8-4534-8654-48b358e0a16b,YY语音,2026-09-21 16:12:46.451418+00:00,,,,,,,,,,,,0.79,,,,,,,,,,,,,,,,,,0.06024794177736048,0.06024794177736048,0.0,5,False,0.1117126753554949,0.11942986521470256,0.0,14,False,0.1117126753554949,0.11942986521470256,0.0,14,False,0.1117126753554949,0.11942986521470256,0.0,14,False,0.1117126753554949,0.11942986521470256,0.0,14,False,False,False,False,TIER1,90.0,26163.409893980453,66003.30802443861,180.0,2.0,test
observing,30caa5aa-b55e-45c4-8760-2209a24b462f,SpaceX,2026-09-21 16:15:46.455900+00:00,,,,,,,,,,,,0.83,,,,,,,,,,,,,,,,,,0.22019639583351913,0.22019639583351913,0.0,5,False,0.9921101199633418,0.9921101199633418,0.0,8,False,0.9921101199633418,0.9921101199633418,0.0,8,False,0.9921101199633418,0.9921101199633418,0.0,8,False,0.9921101199633418,0.9921101199633418,0.0,8,False,False,False,False,TIER1,44.0,24171.998694472313,60480.85359416341,44.0,1.0,test
observing,4c987672-7c4b-4e8e-abdd-09005c965f3b,ZECPUNKS,2026-09-21 16:16:46.357142+00:00,,,,,,,,,,,,0.61,,,,,,,,,,,,,,,,,,0.39246401971850586,0.39246401971850586,0.0,5,False,1.1679037403681822,1.1679037403681822,0.0,8,False,1.1679037403681822,1.1679037403681822,0.0,8,False,1.1679037403681822,1.1679037403681822,0.0,8,False,1.1679037403681822,1.1679037403681822,0.0,8,False,False,False,False,TIER1,40.0,24919.551391259192,62641.15972077759,240.0,6.0,test
observing,f2a72f83-6dcf-486e-8af0-a05e3dd8e731,Bybit,2026-09-21 16:28:45.988397+00:00,,,,,,,,,,,,0.4,,,,,,,,,,,,,,,,,,0.314980005739377,0.314980005739377,0.0,4,False,0.6416939408506368,0.6416939408506368,0.0,5,False,0.6416939408506368,0.6416939408506368,0.0,5,False,0.6416939408506368,0.6416939408506368,0.0,5,False,0.6416939408506368,0.6416939408506368,0.0,5,False,False,False,False,TIER1,5.0,24131.220970943883,60335.394844912196,5.0,1.0,test
observing,b633c729-8081-43c7-8e90-c53893134dd8,cat,2026-09-21 16:34:46.167197+00:00,,,,,,,,,,,,0.21,,,,,,,,,,,,,,,,,,-0.919038746576175,0.0,-0.9190407363343214,5,False,-0.9378603268424106,0.0,-0.9378603268424106,15,False,-0.9385596952473789,0.0,-0.9385596952473789,24,False,-0.9385596952473789,0.0,-0.9385596952473789,24,False,-0.9385596952473789,0.0,-0.9385596952473789,24,False,False,True,True,TIER1,2.5926,24965.31758503744,75408.1336426989,70.0,27.0,test
observing,ea3c828b-5325-4947-bc5c-d08bc924d8e8,ROAR,2026-09-21 16:34:46.458240+00:00,,,,,,,,,,,,0.38,,,,,,,,,,,,,,,,,,0.06277852389997207,0.06277852389997207,0.0,5,False,0.09949939872846647,0.09949939872846647,0.0,13,False,0.09949939872846647,0.09949939872846647,0.0,13,False,0.09949939872846647,0.09949939872846647,0.0,13,False,0.09949939872846647,0.09949939872846647,0.0,13,False,False,False,False,TIER1,27.3333,25889.541585829564,64881.73962148291,82.0,3.0,test
observing,dc26bb8f-69f3-4ee4-8da1-c21dd4f0bfaa,Glorp,2026-09-21 16:38:46.191014+00:00,,,,,,,,,,,,0.15,,,,,,,,,,,,,,,,,,0.09943742974532532,0.09943742974532532,0.0,4,False,0.7348259059981055,0.7348259059981055,0.0,15,False,1.077834660408215,1.077834660408215,0.0,29,False,1.077834660408215,1.077834660408215,0.0,29,False,1.077834660408215,1.077834660408215,0.0,29,False,False,False,False,TIER1,7.0,43198.937617478245,226674.07013252183,7.0,0.0,test
observing,604b664a-baf8-4aba-8028-fb50d4900226,TRUMP,2026-09-21 16:38:46.633817+00:00,,,,,,,,,,,,0.58,,,,,,,,,,,,,,,,,,0.022488444882295955,0.022488444882295955,0.0,5,False,0.0330071564943093,0.033073701008722756,0.0,11,False,0.0330071564943093,0.033073701008722756,0.0,11,False,0.0330071564943093,0.033073701008722756,0.0,11,False,0.0330071564943093,0.033073701008722756,0.0,11,False,False,False,False,TIER1,126.5,26165.22540811819,66531.88030179113,253.0,2.0,test
observing,1d23c089-daec-447c-9ffa-7ad04879f618,FAMILY,2026-09-21 16:39:46.154727+00:00,,,,,,,,,,,,0.35,,,,,,,,,,,,,,,,,,0.12902817087229446,0.12902817087229446,0.0,5,False,0.13706730952568114,0.27780247610537945,-0.02995431932053716,14,False,0.43025603940149826,0.43025603940149826,-0.02995431932053716,29,False,0.43025603940149826,0.43025603940149826,-0.02995431932053716,29,False,0.43025603940149826,0.43025603940149826,-0.02995431932053716,29,False,False,False,False,TIER1,80.0,48064.115542754604,280773.28955850896,80.0,0.0,test
observing,f55cce7c-a502-4e16-aaeb-3eb5b17d7d44,AAPL,2026-09-21 16:41:46.183099+00:00,,,,,,,,,,,,0.98,,,,,,,,,,,,,,,,,,0.8009545686987394,0.8009545686987394,0.0,5,False,0.8009545686987394,0.8009545686987394,0.0,5,False,0.8009545686987394,0.8009545686987394,0.0,5,False,0.8009545686987394,0.8009545686987394,0.0,5,False,0.8009545686987394,0.8009545686987394,0.0,5,False,False,False,False,TIER1,72.0,22298.422996935347,55805.2317542934,72.0,1.0,test
observing,fa009e9f-25a4-41f9-8fa4-53da758119d1,GTA 6,2026-09-21 16:42:46.041724+00:00,,,,,,,,,,,,0.45,,,,,,,,,,,,,,,,,,0.07996926136135718,0.07996926136135718,0.0,4,False,0.7131947537424645,0.7131947537424645,0.0,14,False,2.1551486768557218,2.1551486768557218,0.0,29,False,2.1551486768557218,2.1551486768557218,0.0,29,False,2.1551486768557218,2.1551486768557218,0.0,29,False,False,False,False,TIER1,13.0,58849.018915186316,419114.8876165845,13.0,0.0,test
observing,917cadb5-7c5a-4fef-b91d-f7f167788d61,FOMO,2026-09-21 16:42:46.384106+00:00,,,,,,,,,,,,0.46,,,,,,,,,,,,,,,,,,0.2147671901358259,0.2147671901358259,0.0,5,False,0.5055336761317994,0.5055336761317994,0.0,15,False,0.7578762310143465,0.7583247448401191,0.0,29,False,0.7578762310143465,0.7583247448401191,0.0,29,False,0.7578762310143465,0.7583247448401191,0.0,29,False,False,False,False,TIER1,58.0,61579.598256831276,458889.7945697904,116.0,2.0,test
observing,b26561e6-4f15-4eee-b86f-7a9cf32d7dee,SUPERTRUMP,2026-09-21 16:43:46.224118+00:00,,,,,,,,,,,,0.73,,,,,,,,,,,,,,,,,,0.1772993151727309,0.23026682519653718,-0.18350172979268997,5,False,0.5153990709454981,0.6824499926521894,-0.18350172979268997,14,False,1.7087230989368756,1.7087230989368756,-0.18350172979268997,29,False,1.7087230989368756,1.7087230989368756,-0.18350172979268997,29,False,1.7087230989368756,1.7087230989368756,-0.18350172979268997,29,False,False,False,False,TIER1,7.8125,36501.0301062495,161000.90122521765,125.0,16.0,test
observing,fb1ceeee-290b-406a-a287-3f2600cfb6dc,WOTF,2026-09-21 16:44:46.082738+00:00,,,,,,,,,,,,0.9,,,,,,,,,,,,,,,,,,0.025668364505032848,0.025668364505032848,0.0,5,False,0.04369244520239168,0.04369244520239168,0.0,14,False,0.07067737295394072,0.07067737295394072,0.0,29,False,0.07067737295394072,0.07067737295394072,0.0,29,False,0.07067737295394072,0.07067737295394072,0.0,29,False,False,False,False,TIER1,55.0,1184598.8560164869,169504017.52491844,55.0,1.0,test
observing,89fcdd41-70f2-4901-b54c-987a21910b37,SCAT,2026-09-21 16:51:46.171117+00:00,,,,,,,,,,,,0.51,,,,,,,,,,,,,,,,,,-0.21209121607860504,0.07720699883476434,-0.21209121607860504,4,False,0.4454414793755388,0.45588629994180074,-0.21209121607860504,14,False,-0.23481086320382738,0.45588629994180074,-0.23481086320382738,24,False,-0.23481086320382738,0.45588629994180074,-0.23481086320382738,24,False,-0.23481086320382738,0.45588629994180074,-0.23481086320382738,24,False,False,False,False,TIER1,92.0,39915.489092290154,192465.78023499902,92.0,1.0,test
observing,923a0760-445a-473e-83ef-ee85b4411562,EXPERT,2026-09-21 16:51:46.397417+00:00,,,,,,,,,,,,0.52,,,,,,,,,,,,,,,,,,0.31773400157842757,0.31773400157842757,0.0,5,False,0.8516451145338435,0.8516451145338435,0.0,8,False,0.8516451145338435,0.8516451145338435,0.0,8,False,0.8516451145338435,0.8516451145338435,0.0,8,False,0.8516451145338435,0.8516451145338435,0.0,8,False,False,False,False,TIER1,23.2,20103.250865802045,50524.176918363744,232.0,10.0,test
observing,412124ac-4ea7-48e2-8a9e-791c4f17d7ee,PORNHUB,2026-09-21 16:52:46.072865+00:00,,,,,,,,,,,,0.88,,,,,,,,,,,,,,,,,,0.15075032170336788,0.15075032170336788,0.0,2,False,0.15075032170336788,0.15075032170336788,0.0,2,False,0.15075032170336788,0.15075032170336788,0.0,2,False,0.15075032170336788,0.15075032170336788,0.0,2,False,0.15075032170336788,0.15075032170336788,0.0,2,False,False,False,False,TIER1,35.0,24439.89857615959,61160.22775323106,70.0,2.0,test
observing,486592d4-c497-4623-95b9-a2df643e55ea,SI,2026-09-21 16:53:46.105112+00:00,,,,,,,,,,,,0.09,,,,,,,,,,,,,,,,,,0.05773657074007832,0.05773657074007832,0.0,4,False,0.1094073833359277,0.11373002594076409,0.0,14,False,0.11329754270514769,0.113829093818,0.0,17,False,0.11329754270514769,0.113829093818,0.0,17,False,0.11329754270514769,0.113829093818,0.0,17,False,False,False,False,TIER1,,25898.945886128124,64748.96849294549,0.0,0.0,test
observing,83832e61-0a52-4083-91b1-2f40e011ef53,Instagram,2026-09-21 16:57:46.258250+00:00,,,,,,,,,,,,0.32,,,,,,,,,,,,,,,,,,0.07768988375097363,0.07768988375097363,-0.02352981253060793,4,False,0.3519373375916748,0.3519373375916748,-0.02352981253060793,15,False,0.5312748969527279,0.5312748969527279,-0.02352981253060793,18,False,0.5312748969527279,0.5312748969527279,-0.02352981253060793,18,False,0.5312748969527279,0.5312748969527279,-0.02352981253060793,18,False,False,False,False,TIER1,12.0,54391.52094191652,356799.67348227307,12.0,0.0,test
observing,2be493e5-b83c-4c2b-b424-e72498c21c09,Minecraft,2026-09-21 16:57:46.495063+00:00,,,,,,,,,,,,0.32,,,,,,,,,,,,,,,,,,-0.0017205308675898312,0.0,-0.0017205308675898312,2,False,-0.0017205308675898312,0.0,-0.0017205308675898312,2,False,-0.0017205308675898312,0.0,-0.0017205308675898312,2,False,-0.0017205308675898312,0.0,-0.0017205308675898312,2,False,-0.0017205308675898312,0.0,-0.0017205308675898312,2,False,False,False,False,TIER1,7.0,22787.11226438131,56981.859418466825,7.0,1.0,test
observing,77b419ab-3d8c-45fc-a67c-42ee3ee013c8,OpenClaw,2026-09-21 17:02:46.308727+00:00,,,,,,,,,,,,0.67,,,,,,,,,,,,,,,,,,0.18330431168403227,0.18330431168403227,0.0,4,False,1.0504792408714354,1.0504792408714354,0.0,7,False,1.0504792408714354,1.0504792408714354,0.0,7,False,1.0504792408714354,1.0504792408714354,0.0,7,False,1.0504792408714354,1.0504792408714354,0.0,7,False,False,False,False,TIER1,33.0,23961.220239705304,59946.55764214928,33.0,1.0,test
observing,3639a6e0-655d-45cd-8dc2-cf48d9dbac9a,Goku,2026-09-21 17:04:46.211998+00:00,,,,,,,,,,,,0.8,,,,,,,,,,,,,,,,,,0.01893698040745595,0.01893698040745595,0.0,5,False,0.03177116127215518,0.03177116127215518,0.0,11,False,0.03177116127215518,0.03177116127215518,0.0,11,False,0.03177116127215518,0.03177116127215518,0.0,11,False,0.03177116127215518,0.03177116127215518,0.0,11,False,False,False,False,TIER1,58.0,25981.478428687227,65366.97442208468,116.0,2.0,test
observing,3aebc9a3-9de6-4af8-aad7-b00a08c5e274,Walmart,2026-09-21 17:06:46.198551+00:00,,,,,,,,,,,,0.25,,,,,,,,,,,,,,,,,,0.08506518293134424,0.08506518293134424,0.0,4,False,0.1487768476096929,0.1487768476096929,0.0,9,False,0.1487768476096929,0.1487768476096929,0.0,9,False,0.1487768476096929,0.1487768476096929,0.0,9,False,0.1487768476096929,0.1487768476096929,0.0,9,False,False,False,False,TIER1,13.0,54388.462892804906,357227.0416251056,13.0,0.0,test
observing,83ea834a-c826-4520-b2f1-ee92332ab53e,Garry,2026-09-21 17:07:47.222860+00:00,,,,,,,,,,,,0.14,,,,,,,,,,,,,,,,,,-0.27010378357237574,0.21364394298502787,-0.3275095962333696,5,False,-0.9586305454481718,0.21364394298502787,-0.9586305454481718,8,False,-0.9586305454481718,0.21364394298502787,-0.9586305454481718,8,False,-0.9586305454481718,0.21364394298502787,-0.9586305454481718,8,False,-0.9586305454481718,0.21364394298502787,-0.9586305454481718,8,False,False,True,True,TIER1,3.5652,22896.75581016949,63307.51844414359,82.0,23.0,test
observing,8ac61a05-2882-4eea-a2ab-de45a0b8b5eb,HAM,2026-09-21 17:11:46.206301+00:00,,,,,,,,,,,,0.13,,,,,,,,,,,,,,,,,,0.13168902270134186,0.13168902270134186,0.0,4,False,0.13168902270134186,0.13168902270134186,0.0,4,False,0.13168902270134186,0.13168902270134186,0.0,4,False,0.13168902270134186,0.13168902270134186,0.0,4,False,0.13168902270134186,0.13168902270134186,0.0,4,False,False,False,False,TIER1,5.2,20980.86757706595,53108.11803966953,26.0,5.0,test
observing,e5ba2b32-d98c-4023-914c-e72fcb9960b9,FOMO LISA,2026-09-21 17:11:46.519667+00:00,,,,,,,,,,,,0.98,,,,,,,,,,,,,,,,,,0.11236685266100843,0.11236685266100843,0.0,4,False,0.11236685266100843,0.11236685266100843,0.0,4,False,0.11236685266100843,0.11236685266100843,0.0,4,False,0.11236685266100843,0.11236685266100843,0.0,4,False,0.11236685266100843,0.11236685266100843,0.0,4,False,False,False,False,TIER1,18.0,56125.604461125455,379630.251766625,18.0,0.0,test
observing,fd7f5bfe-7c1c-4ae9-be3b-c30b5c6e8856,AMD,2026-09-21 17:14:46.241781+00:00,,,,,,,,,,,,0.8,,,,,,,,,,,,,,,,,,0.0,0.0,0.0,1,False,0.0,0.0,0.0,1,False,0.0,0.0,0.0,1,False,0.0,0.0,0.0,1,False,0.0,0.0,0.0,1,False,False,False,False,TIER1,54.0,24205.23235445074,60566.75007685969,54.0,1.0,test
